step,time,l2_error,loss,arm,system,seed,lr,damping,momentum,norm_constraint,num_seconds,equation
0,6.5956456661224365,1.6318502220901931,2.842923544649264,engdw,heat4,1,,,,,3000,heat
1,13.232050895690918,1.6041807335986111,2.3590225380865966,engdw,heat4,1,,,,,3000,heat
2,19.53247880935669,1.5603130076406717,2.1159825985149086,engdw,heat4,1,,,,,3000,heat
3,25.84574818611145,1.4343751726231135,2.015778848527917,engdw,heat4,1,,,,,3000,heat
4,32.16239833831787,1.304218187058581,1.7032492749748998,engdw,heat4,1,,,,,3000,heat
5,38.47802495956421,1.1782842336538548,1.3662833341191012,engdw,heat4,1,,,,,3000,heat
6,44.79250645637512,1.0616217132416192,1.0981083500937066,engdw,heat4,1,,,,,3000,heat
7,51.10777568817139,0.957555031256079,0.898892410949263,engdw,heat4,1,,,,,3000,heat
8,57.42296004295349,0.8635115629596399,0.7311562264495779,engdw,heat4,1,,,,,3000,heat
9,63.74047923088074,0.7781132480615911,0.6284111558895236,engdw,heat4,1,,,,,3000,heat
10,70.05519390106201,0.7008801385441918,0.4894101002684406,engdw,heat4,1,,,,,3000,heat
11,76.36882948875427,0.6315524086293494,0.4022986646984813,engdw,heat4,1,,,,,3000,heat
12,82.68576574325562,0.5690026659980414,0.3320583050344282,engdw,heat4,1,,,,,3000,heat
13,89.00309538841248,0.5124910995265753,0.2703715655407695,engdw,heat4,1,,,,,3000,heat
14,95.32072257995605,0.4615883160709137,0.21692016108776221,engdw,heat4,1,,,,,3000,heat
15,101.6361870765686,0.41584005710516325,0.17381581829124754,engdw,heat4,1,,,,,3000,heat
16,107.95554065704346,0.37457652640007266,0.14320579170156192,engdw,heat4,1,,,,,3000,heat
17,114.26819252967834,0.3374055798272181,0.11938464768289538,engdw,heat4,1,,,,,3000,heat
18,120.6070396900177,0.3040292296792826,0.09365171525596386,engdw,heat4,1,,,,,3000,heat
19,126.97601389884949,0.2740064705444359,0.07407234962062428,engdw,heat4,1,,,,,3000,heat
20,133.34829711914062,0.24687211502079962,0.058679783804494255,engdw,heat4,1,,,,,3000,heat
21,139.71665287017822,0.2224379730358166,0.047869315739949965,engdw,heat4,1,,,,,3000,heat
22,146.0862431526184,0.20048079830095167,0.04015106166030839,engdw,heat4,1,,,,,3000,heat
23,152.45429110527039,0.1805742142501926,0.03217541481236823,engdw,heat4,1,,,,,3000,heat
24,158.8255648612976,0.16272670077028573,0.02744810544277054,engdw,heat4,1,,,,,3000,heat
25,165.19309186935425,0.14665511179913468,0.02228009414620202,engdw,heat4,1,,,,,3000,heat
26,171.5641016960144,0.1321115157761316,0.017297190992738264,engdw,heat4,1,,,,,3000,heat
27,177.93564462661743,0.1190662599016885,0.014424639138429668,engdw,heat4,1,,,,,3000,heat
28,184.3029556274414,0.10726279287540973,0.011814367730688228,engdw,heat4,1,,,,,3000,heat
29,190.67134547233582,0.09661737772968701,0.00953215666167584,engdw,heat4,1,,,,,3000,heat
30,197.0386564731598,0.08708472874154816,0.007859731205131283,engdw,heat4,1,,,,,3000,heat
31,203.4115674495697,0.07849586887973047,0.006132882658775948,engdw,heat4,1,,,,,3000,heat
32,209.7801742553711,0.07075344445267709,0.005220556200109051,engdw,heat4,1,,,,,3000,heat
33,216.14783477783203,0.06376967795773117,0.0041187019269678105,engdw,heat4,1,,,,,3000,heat
34,222.51736211776733,0.05746159013108164,0.0032670469975420403,engdw,heat4,1,,,,,3000,heat
35,228.88454389572144,0.051764657359671326,0.0026969428450988875,engdw,heat4,1,,,,,3000,heat
36,235.25256848335266,0.04664562847230336,0.0022096884389873114,engdw,heat4,1,,,,,3000,heat
37,241.62141919136047,0.04204377316343811,0.0017699480576728595,engdw,heat4,1,,,,,3000,heat
38,247.99233222007751,0.037856541040766634,0.0014579613173992681,engdw,heat4,1,,,,,3000,heat
39,254.3594377040863,0.034112497588201375,0.0011925212844383077,engdw,heat4,1,,,,,3000,heat
40,260.72885513305664,0.030748338319808374,0.000932119278657945,engdw,heat4,1,,,,,3000,heat
42,273.448650598526,0.024977079349514843,0.0006337573347786744,engdw,heat4,1,,,,,3000,heat
46,298.8679349422455,0.01645750842004454,0.00027240493387204286,engdw,heat4,1,,,,,3000,heat
50,324.2865810394287,0.010830673837063287,0.00011653424246950872,engdw,heat4,1,,,,,3000,heat
55,356.0594825744629,0.006421614003815689,4.248435575412493e-05,engdw,heat4,1,,,,,3000,heat
61,394.16741394996643,0.003447717412352794,1.1841173063465167e-05,engdw,heat4,1,,,,,3000,heat
67,432.278137922287,0.0018538037155465463,3.5698044342251387e-06,engdw,heat4,1,,,,,3000,heat
73,470.39321541786194,0.0009907402633296829,1.0576683585277352e-06,engdw,heat4,1,,,,,3000,heat
81,521.2082288265228,0.0004428685004822785,2.035235123904196e-07,engdw,heat4,1,,,,,3000,heat
89,572.0157253742218,0.00019930216113518936,4.640152431343973e-08,engdw,heat4,1,,,,,3000,heat
98,629.1731810569763,9.429887161542348e-05,1.3099507119603234e-08,engdw,heat4,1,,,,,3000,heat
107,686.3299691677094,5.629121550469994e-05,6.579164538895815e-09,engdw,heat4,1,,,,,3000,heat
118,756.1936049461365,3.773954048174254e-05,3.76492950984091e-09,engdw,heat4,1,,,,,3000,heat
130,832.4054143428802,3.283478404643782e-05,3.620149903245109e-09,engdw,heat4,1,,,,,3000,heat
143,914.964996099472,3.0310663187810653e-05,2.2922289480001678e-09,engdw,heat4,1,,,,,3000,heat
157,1003.8681571483612,2.8180444927156514e-05,2.032018538433341e-09,engdw,heat4,1,,,,,3000,heat
172,1099.1192889213562,2.551348803117947e-05,1.688548446030561e-09,engdw,heat4,1,,,,,3000,heat
190,1213.4205794334412,2.4198259194522207e-05,1.5305091885129884e-09,engdw,heat4,1,,,,,3000,heat
208,1327.7184789180756,2.2488189921784248e-05,1.3099851790641245e-09,engdw,heat4,1,,,,,3000,heat
229,1461.0523800849915,2.118707111346213e-05,1.7520282310517754e-09,engdw,heat4,1,,,,,3000,heat
252,1607.0921590328217,2.063503160755698e-05,1.1443985063297523e-09,engdw,heat4,1,,,,,3000,heat
277,1765.8230872154236,1.919469142283447e-05,1.0264544540858368e-09,engdw,heat4,1,,,,,3000,heat
305,1943.6036026477814,1.7314658382716737e-05,8.109744071938455e-10,engdw,heat4,1,,,,,3000,heat
335,2134.0673563480377,1.7006739610395063e-05,7.203912676179868e-10,engdw,heat4,1,,,,,3000,heat
369,2349.9402062892914,1.585668934979824e-05,6.957556195218106e-10,engdw,heat4,1,,,,,3000,heat
406,2584.862062931061,1.5150506536416507e-05,6.681750731430434e-10,engdw,heat4,1,,,,,3000,heat
446,2838.821125268936,1.4652103094986735e-05,6.098540139477025e-10,engdw,heat4,1,,,,,3000,heat
472,3003.8973054885864,1.4372435749625048e-05,4.94957156470046e-10,engdw,heat4,1,,,,,3000,heat
0,6.323559045791626,1.3942694429130424,2.7349332628467895,engdw,heat4,2,,,,,3000,heat
1,12.655904293060303,1.2701354613148752,1.674340097163256,engdw,heat4,2,,,,,3000,heat
2,18.62555742263794,1.2322658590798958,1.3406567758860315,engdw,heat4,2,,,,,3000,heat
3,24.596941232681274,1.1465023779381942,1.2601080205561856,engdw,heat4,2,,,,,3000,heat
4,30.56680464744568,1.0491634421090605,1.0843310649376192,engdw,heat4,2,,,,,3000,heat
5,36.53664803504944,0.9505784769290744,0.8914032191071781,engdw,heat4,2,,,,,3000,heat
6,42.507972240448,0.8602305559419225,0.7265659891879355,engdw,heat4,2,,,,,3000,heat
7,48.51042938232422,0.7774062667693489,0.587447581936273,engdw,heat4,2,,,,,3000,heat
8,54.526042461395264,0.7019759652628185,0.4992295901523562,engdw,heat4,2,,,,,3000,heat
9,60.5472617149353,0.6332498534666419,0.39077734077852455,engdw,heat4,2,,,,,3000,heat
10,66.56499171257019,0.5711513959375937,0.3250050541713617,engdw,heat4,2,,,,,3000,heat
11,72.58253407478333,0.5148731316583518,0.25406187326912283,engdw,heat4,2,,,,,3000,heat
12,78.60032105445862,0.46430255877805016,0.21378713586350423,engdw,heat4,2,,,,,3000,heat
13,84.61765432357788,0.41867216401284596,0.16770462157145924,engdw,heat4,2,,,,,3000,heat
14,90.63432788848877,0.37754300859959583,0.13646317347410175,engdw,heat4,2,,,,,3000,heat
15,96.65083265304565,0.34035600811450245,0.11463152296069665,engdw,heat4,2,,,,,3000,heat
16,102.6683919429779,0.30679089095610607,0.09367713058434461,engdw,heat4,2,,,,,3000,heat
17,108.67951822280884,0.2766065480516679,0.07273365926416797,engdw,heat4,2,,,,,3000,heat
18,114.68911147117615,0.24941277273832965,0.06017385019870266,engdw,heat4,2,,,,,3000,heat
19,120.70134925842285,0.22498910784233772,0.04796563726741979,engdw,heat4,2,,,,,3000,heat
20,126.7477171421051,0.20291439751168236,0.03925977178703153,engdw,heat4,2,,,,,3000,heat
21,132.81447315216064,0.1830064210347768,0.034281590605163316,engdw,heat4,2,,,,,3000,heat
22,138.88110613822937,0.16503952720518422,0.026858529506095918,engdw,heat4,2,,,,,3000,heat
23,144.94754672050476,0.14875209885849355,0.020565270943193777,engdw,heat4,2,,,,,3000,heat
24,151.01516127586365,0.13412952677916498,0.01759234758838768,engdw,heat4,2,,,,,3000,heat
25,157.08090376853943,0.12094627863636408,0.014311592944607428,engdw,heat4,2,,,,,3000,heat
26,163.1476833820343,0.10903509911570788,0.011873976618298135,engdw,heat4,2,,,,,3000,heat
27,169.22055864334106,0.09836476381025591,0.009477386191520635,engdw,heat4,2,,,,,3000,heat
28,175.29758262634277,0.08872390797645821,0.00780840645974546,engdw,heat4,2,,,,,3000,heat
29,181.3702564239502,0.08003859360516558,0.006051762397143181,engdw,heat4,2,,,,,3000,heat
30,187.44706010818481,0.07217601001643151,0.005006497814419042,engdw,heat4,2,,,,,3000,heat
31,193.53177213668823,0.06510246202143256,0.004249388614315347,engdw,heat4,2,,,,,3000,heat
32,199.61656594276428,0.05871792422573237,0.0033416251942364507,engdw,heat4,2,,,,,3000,heat
33,205.70255661010742,0.05296538549089384,0.0027857778568903847,engdw,heat4,2,,,,,3000,heat
34,211.7886700630188,0.047786241188710644,0.00215966786658716,engdw,heat4,2,,,,,3000,heat
35,217.88230657577515,0.043106457107884404,0.0018229281030418439,engdw,heat4,2,,,,,3000,heat
36,223.97529435157776,0.03889626083546025,0.0014012406538366064,engdw,heat4,2,,,,,3000,heat
37,230.0675401687622,0.03508950296300208,0.001159208022974095,engdw,heat4,2,,,,,3000,heat
38,236.16008591651917,0.03165403776033302,0.000978201088072883,engdw,heat4,2,,,,,3000,heat
39,242.25106716156006,0.028558685296342784,0.0008092533872616236,engdw,heat4,2,,,,,3000,heat
40,248.3459346294403,0.025766784757721612,0.0006580304188953682,engdw,heat4,2,,,,,3000,heat
42,260.5083909034729,0.020977494291312536,0.0004144557151388569,engdw,heat4,2,,,,,3000,heat
46,284.8247060775757,0.013924669428269556,0.00018609571449860752,engdw,heat4,2,,,,,3000,heat
50,309.1477892398834,0.009248394336154498,8.229516673126651e-05,engdw,heat4,2,,,,,3000,heat
55,339.538108587265,0.005578913888693805,3.0123707668960838e-05,engdw,heat4,2,,,,,3000,heat
61,375.97651863098145,0.0030833187545644607,8.604360786325453e-06,engdw,heat4,2,,,,,3000,heat
67,412.38364481925964,0.0017052947385995559,2.8419351467687994e-06,engdw,heat4,2,,,,,3000,heat
73,448.7625741958618,0.0009488939573805159,8.241447639885494e-07,engdw,heat4,2,,,,,3000,heat
81,497.2016763687134,0.0004550876664843667,1.8550376789601379e-07,engdw,heat4,2,,,,,3000,heat
89,545.5915508270264,0.00023378307170679555,4.852529363639874e-08,engdw,heat4,2,,,,,3000,heat
98,599.9986469745636,0.0001252886322818773,1.6021341131719448e-08,engdw,heat4,2,,,,,3000,heat
107,654.4013307094574,8.082940138919905e-05,6.737443179903291e-09,engdw,heat4,2,,,,,3000,heat
118,720.8858172893524,5.9337869042987635e-05,4.670399022324711e-09,engdw,heat4,2,,,,,3000,heat
130,793.403772354126,4.452720654846426e-05,3.238840293451008e-09,engdw,heat4,2,,,,,3000,heat
143,872.0002093315125,3.3324279618142756e-05,2.4735404662817528e-09,engdw,heat4,2,,,,,3000,heat
157,956.6117811203003,2.9289164273286767e-05,1.9806892330312027e-09,engdw,heat4,2,,,,,3000,heat
172,1047.2786633968353,2.647761807633411e-05,1.6643138024257818e-09,engdw,heat4,2,,,,,3000,heat
190,1156.0102670192719,2.5764874394866506e-05,1.5129881652217824e-09,engdw,heat4,2,,,,,3000,heat
208,1264.7487063407898,2.3131495797124628e-05,1.8016704172623453e-09,engdw,heat4,2,,,,,3000,heat
229,1391.618651151657,2.2139992673514168e-05,1.1025773789445583e-09,engdw,heat4,2,,,,,3000,heat
252,1530.5587022304535,2.0919225752679223e-05,1.4390092485332968e-09,engdw,heat4,2,,,,,3000,heat
277,1681.760020494461,1.958921054971442e-05,1.0859671040859765e-09,engdw,heat4,2,,,,,3000,heat
305,1850.958816766739,1.832330553176527e-05,8.873671057699207e-10,engdw,heat4,2,,,,,3000,heat
335,2032.182885169983,1.7303803157164676e-05,7.967835809316566e-10,engdw,heat4,2,,,,,3000,heat
369,2237.5928540229797,1.6075932893114562e-05,6.336218705725623e-10,engdw,heat4,2,,,,,3000,heat
406,2461.137193918228,1.570947082015982e-05,6.931312068135862e-10,engdw,heat4,2,,,,,3000,heat
446,2702.8107764720917,1.4779154901368271e-05,7.36331140231598e-10,engdw,heat4,2,,,,,3000,heat
491,2974.7471170425415,1.3796883656928864e-05,5.36681289266348e-10,engdw,heat4,2,,,,,3000,heat
496,3004.9835634231567,1.3498220998666856e-05,5.97826487724802e-10,engdw,heat4,2,,,,,3000,heat
0,6.650811433792114,3.220859656747568,2.857640869636638,engdw,heat4,3,,,,,3000,heat
1,13.7422194480896,2.8934991165330537,7.437670784416128,engdw,heat4,3,,,,,3000,heat
2,20.739686965942383,2.523064386722764,5.707145003905444,engdw,heat4,3,,,,,3000,heat
3,27.752826929092407,2.232160996934871,4.434850887352594,engdw,heat4,3,,,,,3000,heat
4,34.69972229003906,1.994784075755958,3.5915957027527434,engdw,heat4,3,,,,,3000,heat
5,41.70129418373108,1.7889243636082752,2.7810869161903975,engdw,heat4,3,,,,,3000,heat
6,48.703364610672,1.6057705510929594,2.3406199506027336,engdw,heat4,3,,,,,3000,heat
7,55.76345729827881,1.443099401813384,1.8845121926066033,engdw,heat4,3,,,,,3000,heat
8,62.74841094017029,1.2970640977598253,1.4818941402520314,engdw,heat4,3,,,,,3000,heat
9,69.7279200553894,1.166407925099053,1.2067953896503505,engdw,heat4,3,,,,,3000,heat
10,76.76434469223022,1.0491705470489385,0.9433220109305841,engdw,heat4,3,,,,,3000,heat
11,83.76968121528625,0.9441158957239545,0.7969469854081581,engdw,heat4,3,,,,,3000,heat
12,90.78493928909302,0.8499496078172062,0.6397107580554172,engdw,heat4,3,,,,,3000,heat
13,97.78369307518005,0.7651966202997503,0.5044834521300408,engdw,heat4,3,,,,,3000,heat
14,104.78238725662231,0.6889890828608881,0.4140822649355844,engdw,heat4,3,,,,,3000,heat
15,111.78079128265381,0.6203094718849125,0.3342038939472569,engdw,heat4,3,,,,,3000,heat
16,118.85374879837036,0.5585025298498031,0.2769000535498875,engdw,heat4,3,,,,,3000,heat
17,125.83557629585266,0.5028880163221702,0.22673123762694397,engdw,heat4,3,,,,,3000,heat
18,132.88417196273804,0.4528796713753735,0.17972271774339704,engdw,heat4,3,,,,,3000,heat
19,139.86916494369507,0.40780099220185667,0.14490662448418007,engdw,heat4,3,,,,,3000,heat
20,146.91975712776184,0.3672675360860247,0.11508631189638721,engdw,heat4,3,,,,,3000,heat
21,153.95041704177856,0.3308052872779749,0.09539390988939819,engdw,heat4,3,,,,,3000,heat
22,161.02091360092163,0.29799404945022073,0.0799539032300368,engdw,heat4,3,,,,,3000,heat
23,168.0534906387329,0.26835473941697463,0.06341983638108463,engdw,heat4,3,,,,,3000,heat
24,175.1309289932251,0.2416933526307916,0.05147251544164423,engdw,heat4,3,,,,,3000,heat
25,182.17945504188538,0.21769637791178642,0.041461771119134176,engdw,heat4,3,,,,,3000,heat
26,189.22214889526367,0.19602488016632846,0.03363887412683657,engdw,heat4,3,,,,,3000,heat
27,196.26657009124756,0.1765864540372966,0.027320821641433738,engdw,heat4,3,,,,,3000,heat
28,203.35940432548523,0.1590557005088504,0.02196671878662181,engdw,heat4,3,,,,,3000,heat
29,210.50275301933289,0.14328227399255813,0.018455480825748067,engdw,heat4,3,,,,,3000,heat
30,217.63883304595947,0.12907944613281716,0.014705815720066002,engdw,heat4,3,,,,,3000,heat
31,224.76186513900757,0.11626744527091881,0.011774065323037104,engdw,heat4,3,,,,,3000,heat
32,231.8870449066162,0.10473143104551232,0.009722619115607005,engdw,heat4,3,,,,,3000,heat
33,239.02203226089478,0.09433437010840266,0.007872353586866903,engdw,heat4,3,,,,,3000,heat
34,246.18303108215332,0.08498683558900207,0.006449739834282645,engdw,heat4,3,,,,,3000,heat
35,253.36713814735413,0.07654434641445655,0.00526645891062872,engdw,heat4,3,,,,,3000,heat
36,260.54733419418335,0.0689505655735217,0.004115819036300079,engdw,heat4,3,,,,,3000,heat
37,267.7363016605377,0.062092510214818854,0.0032984803859229853,engdw,heat4,3,,,,,3000,heat
38,274.93123722076416,0.055928066255728014,0.0027755866810663253,engdw,heat4,3,,,,,3000,heat
39,282.12053966522217,0.05037188289173423,0.0021860034511029056,engdw,heat4,3,,,,,3000,heat
40,289.30100560188293,0.04536139766039369,0.0018130846966829645,engdw,heat4,3,,,,,3000,heat
42,303.65702629089355,0.0368098906075408,0.0011806203753567737,engdw,heat4,3,,,,,3000,heat
46,332.3829686641693,0.02422458378384356,0.0005231598315560905,engdw,heat4,3,,,,,3000,heat
50,361.11046504974365,0.015960202391390614,0.0002254506024951198,engdw,heat4,3,,,,,3000,heat
55,396.9762616157532,0.009455605053338116,7.940246861382035e-05,engdw,heat4,3,,,,,3000,heat
61,440.0711588859558,0.005047126814429233,2.2665846882567895e-05,engdw,heat4,3,,,,,3000,heat
67,483.11392641067505,0.002689745080386436,6.571491671984327e-06,engdw,heat4,3,,,,,3000,heat
73,526.0861895084381,0.0014424184441571707,1.855544570044517e-06,engdw,heat4,3,,,,,3000,heat
81,583.2627410888672,0.0006223531848323016,3.468515076542207e-07,engdw,heat4,3,,,,,3000,heat
89,640.5922031402588,0.0002704938942997505,7.258282464804672e-08,engdw,heat4,3,,,,,3000,heat
98,704.929461479187,0.00011291816982926551,1.7052835920560318e-08,engdw,heat4,3,,,,,3000,heat
107,769.2243099212646,5.2998716599876324e-05,5.714456041361503e-09,engdw,heat4,3,,,,,3000,heat
118,847.9224102497101,3.6644246262732134e-05,3.1380988545870935e-09,engdw,heat4,3,,,,,3000,heat
130,933.8297870159149,3.057482331970003e-05,2.221188617093585e-09,engdw,heat4,3,,,,,3000,heat
143,1026.883574962616,2.713573711828878e-05,1.9255128510047213e-09,engdw,heat4,3,,,,,3000,heat
157,1126.947321176529,2.5955122281105002e-05,2.0208508343771167e-09,engdw,heat4,3,,,,,3000,heat
172,1234.204223394394,2.4395858466037083e-05,2.093549799011303e-09,engdw,heat4,3,,,,,3000,heat
190,1362.6595339775085,2.160208566637264e-05,1.2781197191557101e-09,engdw,heat4,3,,,,,3000,heat
208,1491.2769567966461,1.9973425663796515e-05,1.0990818058958397e-09,engdw,heat4,3,,,,,3000,heat
229,1640.8165807724,1.8644503970975073e-05,9.944654774574394e-10,engdw,heat4,3,,,,,3000,heat
252,1804.873356103897,1.759354815196101e-05,9.118644249925888e-10,engdw,heat4,3,,,,,3000,heat
277,1983.7300040721893,1.6654404222234498e-05,8.492616935173387e-10,engdw,heat4,3,,,,,3000,heat
305,2183.9769682884216,1.5440093043777308e-05,8.861009046381634e-10,engdw,heat4,3,,,,,3000,heat
335,2398.5523257255554,1.5176862272727053e-05,6.88957407193157e-10,engdw,heat4,3,,,,,3000,heat
369,2641.211240053177,1.4017380551285064e-05,6.360762919098647e-10,engdw,heat4,3,,,,,3000,heat
406,2904.9137814044952,1.3517842505874791e-05,5.607330984586933e-10,engdw,heat4,3,,,,,3000,heat
420,3004.920091152191,1.3350165910842301e-05,5.677156611940775e-10,engdw,heat4,3,,,,,3000,heat
0,8.610588550567627,35.13210858281862,1098.7978572872114,engdw,lfp9,1,,,,,6000,log-fokker-planck-isotropic
1,17.308485746383667,32.12461033159264,995.2576131851613,engdw,lfp9,1,,,,,6000,log-fokker-planck-isotropic
2,25.645365238189697,29.23315213506559,845.1743367381041,engdw,lfp9,1,,,,,6000,log-fokker-planck-isotropic
3,34.039427757263184,26.56734648570373,735.2228855988882,engdw,lfp9,1,,,,,6000,log-fokker-planck-isotropic
4,42.43219327926636,24.26143400782877,649.6847487701891,engdw,lfp9,1,,,,,6000,log-fokker-planck-isotropic
5,50.824599266052246,22.108939260554532,610.2756189244739,engdw,lfp9,1,,,,,6000,log-fokker-planck-isotropic
6,59.21599578857422,20.190268304538723,516.406953638164,engdw,lfp9,1,,,,,6000,log-fokker-planck-isotropic
7,67.60664129257202,18.44377800346887,464.52289575805185,engdw,lfp9,1,,,,,6000,log-fokker-planck-isotropic
8,75.997154712677,16.913400421637725,400.66250047414235,engdw,lfp9,1,,,,,6000,log-fokker-planck-isotropic
9,84.3887550830841,15.47866071006274,350.38838489781176,engdw,lfp9,1,,,,,6000,log-fokker-planck-isotropic
10,92.78156757354736,14.242367648502013,305.7635394289022,engdw,lfp9,1,,,,,6000,log-fokker-planck-isotropic
11,101.17195916175842,13.06532745890199,288.4271650797655,engdw,lfp9,1,,,,,6000,log-fokker-planck-isotropic
12,109.60342335700989,12.041161509723194,250.92311883006064,engdw,lfp9,1,,,,,6000,log-fokker-planck-isotropic
13,118.0661244392395,11.070646062269324,220.35990373473115,engdw,lfp9,1,,,,,6000,log-fokker-planck-isotropic
14,126.52797603607178,10.200242405133771,205.29897643345748,engdw,lfp9,1,,,,,6000,log-fokker-planck-isotropic
15,134.99072194099426,9.423270076925048,178.6820008423952,engdw,lfp9,1,,,,,6000,log-fokker-planck-isotropic
16,143.4533839225769,8.68476233514396,156.48096554030067,engdw,lfp9,1,,,,,6000,log-fokker-planck-isotropic
17,151.91565775871277,8.013121632326559,146.08934744953538,engdw,lfp9,1,,,,,6000,log-fokker-planck-isotropic
18,160.37763595581055,7.393506050319155,131.53211136103974,engdw,lfp9,1,,,,,6000,log-fokker-planck-isotropic
19,168.84142446517944,6.839014507848049,110.16325975600051,engdw,lfp9,1,,,,,6000,log-fokker-planck-isotropic
20,177.30260229110718,6.335066807793362,98.3174101876784,engdw,lfp9,1,,,,,6000,log-fokker-planck-isotropic
21,185.76784563064575,5.859269094370514,91.11586167344223,engdw,lfp9,1,,,,,6000,log-fokker-planck-isotropic
22,194.23059153556824,5.431269168296277,81.63604245186643,engdw,lfp9,1,,,,,6000,log-fokker-planck-isotropic
23,202.69198608398438,5.0320798013431425,72.28551863822481,engdw,lfp9,1,,,,,6000,log-fokker-planck-isotropic
24,211.1538164615631,4.663991811227603,63.168015390300845,engdw,lfp9,1,,,,,6000,log-fokker-planck-isotropic
25,219.61656069755554,4.339119570911933,60.26905037804553,engdw,lfp9,1,,,,,6000,log-fokker-planck-isotropic
26,228.0787010192871,4.040362275326429,49.19592535974163,engdw,lfp9,1,,,,,6000,log-fokker-planck-isotropic
27,236.540287733078,3.7532163019265017,47.63689283889528,engdw,lfp9,1,,,,,6000,log-fokker-planck-isotropic
28,245.00277376174927,3.4954437688904516,42.62448208450638,engdw,lfp9,1,,,,,6000,log-fokker-planck-isotropic
29,253.4642038345337,3.2555584090059524,37.28066651201198,engdw,lfp9,1,,,,,6000,log-fokker-planck-isotropic
30,261.9288864135742,3.0352874372515255,32.92317535579074,engdw,lfp9,1,,,,,6000,log-fokker-planck-isotropic
31,270.39126801490784,2.833242187245485,30.44612467848188,engdw,lfp9,1,,,,,6000,log-fokker-planck-isotropic
32,278.85295486450195,2.651560979637312,25.74687382937121,engdw,lfp9,1,,,,,6000,log-fokker-planck-isotropic
33,287.3170235157013,2.479207654436834,22.7755094113259,engdw,lfp9,1,,,,,6000,log-fokker-planck-isotropic
34,295.77911019325256,2.3171603131646807,21.181910712358842,engdw,lfp9,1,,,,,6000,log-fokker-planck-isotropic
35,304.24290680885315,2.170564570147434,19.362397376544735,engdw,lfp9,1,,,,,6000,log-fokker-planck-isotropic
36,312.70464038848877,2.0356864097412877,17.19740741517528,engdw,lfp9,1,,,,,6000,log-fokker-planck-isotropic
37,321.1664137840271,1.9067061136445913,14.902560227932488,engdw,lfp9,1,,,,,6000,log-fokker-planck-isotropic
38,329.6289074420929,1.787294751008646,13.49806977569449,engdw,lfp9,1,,,,,6000,log-fokker-planck-isotropic
39,338.09029722213745,1.6795439232226976,11.803688342629618,engdw,lfp9,1,,,,,6000,log-fokker-planck-isotropic
40,346.5525417327881,1.5797994336874555,10.95085525769685,engdw,lfp9,1,,,,,6000,log-fokker-planck-isotropic
42,363.4562213420868,1.4077055299920649,8.768895303179457,engdw,lfp9,1,,,,,6000,log-fokker-planck-isotropic
46,397.23927450180054,1.128247009478699,6.05821566705126,engdw,lfp9,1,,,,,6000,log-fokker-planck-isotropic
50,431.02455019950867,0.9268183676032266,3.845783492906208,engdw,lfp9,1,,,,,6000,log-fokker-planck-isotropic
55,473.24986696243286,0.7268503016641225,2.6685103916791304,engdw,lfp9,1,,,,,6000,log-fokker-planck-isotropic
61,523.9157478809357,0.5599548795239224,1.4230413043754975,engdw,lfp9,1,,,,,6000,log-fokker-planck-isotropic
67,574.5798079967499,0.4319006718172498,0.9367326664050892,engdw,lfp9,1,,,,,6000,log-fokker-planck-isotropic
73,625.24835729599,0.33539247783250703,0.6039290293391077,engdw,lfp9,1,,,,,6000,log-fokker-planck-isotropic
81,692.8027310371399,0.2406915808089651,0.3926648822629788,engdw,lfp9,1,,,,,6000,log-fokker-planck-isotropic
89,760.352865934372,0.1809170550094433,0.37657240376195267,engdw,lfp9,1,,,,,6000,log-fokker-planck-isotropic
98,836.3384199142456,0.1439532676493945,0.29436040899101357,engdw,lfp9,1,,,,,6000,log-fokker-planck-isotropic
107,912.3249042034149,0.12474088945430968,0.23571826005472538,engdw,lfp9,1,,,,,6000,log-fokker-planck-isotropic
118,1005.1925232410431,0.11546974764464024,0.1702813564825431,engdw,lfp9,1,,,,,6000,log-fokker-planck-isotropic
130,1106.5054767131805,0.11055820446991131,0.08656615511861268,engdw,lfp9,1,,,,,6000,log-fokker-planck-isotropic
143,1216.2542641162872,0.10637999706933159,0.10470034672592868,engdw,lfp9,1,,,,,6000,log-fokker-planck-isotropic
157,1334.4511289596558,0.09802472851815523,0.07298525880927496,engdw,lfp9,1,,,,,6000,log-fokker-planck-isotropic
172,1461.0846655368805,0.094404462989205,0.0702644616020713,engdw,lfp9,1,,,,,6000,log-fokker-planck-isotropic
190,1613.040554523468,0.08702214282856428,0.041546751229551766,engdw,lfp9,1,,,,,6000,log-fokker-planck-isotropic
208,1764.9966011047363,0.08234727035942532,0.02874733148993729,engdw,lfp9,1,,,,,6000,log-fokker-planck-isotropic
229,1942.2734899520874,0.07153526936548409,0.02788184722049287,engdw,lfp9,1,,,,,6000,log-fokker-planck-isotropic
252,2136.4323875904083,0.06690156321438459,0.018914166540220902,engdw,lfp9,1,,,,,6000,log-fokker-planck-isotropic
277,2347.48095703125,0.057601709240484536,0.016074425177095022,engdw,lfp9,1,,,,,6000,log-fokker-planck-isotropic
305,2583.8382666110992,0.05156388839153257,0.09833501948216652,engdw,lfp9,1,,,,,6000,log-fokker-planck-isotropic
335,2837.0775179862976,0.0465132472748177,0.00903751312760769,engdw,lfp9,1,,,,,6000,log-fokker-planck-isotropic
369,3124.084426164627,0.033650305271539734,0.0073201522546610335,engdw,lfp9,1,,,,,6000,log-fokker-planck-isotropic
406,3436.400506258011,0.03371592492262789,0.003147926703295024,engdw,lfp9,1,,,,,6000,log-fokker-planck-isotropic
446,3774.023985385895,0.028593707842906994,0.006739640259663563,engdw,lfp9,1,,,,,6000,log-fokker-planck-isotropic
491,4153.831341743469,0.02614421869891159,0.002786505208202734,engdw,lfp9,1,,,,,6000,log-fokker-planck-isotropic
540,4567.405964851379,0.0345834762246833,0.0022544935722589136,engdw,lfp9,1,,,,,6000,log-fokker-planck-isotropic
594,5023.1959409713745,0.01838183373444207,0.0023642735705117456,engdw,lfp9,1,,,,,6000,log-fokker-planck-isotropic
653,5521.180238723755,0.019656719437081673,0.0045914656757996206,engdw,lfp9,1,,,,,6000,log-fokker-planck-isotropic
710,6002.293796300888,0.01545279508762823,0.0015864709471965516,engdw,lfp9,1,,,,,6000,log-fokker-planck-isotropic
0,8.250266790390015,35.3013872438457,1092.522107524148,engdw,lfp9,2,,,,,6000,log-fokker-planck-isotropic
1,16.56046199798584,32.53953709652586,978.9174409801865,engdw,lfp9,2,,,,,6000,log-fokker-planck-isotropic
2,24.492599964141846,29.363001277694853,867.4377153660907,engdw,lfp9,2,,,,,6000,log-fokker-planck-isotropic
3,32.423856019973755,26.65363317915837,755.7494007311208,engdw,lfp9,2,,,,,6000,log-fokker-planck-isotropic
4,40.371803283691406,24.235078706156234,643.7463168626751,engdw,lfp9,2,,,,,6000,log-fokker-planck-isotropic
5,48.370431423187256,22.084985298932146,567.9708997331301,engdw,lfp9,2,,,,,6000,log-fokker-planck-isotropic
6,56.362618923187256,20.17119564681245,506.3187237696834,engdw,lfp9,2,,,,,6000,log-fokker-planck-isotropic
7,64.36104154586792,18.422397899220446,442.4306012770514,engdw,lfp9,2,,,,,6000,log-fokker-planck-isotropic
8,72.3537425994873,16.891129516723293,390.0272264977243,engdw,lfp9,2,,,,,6000,log-fokker-planck-isotropic
9,80.34630155563354,15.448799529124654,368.60805058260513,engdw,lfp9,2,,,,,6000,log-fokker-planck-isotropic
10,88.33782649040222,14.169217324073992,315.9211272730596,engdw,lfp9,2,,,,,6000,log-fokker-planck-isotropic
11,96.33199906349182,13.024395049787145,286.3177548131543,engdw,lfp9,2,,,,,6000,log-fokker-planck-isotropic
12,104.32257509231567,11.999337838596064,256.9795363802578,engdw,lfp9,2,,,,,6000,log-fokker-planck-isotropic
13,112.3613977432251,11.041268863690988,218.89309462896784,engdw,lfp9,2,,,,,6000,log-fokker-planck-isotropic
14,120.4195806980133,10.16399544692864,201.39597329945406,engdw,lfp9,2,,,,,6000,log-fokker-planck-isotropic
15,128.47925186157227,9.370205887848984,179.72924589549254,engdw,lfp9,2,,,,,6000,log-fokker-planck-isotropic
16,136.5595738887787,8.613483774271423,158.39931895883453,engdw,lfp9,2,,,,,6000,log-fokker-planck-isotropic
17,144.6443841457367,7.944420116073308,139.1885628181626,engdw,lfp9,2,,,,,6000,log-fokker-planck-isotropic
18,152.7428708076477,7.326798104673828,120.6758856115985,engdw,lfp9,2,,,,,6000,log-fokker-planck-isotropic
19,160.84087824821472,6.753920273541022,111.5991202744711,engdw,lfp9,2,,,,,6000,log-fokker-planck-isotropic
20,168.96097373962402,6.249792593600269,101.46552319955377,engdw,lfp9,2,,,,,6000,log-fokker-planck-isotropic
21,177.0745677947998,5.777791267390381,91.3235238987078,engdw,lfp9,2,,,,,6000,log-fokker-planck-isotropic
22,185.1853063106537,5.346707550975477,77.19218778458459,engdw,lfp9,2,,,,,6000,log-fokker-planck-isotropic
23,193.2957956790924,4.953504497059409,67.84985521717489,engdw,lfp9,2,,,,,6000,log-fokker-planck-isotropic
24,201.40081477165222,4.586718085405666,63.81650925518788,engdw,lfp9,2,,,,,6000,log-fokker-planck-isotropic
25,209.51868391036987,4.261426597846523,58.03904657676064,engdw,lfp9,2,,,,,6000,log-fokker-planck-isotropic
26,217.63201212882996,3.9489493828530247,53.27143306136112,engdw,lfp9,2,,,,,6000,log-fokker-planck-isotropic
27,225.75177788734436,3.6756944657307233,45.30561831275357,engdw,lfp9,2,,,,,6000,log-fokker-planck-isotropic
28,233.86815786361694,3.412732927085015,40.87203023396737,engdw,lfp9,2,,,,,6000,log-fokker-planck-isotropic
29,241.99264216423035,3.1732720992228605,35.40501349387224,engdw,lfp9,2,,,,,6000,log-fokker-planck-isotropic
30,250.11827635765076,2.959935301870745,31.342626327650617,engdw,lfp9,2,,,,,6000,log-fokker-planck-isotropic
31,258.25085258483887,2.7649703318942973,27.587413995930355,engdw,lfp9,2,,,,,6000,log-fokker-planck-isotropic
32,266.381902217865,2.5855900093224924,25.669675483028264,engdw,lfp9,2,,,,,6000,log-fokker-planck-isotropic
33,274.50409269332886,2.4168012493158137,21.888557662713815,engdw,lfp9,2,,,,,6000,log-fokker-planck-isotropic
34,282.62544655799866,2.2621949838585618,19.39695649099153,engdw,lfp9,2,,,,,6000,log-fokker-planck-isotropic
35,290.75163078308105,2.114900525462465,18.476998247802413,engdw,lfp9,2,,,,,6000,log-fokker-planck-isotropic
36,298.87305665016174,1.9824405796417015,15.800486026994324,engdw,lfp9,2,,,,,6000,log-fokker-planck-isotropic
37,306.9973347187042,1.8692425651225724,14.31254832183849,engdw,lfp9,2,,,,,6000,log-fokker-planck-isotropic
38,315.1224524974823,1.7575391437326748,13.130054575463545,engdw,lfp9,2,,,,,6000,log-fokker-planck-isotropic
39,323.2457194328308,1.6521983211075058,11.437601929640373,engdw,lfp9,2,,,,,6000,log-fokker-planck-isotropic
40,331.3610303401947,1.55731369483552,10.50454265148996,engdw,lfp9,2,,,,,6000,log-fokker-planck-isotropic
42,347.566041469574,1.385512159979318,8.54319618721443,engdw,lfp9,2,,,,,6000,log-fokker-planck-isotropic
46,379.93110871315,1.1355935135692017,5.879549361449598,engdw,lfp9,2,,,,,6000,log-fokker-planck-isotropic
50,412.292329788208,0.9393269621872002,3.850243093779806,engdw,lfp9,2,,,,,6000,log-fokker-planck-isotropic
55,452.70910930633545,0.7666526837927806,2.150439663959352,engdw,lfp9,2,,,,,6000,log-fokker-planck-isotropic
61,501.13481521606445,0.5866962181947226,1.3363022863271017,engdw,lfp9,2,,,,,6000,log-fokker-planck-isotropic
67,549.5486800670624,0.4573378097442947,0.8478056248974013,engdw,lfp9,2,,,,,6000,log-fokker-planck-isotropic
73,597.9250717163086,0.36148864860605046,0.7561127261305772,engdw,lfp9,2,,,,,6000,log-fokker-planck-isotropic
81,662.3737137317657,0.26567948293062893,0.4662589343293039,engdw,lfp9,2,,,,,6000,log-fokker-planck-isotropic
89,726.771148443222,0.1910112491977237,0.3039668901810468,engdw,lfp9,2,,,,,6000,log-fokker-planck-isotropic
98,799.2207987308502,0.14813448536092708,0.187042249418424,engdw,lfp9,2,,,,,6000,log-fokker-planck-isotropic
107,871.6955063343048,0.12533435850489053,0.1698502878182157,engdw,lfp9,2,,,,,6000,log-fokker-planck-isotropic
118,960.3074450492859,0.10882718606429909,0.1166843659124799,engdw,lfp9,2,,,,,6000,log-fokker-planck-isotropic
130,1056.8248269557953,0.10136547621437625,0.10289040695194693,engdw,lfp9,2,,,,,6000,log-fokker-planck-isotropic
143,1161.317085981369,0.09574403476656924,0.06941144184255586,engdw,lfp9,2,,,,,6000,log-fokker-planck-isotropic
157,1273.9166674613953,0.09148080384342523,0.055035957343038934,engdw,lfp9,2,,,,,6000,log-fokker-planck-isotropic
172,1394.5124552249908,0.08692305366857643,0.03464262454905593,engdw,lfp9,2,,,,,6000,log-fokker-planck-isotropic
190,1539.29722738266,0.07493104299868714,0.024757409833280272,engdw,lfp9,2,,,,,6000,log-fokker-planck-isotropic
208,1684.0611417293549,0.08574347533980635,0.025216594056573144,engdw,lfp9,2,,,,,6000,log-fokker-planck-isotropic
229,1852.8117940425873,0.07231156289124013,0.03112447573285621,engdw,lfp9,2,,,,,6000,log-fokker-planck-isotropic
252,2037.6559290885925,0.05611152539764012,0.013373009877860487,engdw,lfp9,2,,,,,6000,log-fokker-planck-isotropic
277,2238.6765553951263,0.052802800530590534,0.009966749638434068,engdw,lfp9,2,,,,,6000,log-fokker-planck-isotropic
305,2463.7088634967804,0.05195404971536789,0.007989916526837363,engdw,lfp9,2,,,,,6000,log-fokker-planck-isotropic
335,2704.7884476184845,0.04236866306145165,0.004970542525840534,engdw,lfp9,2,,,,,6000,log-fokker-planck-isotropic
369,2978.2671461105347,0.035598520655042105,0.003485344497499882,engdw,lfp9,2,,,,,6000,log-fokker-planck-isotropic
406,3275.6479802131653,0.0303982803634355,0.0037755546217977977,engdw,lfp9,2,,,,,6000,log-fokker-planck-isotropic
446,3597.4764358997345,0.02807376714199774,0.011829330870171358,engdw,lfp9,2,,,,,6000,log-fokker-planck-isotropic
491,3959.0277540683746,0.029170215106082368,0.0027709943725924393,engdw,lfp9,2,,,,,6000,log-fokker-planck-isotropic
540,4352.8474769592285,0.023910604047363872,0.0019117896462083753,engdw,lfp9,2,,,,,6000,log-fokker-planck-isotropic
594,4786.590492010117,0.0185356440075604,0.001535190295971777,engdw,lfp9,2,,,,,6000,log-fokker-planck-isotropic
653,5260.6914784908295,0.017656313892236136,0.002611789399140169,engdw,lfp9,2,,,,,6000,log-fokker-planck-isotropic
718,5782.960164785385,0.013398278819764976,0.001638962982668206,engdw,lfp9,2,,,,,6000,log-fokker-planck-isotropic
746,6007.971997022629,0.016491785827414795,0.011486243930435616,engdw,lfp9,2,,,,,6000,log-fokker-planck-isotropic
0,8.789135217666626,36.02315507314969,1116.9843632313004,engdw,lfp9,3,,,,,6000,log-fokker-planck-isotropic
1,18.205283164978027,32.88003071714096,1002.8668904044133,engdw,lfp9,3,,,,,6000,log-fokker-planck-isotropic
2,27.456604480743408,29.422207987339767,886.0203011007611,engdw,lfp9,3,,,,,6000,log-fokker-planck-isotropic
3,36.70925569534302,26.791470127771532,721.0808951781759,engdw,lfp9,3,,,,,6000,log-fokker-planck-isotropic
4,45.95746850967407,24.449720806717387,648.8800165069736,engdw,lfp9,3,,,,,6000,log-fokker-planck-isotropic
5,55.207672357559204,22.333041894289597,594.5594047442131,engdw,lfp9,3,,,,,6000,log-fokker-planck-isotropic
6,64.4501268863678,20.41616731344702,504.6955466061744,engdw,lfp9,3,,,,,6000,log-fokker-planck-isotropic
7,73.69482517242432,18.697940379048557,460.67647601908544,engdw,lfp9,3,,,,,6000,log-fokker-planck-isotropic
8,82.92462182044983,17.129674902346284,400.4394324870775,engdw,lfp9,3,,,,,6000,log-fokker-planck-isotropic
9,92.19065737724304,15.725578108441052,360.4105409020452,engdw,lfp9,3,,,,,6000,log-fokker-planck-isotropic
10,101.46090126037598,14.437663070024131,323.9705740701085,engdw,lfp9,3,,,,,6000,log-fokker-planck-isotropic
11,110.71892213821411,13.244321541919428,286.00610566600847,engdw,lfp9,3,,,,,6000,log-fokker-planck-isotropic
12,119.93569493293762,12.168231483277543,251.36598754724955,engdw,lfp9,3,,,,,6000,log-fokker-planck-isotropic
13,129.19157099723816,11.177747956028925,224.08617252305572,engdw,lfp9,3,,,,,6000,log-fokker-planck-isotropic
14,138.42246437072754,10.298239874590337,194.40824220541552,engdw,lfp9,3,,,,,6000,log-fokker-planck-isotropic
15,147.6690957546234,9.478942179728742,181.99215065600154,engdw,lfp9,3,,,,,6000,log-fokker-planck-isotropic
16,156.92340517044067,8.724691164989249,163.98633274502205,engdw,lfp9,3,,,,,6000,log-fokker-planck-isotropic
17,166.18359971046448,8.023932141532038,142.34507751479958,engdw,lfp9,3,,,,,6000,log-fokker-planck-isotropic
18,175.48879599571228,7.401612863590802,128.11873975856273,engdw,lfp9,3,,,,,6000,log-fokker-planck-isotropic
19,184.78893971443176,6.836898016844142,113.2367109626359,engdw,lfp9,3,,,,,6000,log-fokker-planck-isotropic
20,194.0388205051422,6.325620913372044,99.60150310001548,engdw,lfp9,3,,,,,6000,log-fokker-planck-isotropic
21,203.347749710083,5.842219620851067,91.63635215758993,engdw,lfp9,3,,,,,6000,log-fokker-planck-isotropic
22,212.65009474754333,5.408967842190209,77.84497510109145,engdw,lfp9,3,,,,,6000,log-fokker-planck-isotropic
23,221.96111702919006,5.007337000959333,70.0829414255675,engdw,lfp9,3,,,,,6000,log-fokker-planck-isotropic
24,231.24404573440552,4.636324154739239,64.27365997395543,engdw,lfp9,3,,,,,6000,log-fokker-planck-isotropic
25,240.56034684181213,4.3036142645013875,56.86654961482707,engdw,lfp9,3,,,,,6000,log-fokker-planck-isotropic
26,249.83395075798035,3.9954065779826826,50.63068641169082,engdw,lfp9,3,,,,,6000,log-fokker-planck-isotropic
27,259.1446475982666,3.7155277473904644,44.20507106671616,engdw,lfp9,3,,,,,6000,log-fokker-planck-isotropic
28,268.43642711639404,3.4603373682330525,38.752244920522784,engdw,lfp9,3,,,,,6000,log-fokker-planck-isotropic
29,277.7099497318268,3.220354285126092,35.89552444071034,engdw,lfp9,3,,,,,6000,log-fokker-planck-isotropic
30,287.0216464996338,2.999263073571104,33.12501156593389,engdw,lfp9,3,,,,,6000,log-fokker-planck-isotropic
31,296.2736089229584,2.794673435073368,27.228655164495343,engdw,lfp9,3,,,,,6000,log-fokker-planck-isotropic
32,305.5547339916229,2.605036785432099,25.038588339715645,engdw,lfp9,3,,,,,6000,log-fokker-planck-isotropic
33,314.8396637439728,2.4240596381989596,24.38164792855366,engdw,lfp9,3,,,,,6000,log-fokker-planck-isotropic
34,324.09980297088623,2.2609519309961343,21.373727564812267,engdw,lfp9,3,,,,,6000,log-fokker-planck-isotropic
35,333.3836853504181,2.1120728875170003,17.68385008391771,engdw,lfp9,3,,,,,6000,log-fokker-planck-isotropic
36,342.6558334827423,1.9737694557880447,15.773412722111221,engdw,lfp9,3,,,,,6000,log-fokker-planck-isotropic
37,351.86885714530945,1.8461818015084912,16.05664567795193,engdw,lfp9,3,,,,,6000,log-fokker-planck-isotropic
38,361.1514744758606,1.7285761222727183,13.652843921873018,engdw,lfp9,3,,,,,6000,log-fokker-planck-isotropic
39,370.3949511051178,1.6189730286161914,11.437817717227997,engdw,lfp9,3,,,,,6000,log-fokker-planck-isotropic
40,379.60130429267883,1.5162038958413946,10.658319376751393,engdw,lfp9,3,,,,,6000,log-fokker-planck-isotropic
42,398.0923910140991,1.3372482909254675,9.029767735515886,engdw,lfp9,3,,,,,6000,log-fokker-planck-isotropic
46,434.9470045566559,1.0322396721555718,5.471170366331181,engdw,lfp9,3,,,,,6000,log-fokker-planck-isotropic
50,471.73596024513245,0.8038590786641691,3.805013017687431,engdw,lfp9,3,,,,,6000,log-fokker-planck-isotropic
55,517.7876682281494,0.5891333093807468,2.4513735992629555,engdw,lfp9,3,,,,,6000,log-fokker-planck-isotropic
61,573.0345678329468,0.4109582058388567,1.3971719275871197,engdw,lfp9,3,,,,,6000,log-fokker-planck-isotropic
67,628.1668741703033,0.2930811627864142,1.098159754309409,engdw,lfp9,3,,,,,6000,log-fokker-planck-isotropic
73,683.2920997142792,0.22194445608890667,0.6118531642069834,engdw,lfp9,3,,,,,6000,log-fokker-planck-isotropic
81,756.8399906158447,0.17288996504420656,0.5472154320436352,engdw,lfp9,3,,,,,6000,log-fokker-planck-isotropic
89,830.5331604480743,0.15246741184501234,0.23201402000825927,engdw,lfp9,3,,,,,6000,log-fokker-planck-isotropic
98,913.5887172222137,0.14470613795129086,0.21128746871780255,engdw,lfp9,3,,,,,6000,log-fokker-planck-isotropic
107,996.4627575874329,0.1388154939414492,0.12262669314987096,engdw,lfp9,3,,,,,6000,log-fokker-planck-isotropic
118,1097.6654663085938,0.13135295320772508,0.16026394796903365,engdw,lfp9,3,,,,,6000,log-fokker-planck-isotropic
130,1208.2598266601562,0.11360014280837501,0.10215268213498288,engdw,lfp9,3,,,,,6000,log-fokker-planck-isotropic
143,1328.3920028209686,0.098381466242362,0.06912957851590515,engdw,lfp9,3,,,,,6000,log-fokker-planck-isotropic
157,1457.9692599773407,0.09338856102543255,0.060468760908555554,engdw,lfp9,3,,,,,6000,log-fokker-planck-isotropic
172,1596.7550888061523,0.08237137858525669,0.04273799904456414,engdw,lfp9,3,,,,,6000,log-fokker-planck-isotropic
190,1763.329915523529,0.07436890724962754,0.02775498419027787,engdw,lfp9,3,,,,,6000,log-fokker-planck-isotropic
208,1930.1469769477844,0.06711200340452077,0.025987668557535808,engdw,lfp9,3,,,,,6000,log-fokker-planck-isotropic
229,2124.6220602989197,0.06785047531532151,0.017997206814315523,engdw,lfp9,3,,,,,6000,log-fokker-planck-isotropic
252,2337.6247611045837,0.05680310805465547,0.018085954897040693,engdw,lfp9,3,,,,,6000,log-fokker-planck-isotropic
277,2568.4894404411316,0.05381915942655448,0.013801933892743739,engdw,lfp9,3,,,,,6000,log-fokker-planck-isotropic
305,2826.8009474277496,0.049276100018148014,0.008357283986032821,engdw,lfp9,3,,,,,6000,log-fokker-planck-isotropic
335,3103.584141969681,0.04302105311191551,0.004916844346951627,engdw,lfp9,3,,,,,6000,log-fokker-planck-isotropic
369,3417.8162837028503,0.04228247072878772,0.003973160412604533,engdw,lfp9,3,,,,,6000,log-fokker-planck-isotropic
406,3756.7620871067047,0.04750964009691776,0.1293118965063067,engdw,lfp9,3,,,,,6000,log-fokker-planck-isotropic
446,4122.98953461647,0.03543331190476841,0.10639337594083804,engdw,lfp9,3,,,,,6000,log-fokker-planck-isotropic
491,4535.7622146606445,0.027721641255191692,0.0032045383781976675,engdw,lfp9,3,,,,,6000,log-fokker-planck-isotropic
540,4985.536964893341,0.025989339800181088,0.0033588333837731143,engdw,lfp9,3,,,,,6000,log-fokker-planck-isotropic
594,5480.362611293793,0.020660782757216858,0.006278428067535414,engdw,lfp9,3,,,,,6000,log-fokker-planck-isotropic
651,6005.904420137405,0.021931234747798203,0.04212507358199483,engdw,lfp9,3,,,,,6000,log-fokker-planck-isotropic
0,0.68796706199646,0.8469646777695055,18.53201559537537,engdw,p100,1,,,,,10000,poisson
1,1.7858130931854248,0.8785305347860138,15.50265695731978,engdw,p100,1,,,,,10000,poisson
2,2.499509572982788,0.8035282692712974,12.119774729754356,engdw,p100,1,,,,,10000,poisson
3,3.215085506439209,0.7124020530660728,9.763510505107497,engdw,p100,1,,,,,10000,poisson
4,3.9311435222625732,0.6442105718047282,7.930434958171905,engdw,p100,1,,,,,10000,poisson
5,4.648356676101685,0.5746642684387706,6.556636219920235,engdw,p100,1,,,,,10000,poisson
6,5.365030765533447,0.5165021133640838,5.335061854867667,engdw,p100,1,,,,,10000,poisson
7,6.08089542388916,0.47722671464986827,4.338320816127838,engdw,p100,1,,,,,10000,poisson
8,6.795756578445435,0.4387820679285828,3.6200744431123613,engdw,p100,1,,,,,10000,poisson
9,7.513449192047119,0.4048887106181312,2.997362400670133,engdw,p100,1,,,,,10000,poisson
10,8.23448657989502,0.3785242600666481,2.4507901530959555,engdw,p100,1,,,,,10000,poisson
11,8.954751253128052,0.355248192571562,2.0250697214041224,engdw,p100,1,,,,,10000,poisson
12,9.674945831298828,0.3393739521490295,1.6969345811657897,engdw,p100,1,,,,,10000,poisson
13,10.395051717758179,0.3173068936881861,1.3937492265419142,engdw,p100,1,,,,,10000,poisson
14,11.114864349365234,0.2981917268974912,1.1829271388230926,engdw,p100,1,,,,,10000,poisson
15,11.835045337677002,0.278649873802192,0.9476888022567461,engdw,p100,1,,,,,10000,poisson
16,12.555109024047852,0.25840851830949646,0.8089989263744386,engdw,p100,1,,,,,10000,poisson
17,13.27488374710083,0.24746281619167262,0.6614641659757698,engdw,p100,1,,,,,10000,poisson
18,13.994560241699219,0.2361087989454506,0.5391372948918242,engdw,p100,1,,,,,10000,poisson
19,14.714852809906006,0.22263590144008052,0.46996798508604987,engdw,p100,1,,,,,10000,poisson
20,15.434573650360107,0.2112639797732841,0.3999680128068632,engdw,p100,1,,,,,10000,poisson
21,16.15199303627014,0.20147255549483675,0.3302137705387569,engdw,p100,1,,,,,10000,poisson
22,16.869954586029053,0.19319922499603268,0.3013131246895496,engdw,p100,1,,,,,10000,poisson
23,17.589653730392456,0.1874535489512224,0.23285944768754163,engdw,p100,1,,,,,10000,poisson
24,18.30859351158142,0.1773523884600023,0.1946376683252795,engdw,p100,1,,,,,10000,poisson
25,19.028910636901855,0.17192003101091083,0.1720900977307346,engdw,p100,1,,,,,10000,poisson
26,19.747896432876587,0.16716083890575772,0.14564668129602015,engdw,p100,1,,,,,10000,poisson
27,20.46785855293274,0.16194161557277387,0.11802768759211883,engdw,p100,1,,,,,10000,poisson
28,21.18776559829712,0.1566668616329415,0.10062574328055857,engdw,p100,1,,,,,10000,poisson
29,21.907495260238647,0.15174922257036025,0.08767586099219625,engdw,p100,1,,,,,10000,poisson
30,22.627580642700195,0.14958353927158505,0.07302146374604032,engdw,p100,1,,,,,10000,poisson
31,23.34652543067932,0.146763958763469,0.05811097395595955,engdw,p100,1,,,,,10000,poisson
32,24.065431833267212,0.14191436342966687,0.06739916431232255,engdw,p100,1,,,,,10000,poisson
33,24.783278226852417,0.13706519366428357,0.04684168441788151,engdw,p100,1,,,,,10000,poisson
34,25.503131866455078,0.13521824742002442,0.04587640535000206,engdw,p100,1,,,,,10000,poisson
35,26.221054315567017,0.13309911741276112,0.041603596233367277,engdw,p100,1,,,,,10000,poisson
36,26.939844846725464,0.13304587489205982,0.03144103860786314,engdw,p100,1,,,,,10000,poisson
37,27.65989589691162,0.13180590508968812,0.028711644596318902,engdw,p100,1,,,,,10000,poisson
38,28.378319025039673,0.13014448330457154,0.02714973227702252,engdw,p100,1,,,,,10000,poisson
39,29.097007989883423,0.12834075876124196,0.02284700757170317,engdw,p100,1,,,,,10000,poisson
40,29.816217184066772,0.12673923624559397,0.022635362634979818,engdw,p100,1,,,,,10000,poisson
42,31.08318829536438,0.1238486701119568,0.025211674805659095,engdw,p100,1,,,,,10000,poisson
46,33.439785957336426,0.11987565144126155,0.01830208642657749,engdw,p100,1,,,,,10000,poisson
50,35.797171115875244,0.11375886309662807,0.016602166680176784,engdw,p100,1,,,,,10000,poisson
55,38.698322772979736,0.11055430917775427,0.01484201384563668,engdw,p100,1,,,,,10000,poisson
61,42.13767433166504,0.10760600635745429,0.017855102885516373,engdw,p100,1,,,,,10000,poisson
67,45.57960557937622,0.10567046642769695,0.013329707609501387,engdw,p100,1,,,,,10000,poisson
73,49.020612716674805,0.10203740641692441,0.011222992112599382,engdw,p100,1,,,,,10000,poisson
81,53.581886291503906,0.09442497401790945,0.013000807385483261,engdw,p100,1,,,,,10000,poisson
89,58.14590620994568,0.09144715177136953,0.01061009278336068,engdw,p100,1,,,,,10000,poisson
98,63.25704336166382,0.08700014361182092,0.009478350638570741,engdw,p100,1,,,,,10000,poisson
107,68.37825179100037,0.08062669436303785,0.008562814044954698,engdw,p100,1,,,,,10000,poisson
118,74.58795118331909,0.0754233625238257,0.009649135987597696,engdw,p100,1,,,,,10000,poisson
130,81.36443018913269,0.07498863171409685,0.00931809092129255,engdw,p100,1,,,,,10000,poisson
143,88.66726398468018,0.07541501558328051,0.007452301599836848,engdw,p100,1,,,,,10000,poisson
157,96.5229902267456,0.07475652459033044,0.009781782342005958,engdw,p100,1,,,,,10000,poisson
172,104.92745471000671,0.06975404626597895,0.007709011948314801,engdw,p100,1,,,,,10000,poisson
190,114.97164344787598,0.0666124791604539,0.00911927195186851,engdw,p100,1,,,,,10000,poisson
208,125.02606654167175,0.06552067880672774,0.0097594694669994,engdw,p100,1,,,,,10000,poisson
229,136.7114336490631,0.0612475119084114,0.007871717097992639,engdw,p100,1,,,,,10000,poisson
252,149.49962496757507,0.059482856864295865,0.008514226146442616,engdw,p100,1,,,,,10000,poisson
277,163.38413166999817,0.05815651099590446,0.006198713883575579,engdw,p100,1,,,,,10000,poisson
305,178.9014105796814,0.05667200825426401,0.006989050180000166,engdw,p100,1,,,,,10000,poisson
335,195.52273082733154,0.057791290900004344,0.006813554140355381,engdw,p100,1,,,,,10000,poisson
369,214.36028337478638,0.05542041868200578,0.006425747804824451,engdw,p100,1,,,,,10000,poisson
406,234.8181209564209,0.05161617185085608,0.005237289531782796,engdw,p100,1,,,,,10000,poisson
446,256.9099245071411,0.054436594485302726,0.006106827491642918,engdw,p100,1,,,,,10000,poisson
491,281.76407861709595,0.05023767307616328,0.00543490169460468,engdw,p100,1,,,,,10000,poisson
540,308.83223390579224,0.04795628329356703,0.003748446477904552,engdw,p100,1,,,,,10000,poisson
594,338.63386940956116,0.04970406024770092,0.0049988786072288184,engdw,p100,1,,,,,10000,poisson
653,371.1570522785187,0.048819406621159966,0.004341588645680492,engdw,p100,1,,,,,10000,poisson
718,406.97132563591003,0.04944483384639405,0.004282568766845646,engdw,p100,1,,,,,10000,poisson
790,446.6211361885071,0.05103597635816183,0.003842760452336084,engdw,p100,1,,,,,10000,poisson
869,490.1089265346527,0.049803295620747014,0.0038735961663431723,engdw,p100,1,,,,,10000,poisson
956,538.0015630722046,0.05298446758540121,0.003203508943589741,engdw,p100,1,,,,,10000,poisson
1052,590.8284013271332,0.05103234797323749,0.003467587283776028,engdw,p100,1,,,,,10000,poisson
1157,648.5572366714478,0.056849508826826385,0.0034069316039311995,engdw,p100,1,,,,,10000,poisson
1272,711.8040335178375,0.05268524232077581,0.0026527074790326445,engdw,p100,1,,,,,10000,poisson
1400,782.1566781997681,0.04664891365398658,0.0027141189585420614,engdw,p100,1,,,,,10000,poisson
1539,858.5423414707184,0.03970176476721764,0.0018300558049509576,engdw,p100,1,,,,,10000,poisson
1693,943.1459054946899,0.033950347777551376,0.001213750666570511,engdw,p100,1,,,,,10000,poisson
1863,1036.5130648612976,0.03358158854269911,0.0012003671143949008,engdw,p100,1,,,,,10000,poisson
2049,1138.6935393810272,0.033127838792066766,0.0009591166159019605,engdw,p100,1,,,,,10000,poisson
2254,1251.259318113327,0.03205604161545824,0.0007801599562068013,engdw,p100,1,,,,,10000,poisson
2479,1374.7820763587952,0.030817416847893138,0.0008169302376622371,engdw,p100,1,,,,,10000,poisson
2727,1510.9563553333282,0.028272600000160793,0.0007278029541800424,engdw,p100,1,,,,,10000,poisson
3000,1660.7490928173065,0.027399097629034287,0.0005374862073715995,engdw,p100,1,,,,,10000,poisson
3299,1824.7518396377563,0.026070472288251958,0.0005367577934841759,engdw,p100,1,,,,,10000,poisson
3629,2005.7350614070892,0.02417248847379248,0.0004461925836201736,engdw,p100,1,,,,,10000,poisson
3992,2204.890115737915,0.02265466049065675,0.00043605637305311893,engdw,p100,1,,,,,10000,poisson
4391,2423.6547000408173,0.021514214347723434,0.000311594789380505,engdw,p100,1,,,,,10000,poisson
4831,2664.9896643161774,0.020643078749753442,0.00027438903940123595,engdw,p100,1,,,,,10000,poisson
5314,2929.8551807403564,0.01958237085510819,0.00031448064683894445,engdw,p100,1,,,,,10000,poisson
5845,3220.931287050247,0.018714716583804084,0.0002544768490349022,engdw,p100,1,,,,,10000,poisson
6429,3541.1951019763947,0.01763400638418971,0.00019492839096245287,engdw,p100,1,,,,,10000,poisson
7072,3893.7588770389557,0.017312572391568866,0.00016179084434956944,engdw,p100,1,,,,,10000,poisson
7779,4281.486921072006,0.01658187132050255,0.0001786361678765831,engdw,p100,1,,,,,10000,poisson
8557,4707.972609996796,0.016170355552838606,0.00022994114307964996,engdw,p100,1,,,,,10000,poisson
9413,5177.33900308609,0.015490150449934247,0.00017350601652737742,engdw,p100,1,,,,,10000,poisson
10354,5693.440882205963,0.015040909790915439,0.00012142087279722489,engdw,p100,1,,,,,10000,poisson
11389,6260.84024643898,0.014701809385499537,0.00016396341012222295,engdw,p100,1,,,,,10000,poisson
12528,6885.407577037811,0.014275932012846914,0.00012851280543594898,engdw,p100,1,,,,,10000,poisson
13781,7572.382226705551,0.013942073238557104,0.00015314393883946,engdw,p100,1,,,,,10000,poisson
15159,8327.629884958267,0.013507848743794586,0.00011106397117716044,engdw,p100,1,,,,,10000,poisson
16675,9158.346868038177,0.013351310430081548,9.248457187154496e-05,engdw,p100,1,,,,,10000,poisson
18211,10000.448130369186,0.013022359476255997,0.00011591044914219298,engdw,p100,1,,,,,10000,poisson
0,0.7021083831787109,0.8733971201457971,18.471769103810335,engdw,p100,2,,,,,10000,poisson
1,1.7573952674865723,0.8664951540662378,15.376294920043629,engdw,p100,2,,,,,10000,poisson
2,2.4492976665496826,0.7883630881260716,12.198601602574062,engdw,p100,2,,,,,10000,poisson
3,3.140869140625,0.7049087046155555,9.805424631433992,engdw,p100,2,,,,,10000,poisson
4,3.8336689472198486,0.6317402005769636,7.961572258477342,engdw,p100,2,,,,,10000,poisson
5,4.523691177368164,0.5752980333057779,6.513381693759132,engdw,p100,2,,,,,10000,poisson
6,5.216060400009155,0.5279517608969755,5.334467140701639,engdw,p100,2,,,,,10000,poisson
7,5.9058825969696045,0.4847355130283236,4.386868530613892,engdw,p100,2,,,,,10000,poisson
8,6.597589492797852,0.44875279515994093,3.6822938503613853,engdw,p100,2,,,,,10000,poisson
9,7.290173768997192,0.41701728324642284,2.9920965881499457,engdw,p100,2,,,,,10000,poisson
10,7.982561349868774,0.3834545401488663,2.500044142237994,engdw,p100,2,,,,,10000,poisson
11,8.674552917480469,0.3493302845903554,2.054205276234629,engdw,p100,2,,,,,10000,poisson
12,9.366637229919434,0.32567295501882465,1.6535760781693045,engdw,p100,2,,,,,10000,poisson
13,10.06497073173523,0.30505989610103923,1.4250350407507537,engdw,p100,2,,,,,10000,poisson
14,10.762495517730713,0.2849248193838223,1.1545787613980365,engdw,p100,2,,,,,10000,poisson
15,11.460683345794678,0.2657916156014594,0.9665611114921233,engdw,p100,2,,,,,10000,poisson
16,12.156835556030273,0.25714494885551853,0.7852029434331191,engdw,p100,2,,,,,10000,poisson
17,12.854804039001465,0.24507716400862384,0.6664911064233425,engdw,p100,2,,,,,10000,poisson
18,13.552243947982788,0.2391897761388398,0.5585993170726667,engdw,p100,2,,,,,10000,poisson
19,14.250213146209717,0.22507543844440323,0.47476536747724374,engdw,p100,2,,,,,10000,poisson
20,14.948367834091187,0.21095550054852596,0.40155088416294565,engdw,p100,2,,,,,10000,poisson
21,15.644919395446777,0.20310524443649333,0.3322063599286704,engdw,p100,2,,,,,10000,poisson
22,16.34167242050171,0.1962932683189672,0.26312733942298333,engdw,p100,2,,,,,10000,poisson
23,17.039076328277588,0.18921351886172796,0.2202840571622932,engdw,p100,2,,,,,10000,poisson
24,17.73604702949524,0.183348287378019,0.1983275256014962,engdw,p100,2,,,,,10000,poisson
25,18.43480396270752,0.1756128225241357,0.169303001626461,engdw,p100,2,,,,,10000,poisson
26,19.132325410842896,0.1701411773010822,0.12695705528712078,engdw,p100,2,,,,,10000,poisson
27,19.830159425735474,0.16567347326665294,0.11430050491909374,engdw,p100,2,,,,,10000,poisson
28,20.528806924819946,0.1612448884099112,0.09953066982346363,engdw,p100,2,,,,,10000,poisson
29,21.226101636886597,0.15882930932365225,0.08118294880013993,engdw,p100,2,,,,,10000,poisson
30,21.92372179031372,0.15403100819804116,0.07726033130897902,engdw,p100,2,,,,,10000,poisson
31,22.62000346183777,0.15045637719921695,0.0640594693258209,engdw,p100,2,,,,,10000,poisson
32,23.31813359260559,0.1480954010181308,0.06292834540285949,engdw,p100,2,,,,,10000,poisson
33,24.016498565673828,0.14392093562466152,0.052699364310112434,engdw,p100,2,,,,,10000,poisson
34,24.7143394947052,0.14177084884262173,0.03570750388663685,engdw,p100,2,,,,,10000,poisson
35,25.413031816482544,0.13886907891574676,0.039391249198943684,engdw,p100,2,,,,,10000,poisson
36,26.111597776412964,0.13948413748840363,0.03987934410708521,engdw,p100,2,,,,,10000,poisson
37,26.81137251853943,0.13696531801069492,0.03124671155389483,engdw,p100,2,,,,,10000,poisson
38,27.511524200439453,0.1349403053252399,0.028276823377271408,engdw,p100,2,,,,,10000,poisson
39,28.211233615875244,0.1322897083562257,0.027616059747761514,engdw,p100,2,,,,,10000,poisson
40,28.91122031211853,0.13039800583352565,0.02597918581941164,engdw,p100,2,,,,,10000,poisson
42,30.14048409461975,0.12509753954676378,0.025387848542023115,engdw,p100,2,,,,,10000,poisson
46,32.42454218864441,0.12146546061795074,0.022295860063032923,engdw,p100,2,,,,,10000,poisson
50,34.709288120269775,0.11595499695719531,0.01744018286041068,engdw,p100,2,,,,,10000,poisson
55,37.52402353286743,0.10981704509132065,0.01837964812271571,engdw,p100,2,,,,,10000,poisson
61,40.86738967895508,0.10675550175250377,0.014701847788267086,engdw,p100,2,,,,,10000,poisson
67,44.2228217124939,0.10313607024888624,0.013460714850508232,engdw,p100,2,,,,,10000,poisson
73,47.58715033531189,0.09692892992261429,0.013720948713719282,engdw,p100,2,,,,,10000,poisson
81,52.01335072517395,0.09107614865766854,0.011508965843978106,engdw,p100,2,,,,,10000,poisson
89,56.44313049316406,0.09016819884683108,0.011741596690687193,engdw,p100,2,,,,,10000,poisson
98,61.40444612503052,0.08720317450322305,0.012367781581085539,engdw,p100,2,,,,,10000,poisson
107,66.36808204650879,0.08458930975379367,0.011946520933642282,engdw,p100,2,,,,,10000,poisson
118,72.3947594165802,0.078464205081168,0.00960400637625309,engdw,p100,2,,,,,10000,poisson
130,78.94687175750732,0.07609853367235553,0.00939017737754839,engdw,p100,2,,,,,10000,poisson
143,86.09097027778625,0.07634587767464171,0.011015279102801237,engdw,p100,2,,,,,10000,poisson
157,93.76752519607544,0.07332355004620301,0.008384255384942346,engdw,p100,2,,,,,10000,poisson
172,101.98227405548096,0.07185722532049918,0.009637170071621263,engdw,p100,2,,,,,10000,poisson
190,111.81031727790833,0.06892890079605887,0.00761840752611166,engdw,p100,2,,,,,10000,poisson
208,121.62717986106873,0.06784634512634762,0.008218952414994957,engdw,p100,2,,,,,10000,poisson
229,133.05965757369995,0.06480250588605446,0.006851182544111477,engdw,p100,2,,,,,10000,poisson
252,145.56172513961792,0.061450263331817065,0.008447515792568697,engdw,p100,2,,,,,10000,poisson
277,159.1140913963318,0.06311690964119913,0.007433446211377901,engdw,p100,2,,,,,10000,poisson
305,174.31404566764832,0.06529828517582884,0.006694346987375508,engdw,p100,2,,,,,10000,poisson
335,190.5456964969635,0.059096077208977776,0.006575015877150988,engdw,p100,2,,,,,10000,poisson
369,208.94677448272705,0.05721868932572904,0.005092188710129967,engdw,p100,2,,,,,10000,poisson
406,228.95681476593018,0.05254401155927391,0.006281282883890736,engdw,p100,2,,,,,10000,poisson
446,250.55283856391907,0.05307724442262701,0.006136186152161806,engdw,p100,2,,,,,10000,poisson
491,274.8331809043884,0.054275567375650445,0.005208216461076039,engdw,p100,2,,,,,10000,poisson
540,301.36774826049805,0.05323429342270272,0.0050167781186232835,engdw,p100,2,,,,,10000,poisson
594,330.70781993865967,0.05254771628947711,0.005081805582134486,engdw,p100,2,,,,,10000,poisson
653,362.7590022087097,0.055327331199387736,0.004783443211927901,engdw,p100,2,,,,,10000,poisson
718,398.04962706565857,0.053712590004388105,0.0040988064628140215,engdw,p100,2,,,,,10000,poisson
790,437.07198691368103,0.05409747718238441,0.004259483723729822,engdw,p100,2,,,,,10000,poisson
869,479.8860697746277,0.05712672015768242,0.003972842301837715,engdw,p100,2,,,,,10000,poisson
956,527.0064144134521,0.05863558465242452,0.002822027374032152,engdw,p100,2,,,,,10000,poisson
1052,578.9718682765961,0.056300376082134236,0.0030786222804887655,engdw,p100,2,,,,,10000,poisson
1157,635.8451840877533,0.05472211747744342,0.0032816640670996072,engdw,p100,2,,,,,10000,poisson
1272,698.1056694984436,0.04763077635019146,0.0018512973865575113,engdw,p100,2,,,,,10000,poisson
1400,767.3818912506104,0.04002574317072015,0.0020995958127424455,engdw,p100,2,,,,,10000,poisson
1539,842.59547996521,0.03601056525412873,0.0013940504210735965,engdw,p100,2,,,,,10000,poisson
1693,925.8373484611511,0.03482227021399699,0.001134067376559953,engdw,p100,2,,,,,10000,poisson
1863,1017.7111423015594,0.03386494112279584,0.0010619595544343137,engdw,p100,2,,,,,10000,poisson
2049,1118.2110686302185,0.034079106165024936,0.0011614698486541923,engdw,p100,2,,,,,10000,poisson
2254,1229.0883021354675,0.03387121410929062,0.0011206621072701755,engdw,p100,2,,,,,10000,poisson
2479,1350.7088587284088,0.031640504138946424,0.0007992853904057203,engdw,p100,2,,,,,10000,poisson
2727,1484.6858203411102,0.030852573547639015,0.0006695432907639694,engdw,p100,2,,,,,10000,poisson
3000,1632.1473846435547,0.028779662530627925,0.0007476028841227211,engdw,p100,2,,,,,10000,poisson
3299,1793.6097490787506,0.02746841428027368,0.0006648971526901611,engdw,p100,2,,,,,10000,poisson
3629,1971.772670507431,0.02562816364559801,0.0006098627064008136,engdw,p100,2,,,,,10000,poisson
3992,2167.81014919281,0.024338699340303444,0.000549804579798498,engdw,p100,2,,,,,10000,poisson
4391,2383.1382310390472,0.023514285453910398,0.00038207603246029516,engdw,p100,2,,,,,10000,poisson
4831,2620.6387429237366,0.022374133050078012,0.000306191524715999,engdw,p100,2,,,,,10000,poisson
5314,2881.3989729881287,0.020965579578756603,0.00027884862489848777,engdw,p100,2,,,,,10000,poisson
5845,3167.9237518310547,0.019981818837019057,0.0003654658700080404,engdw,p100,2,,,,,10000,poisson
6429,3483.256461620331,0.01905426166271602,0.0003032040960792064,engdw,p100,2,,,,,10000,poisson
7072,3830.3150849342346,0.01883440686225432,0.0001625705046479198,engdw,p100,2,,,,,10000,poisson
7779,4211.650145530701,0.01765772682999869,0.00021647088651995333,engdw,p100,2,,,,,10000,poisson
8557,4631.1985602378845,0.0169658367597424,0.0002444168744323872,engdw,p100,2,,,,,10000,poisson
9413,5092.786153554916,0.016402590783978863,0.0002272061073196488,engdw,p100,2,,,,,10000,poisson
10354,5600.4995930194855,0.015856091790992368,0.00012974591827918046,engdw,p100,2,,,,,10000,poisson
11389,6159.040797948837,0.015623767689741866,0.00010719944616329499,engdw,p100,2,,,,,10000,poisson
12528,6773.691807746887,0.015054109531062334,0.00014350702170357567,engdw,p100,2,,,,,10000,poisson
13781,7449.775434970856,0.014557845584605923,0.00014079375662474756,engdw,p100,2,,,,,10000,poisson
15159,8192.859625577927,0.01395333798431343,0.00015525390255570893,engdw,p100,2,,,,,10000,poisson
16675,9010.302764177322,0.013821332358619093,0.00010342742663582961,engdw,p100,2,,,,,10000,poisson
18342,9909.639600038528,0.013399904825755983,0.00011586721628742418,engdw,p100,2,,,,,10000,poisson
18510,10000.44265627861,0.01346245961576783,0.00011537596053871625,engdw,p100,2,,,,,10000,poisson
0,0.6765444278717041,1.0152425024628966,18.227974142514814,engdw,p100,3,,,,,10000,poisson
1,1.7255136966705322,0.9831725302596147,14.996408370635317,engdw,p100,3,,,,,10000,poisson
2,2.4047458171844482,0.8737449276188664,11.937414169039004,engdw,p100,3,,,,,10000,poisson
3,3.0814473628997803,0.7783558524024108,9.648760581065739,engdw,p100,3,,,,,10000,poisson
4,3.759761095046997,0.6976890764902849,7.857139726999388,engdw,p100,3,,,,,10000,poisson
5,4.438522100448608,0.6329391294943978,6.477454103629687,engdw,p100,3,,,,,10000,poisson
6,5.115138053894043,0.5699189367348725,5.334002661013359,engdw,p100,3,,,,,10000,poisson
7,5.793731451034546,0.5158265426725053,4.356731895650327,engdw,p100,3,,,,,10000,poisson
8,6.475498676300049,0.4707513331099263,3.5928893118785967,engdw,p100,3,,,,,10000,poisson
9,7.159682273864746,0.43228653193205197,2.961534786914971,engdw,p100,3,,,,,10000,poisson
10,7.844706058502197,0.39491242757778916,2.4465768110907713,engdw,p100,3,,,,,10000,poisson
11,8.53403902053833,0.37198116112246243,2.0141436926355114,engdw,p100,3,,,,,10000,poisson
12,9.220011711120605,0.34758116306970843,1.6610465460434043,engdw,p100,3,,,,,10000,poisson
13,9.905014038085938,0.32606759545826736,1.405582731494118,engdw,p100,3,,,,,10000,poisson
14,10.587161779403687,0.30784455782463593,1.152887701092402,engdw,p100,3,,,,,10000,poisson
15,11.269695043563843,0.28430336363625364,0.9268235418545383,engdw,p100,3,,,,,10000,poisson
16,11.95191478729248,0.2672289937304171,0.7770149132909531,engdw,p100,3,,,,,10000,poisson
17,12.635875701904297,0.2513930421383809,0.6589100959587942,engdw,p100,3,,,,,10000,poisson
18,13.318774223327637,0.2389562647799561,0.5461532697691467,engdw,p100,3,,,,,10000,poisson
19,14.002950668334961,0.22380593576321056,0.4751553875694186,engdw,p100,3,,,,,10000,poisson
20,14.684844255447388,0.21020879884298618,0.3641881296544874,engdw,p100,3,,,,,10000,poisson
21,15.36664080619812,0.201973768716759,0.3286071565368827,engdw,p100,3,,,,,10000,poisson
22,16.04871678352356,0.19138559948920686,0.266148832558178,engdw,p100,3,,,,,10000,poisson
23,16.730730772018433,0.18517299717509997,0.2272341756761875,engdw,p100,3,,,,,10000,poisson
24,17.416988372802734,0.1783769831384578,0.18919002182107986,engdw,p100,3,,,,,10000,poisson
25,18.10334086418152,0.17184029156920164,0.15429497418257188,engdw,p100,3,,,,,10000,poisson
26,18.791776418685913,0.1641130805339483,0.13010787262412138,engdw,p100,3,,,,,10000,poisson
27,19.47995114326477,0.16168793520947053,0.10783890456084372,engdw,p100,3,,,,,10000,poisson
28,20.167694330215454,0.15616035620917026,0.09523848418566594,engdw,p100,3,,,,,10000,poisson
29,20.85712742805481,0.15212569601610607,0.09160392758699176,engdw,p100,3,,,,,10000,poisson
30,21.548978567123413,0.1473523402133846,0.07574045015730835,engdw,p100,3,,,,,10000,poisson
31,22.243893146514893,0.14263203315970538,0.06832701512691026,engdw,p100,3,,,,,10000,poisson
32,22.93626093864441,0.14190052053579422,0.05392309676635292,engdw,p100,3,,,,,10000,poisson
33,23.62570881843567,0.13725529582149876,0.05147811445189959,engdw,p100,3,,,,,10000,poisson
34,24.314932823181152,0.13460890965876035,0.03631280952111438,engdw,p100,3,,,,,10000,poisson
35,25.002975463867188,0.1326497152711151,0.04393923311737412,engdw,p100,3,,,,,10000,poisson
36,25.691837072372437,0.13273526192118376,0.0401958262042377,engdw,p100,3,,,,,10000,poisson
37,26.37937617301941,0.12885874664179484,0.03685684229310075,engdw,p100,3,,,,,10000,poisson
38,27.06817626953125,0.12632584372298175,0.02925866301677202,engdw,p100,3,,,,,10000,poisson
39,27.75705361366272,0.12468308379736776,0.022397955549940382,engdw,p100,3,,,,,10000,poisson
40,28.449439525604248,0.12478489466004532,0.02572107572393575,engdw,p100,3,,,,,10000,poisson
42,29.667234659194946,0.12171414093657246,0.02275108972206879,engdw,p100,3,,,,,10000,poisson
46,31.92038607597351,0.1108318551566784,0.01710454005393923,engdw,p100,3,,,,,10000,poisson
50,34.16771149635315,0.10585394336061696,0.014485876264539252,engdw,p100,3,,,,,10000,poisson
55,36.95175790786743,0.1002018927406183,0.013717661023143372,engdw,p100,3,,,,,10000,poisson
61,40.26277780532837,0.09793990989639499,0.013320419323698431,engdw,p100,3,,,,,10000,poisson
67,43.574580669403076,0.09534658006208996,0.013354677895573668,engdw,p100,3,,,,,10000,poisson
73,46.885568141937256,0.09229475776709202,0.012497877613471608,engdw,p100,3,,,,,10000,poisson
81,51.24375057220459,0.08764988443695917,0.012337610019203322,engdw,p100,3,,,,,10000,poisson
89,55.60141038894653,0.08327888651018649,0.012412389898017254,engdw,p100,3,,,,,10000,poisson
98,60.48134112358093,0.07824915598555887,0.009473525167052663,engdw,p100,3,,,,,10000,poisson
107,65.36111497879028,0.07621865487476324,0.009227942804236963,engdw,p100,3,,,,,10000,poisson
118,71.28660011291504,0.07482928019243108,0.00955132618138706,engdw,p100,3,,,,,10000,poisson
130,77.73382568359375,0.07165758964404254,0.008482914118143472,engdw,p100,3,,,,,10000,poisson
143,84.70459342002869,0.07187221509845164,0.009237084671921358,engdw,p100,3,,,,,10000,poisson
157,92.2008273601532,0.07031406163370886,0.009361075804684874,engdw,p100,3,,,,,10000,poisson
172,100.23846578598022,0.06828437708701138,0.006987791920234869,engdw,p100,3,,,,,10000,poisson
190,109.84794402122498,0.06973669193271465,0.008416401117731582,engdw,p100,3,,,,,10000,poisson
208,119.44704627990723,0.0663805176657785,0.008498841874141617,engdw,p100,3,,,,,10000,poisson
229,130.64624428749084,0.06279755241100067,0.007605689681592936,engdw,p100,3,,,,,10000,poisson
252,142.86025595664978,0.06182342424552561,0.005936325149924619,engdw,p100,3,,,,,10000,poisson
277,156.11550879478455,0.05996525491875348,0.005335089493885885,engdw,p100,3,,,,,10000,poisson
305,170.93919849395752,0.05642641910794828,0.006458417442621415,engdw,p100,3,,,,,10000,poisson
335,186.83064556121826,0.054189993979534896,0.00610355305538186,engdw,p100,3,,,,,10000,poisson
369,204.83901262283325,0.05564205039580156,0.005148166556230342,engdw,p100,3,,,,,10000,poisson
406,224.40307307243347,0.05409587644289894,0.004733014447604845,engdw,p100,3,,,,,10000,poisson
446,245.51695919036865,0.05476869857255131,0.004969444560350145,engdw,p100,3,,,,,10000,poisson
491,269.2476546764374,0.05368465352376448,0.00576158995786033,engdw,p100,3,,,,,10000,poisson
540,295.0806562900543,0.05459983316411651,0.005257689954297729,engdw,p100,3,,,,,10000,poisson
594,323.5251030921936,0.05405709333636448,0.004576555325071122,engdw,p100,3,,,,,10000,poisson
653,354.5948143005371,0.05271497215804922,0.0052733716514086395,engdw,p100,3,,,,,10000,poisson
718,388.7856357097626,0.05315040192189193,0.004729195125550984,engdw,p100,3,,,,,10000,poisson
790,426.64939737319946,0.05795257506657356,0.003248667789353189,engdw,p100,3,,,,,10000,poisson
869,468.1914577484131,0.05716995629499663,0.003842554586058213,engdw,p100,3,,,,,10000,poisson
956,513.9213333129883,0.05710604059623178,0.003996734686270443,engdw,p100,3,,,,,10000,poisson
1052,564.3595051765442,0.05572047921854084,0.002744126783277294,engdw,p100,3,,,,,10000,poisson
1157,619.5114178657532,0.054456372106943665,0.002567834200902481,engdw,p100,3,,,,,10000,poisson
1272,679.9129312038422,0.04897691067506423,0.0025322118307479955,engdw,p100,3,,,,,10000,poisson
1400,747.1087231636047,0.03965425412032202,0.002013223278710184,engdw,p100,3,,,,,10000,poisson
1539,820.0752215385437,0.035336684139911395,0.0016607032096332998,engdw,p100,3,,,,,10000,poisson
1693,900.8960721492767,0.035795608606513235,0.0015946990975007707,engdw,p100,3,,,,,10000,poisson
1863,990.1033449172974,0.037204659733096425,0.001096413097981367,engdw,p100,3,,,,,10000,poisson
2049,1087.6779141426086,0.03536246085715546,0.0011498138681121292,engdw,p100,3,,,,,10000,poisson
2254,1195.2035555839539,0.03510641356983238,0.0009955091918055423,engdw,p100,3,,,,,10000,poisson
2479,1313.1934769153595,0.034440120634156954,0.000945859183344438,engdw,p100,3,,,,,10000,poisson
2727,1443.1963763237,0.03337069112157178,0.0007207341391018765,engdw,p100,3,,,,,10000,poisson
3000,1586.378114938736,0.03146275111068974,0.0008111192871223998,engdw,p100,3,,,,,10000,poisson
3299,1743.139351606369,0.030711212810002164,0.0006024728522477969,engdw,p100,3,,,,,10000,poisson
3629,1916.0102233886719,0.029303074751308902,0.0008138344092532498,engdw,p100,3,,,,,10000,poisson
3992,2106.1674423217773,0.02692175701075346,0.0006407523040434459,engdw,p100,3,,,,,10000,poisson
4391,2315.232596874237,0.02569085328931633,0.0004802054120121108,engdw,p100,3,,,,,10000,poisson
4831,2545.7274322509766,0.024394212124027547,0.00038131836101776035,engdw,p100,3,,,,,10000,poisson
5314,2798.877008676529,0.023272857352391343,0.0003511026359926101,engdw,p100,3,,,,,10000,poisson
5845,3077.0585329532623,0.02227319570129565,0.00028467859833542484,engdw,p100,3,,,,,10000,poisson
6429,3382.96785569191,0.0212324337490356,0.00023908459463614407,engdw,p100,3,,,,,10000,poisson
7072,3719.758182287216,0.019960610839971665,0.0002539846663593793,engdw,p100,3,,,,,10000,poisson
7779,4090.1123723983765,0.0190589436278589,0.00022913848628065798,engdw,p100,3,,,,,10000,poisson
8557,4497.531837463379,0.018274095933132128,0.0002834360669928326,engdw,p100,3,,,,,10000,poisson
9413,4945.798487901688,0.017505771727346343,0.00017792109149195368,engdw,p100,3,,,,,10000,poisson
10354,5438.474483728409,0.016745499464041576,0.00022035879995065325,engdw,p100,3,,,,,10000,poisson
11389,5980.008072376251,0.016105610374170777,0.0001251744559244044,engdw,p100,3,,,,,10000,poisson
12528,6576.282270669937,0.015570463020301585,0.0001916858579258207,engdw,p100,3,,,,,10000,poisson
13781,7232.372791290283,0.01518416864304467,0.00017817160258533701,engdw,p100,3,,,,,10000,poisson
15159,7953.957296848297,0.014407281344271723,0.00011253672344760165,engdw,p100,3,,,,,10000,poisson
16675,8747.691831827164,0.01410741882678119,0.0001273653241591189,engdw,p100,3,,,,,10000,poisson
18342,9620.528403997421,0.013609618008468988,0.00010426413894926579,engdw,p100,3,,,,,10000,poisson
19067,10000.166705608368,0.013530490438950231,0.00011621639288518737,engdw,p100,3,,,,,10000,poisson
0,0.7942714691162109,8.543377326784704,124.79941088089237,engdw,p5,1,,,,,7000,poisson
1,1.7171895503997803,8.095445184218805,355123.22673355695,engdw,p5,1,,,,,7000,poisson
2,2.301633834838867,7.663846136865743,278479.39283504797,engdw,p5,1,,,,,7000,poisson
3,2.8903517723083496,7.269341363723778,245544.73838432351,engdw,p5,1,,,,,7000,poisson
4,3.477229356765747,6.8870910170176005,327172.6936529837,engdw,p5,1,,,,,7000,poisson
5,4.065932273864746,6.526253845961831,211004.5730115981,engdw,p5,1,,,,,7000,poisson
6,4.6543262004852295,6.181931246023585,221310.40420574075,engdw,p5,1,,,,,7000,poisson
7,5.242417335510254,5.857327998517379,178427.0244116017,engdw,p5,1,,,,,7000,poisson
8,5.82957649230957,5.5485766430298735,165333.40112925443,engdw,p5,1,,,,,7000,poisson
9,6.4184184074401855,5.258871566785282,125770.70700704442,engdw,p5,1,,,,,7000,poisson
10,7.006272077560425,4.981061762165087,143387.93454227783,engdw,p5,1,,,,,7000,poisson
11,7.593311548233032,4.718797589726014,108925.66385573034,engdw,p5,1,,,,,7000,poisson
12,8.181011438369751,4.471581072686934,107170.44332423265,engdw,p5,1,,,,,7000,poisson
13,8.768325567245483,4.237283488955848,94050.57339585945,engdw,p5,1,,,,,7000,poisson
14,9.35511302947998,4.016237353238675,90447.1801095666,engdw,p5,1,,,,,7000,poisson
15,9.941754579544067,3.8065964841838658,94546.86509095297,engdw,p5,1,,,,,7000,poisson
16,10.533175230026245,3.6090531835066635,56956.00325369173,engdw,p5,1,,,,,7000,poisson
17,11.127004623413086,3.4201943897361757,55295.01249122042,engdw,p5,1,,,,,7000,poisson
18,11.718674421310425,3.2416279230352107,65078.552059548354,engdw,p5,1,,,,,7000,poisson
19,12.309453964233398,3.073741751795202,50746.93605452915,engdw,p5,1,,,,,7000,poisson
20,12.90037727355957,2.9149166218049607,50863.70170987142,engdw,p5,1,,,,,7000,poisson
21,13.493720531463623,2.761877777214975,34612.78485020019,engdw,p5,1,,,,,7000,poisson
22,14.105427503585815,2.6177874887869135,42067.02719755389,engdw,p5,1,,,,,7000,poisson
23,14.721894264221191,2.481540914829269,28426.8615110289,engdw,p5,1,,,,,7000,poisson
24,15.346666812896729,2.352809191833728,32980.411362315586,engdw,p5,1,,,,,7000,poisson
25,15.990505933761597,2.229712345925801,29823.37996588474,engdw,p5,1,,,,,7000,poisson
26,16.632044553756714,2.114733681299599,22756.981130595745,engdw,p5,1,,,,,7000,poisson
27,17.28088068962097,2.005088791410359,19888.06820267841,engdw,p5,1,,,,,7000,poisson
28,17.925945043563843,1.9012072605156398,14957.485225582792,engdw,p5,1,,,,,7000,poisson
29,18.587385177612305,1.8027404729057108,19927.453564975724,engdw,p5,1,,,,,7000,poisson
30,19.25381898880005,1.7090712717606777,15396.506084082659,engdw,p5,1,,,,,7000,poisson
31,19.915229320526123,1.6207523616767152,17367.022814441345,engdw,p5,1,,,,,7000,poisson
32,20.577319145202637,1.5373787042001652,12233.119675205233,engdw,p5,1,,,,,7000,poisson
33,21.244380474090576,1.4568136497131068,9525.644043363684,engdw,p5,1,,,,,7000,poisson
34,21.921384572982788,1.3811599120781717,11457.571956552489,engdw,p5,1,,,,,7000,poisson
35,22.59507703781128,1.3099235809993799,9418.545575949665,engdw,p5,1,,,,,7000,poisson
36,23.27564287185669,1.241973379962082,11291.877202343678,engdw,p5,1,,,,,7000,poisson
37,23.953526735305786,1.1772413583754928,7942.040338592966,engdw,p5,1,,,,,7000,poisson
38,24.633580923080444,1.11622146267912,6921.595948053638,engdw,p5,1,,,,,7000,poisson
39,25.32067847251892,1.0583425124525898,7707.310635457939,engdw,p5,1,,,,,7000,poisson
40,26.046791315078735,1.0032781580847139,5057.995733802179,engdw,p5,1,,,,,7000,poisson
42,27.49958634376526,0.9011648956718049,4520.286787306906,engdw,p5,1,,,,,7000,poisson
46,30.410766124725342,0.7281685127590576,3659.1823177092597,engdw,p5,1,,,,,7000,poisson
50,33.319008350372314,0.5873025150014534,1627.646662752955,engdw,p5,1,,,,,7000,poisson
55,36.982351541519165,0.44985168354794425,1018.9459815746822,engdw,p5,1,,,,,7000,poisson
61,41.427138328552246,0.32442632536041344,597.2705173102354,engdw,p5,1,,,,,7000,poisson
67,45.87256455421448,0.23400810830223012,233.6302204849283,engdw,p5,1,,,,,7000,poisson
73,50.315850496292114,0.16786295554718889,140.98166610570158,engdw,p5,1,,,,,7000,poisson
81,56.28126764297485,0.10710391361591161,61.84714328264656,engdw,p5,1,,,,,7000,poisson
89,62.23903179168701,0.06682540108591094,28.597088186333846,engdw,p5,1,,,,,7000,poisson
98,68.94832825660706,0.03913273190693138,12.792739910425157,engdw,p5,1,,,,,7000,poisson
107,75.65595579147339,0.02225126461134401,4.864755154529918,engdw,p5,1,,,,,7000,poisson
118,83.88227272033691,0.010967837163946162,1.524117477682658,engdw,p5,1,,,,,7000,poisson
130,92.89670634269714,0.005869243915739931,0.628950604371913,engdw,p5,1,,,,,7000,poisson
143,102.62044477462769,0.0034751155269014933,0.19420446649863454,engdw,p5,1,,,,,7000,poisson
157,113.11916995048523,0.0027025719895604097,0.062255154460781,engdw,p5,1,,,,,7000,poisson
172,124.39941596984863,0.0041836241581140726,0.019370742879571776,engdw,p5,1,,,,,7000,poisson
190,137.925452709198,0.005289340665226991,0.009913925237104429,engdw,p5,1,,,,,7000,poisson
208,151.38193345069885,0.005419218690181009,0.003360721801296201,engdw,p5,1,,,,,7000,poisson
229,167.0689914226532,0.0044839591962741975,0.0012430092681366817,engdw,p5,1,,,,,7000,poisson
252,184.26520586013794,0.003054163657351516,0.00037470208659208884,engdw,p5,1,,,,,7000,poisson
277,202.92120909690857,0.0018388791698097527,0.0001420348763994384,engdw,p5,1,,,,,7000,poisson
305,223.80932760238647,0.0009379150947662045,7.045215241804328e-05,engdw,p5,1,,,,,7000,poisson
335,246.2643735408783,0.0005195017230807824,3.3324303410071096e-05,engdw,p5,1,,,,,7000,poisson
369,271.6252291202545,0.0003906966426635052,1.992356618169054e-05,engdw,p5,1,,,,,7000,poisson
406,299.3062160015106,0.00030692530806609823,7.850917733433702e-06,engdw,p5,1,,,,,7000,poisson
446,329.34218311309814,0.00023694107660982057,9.396409531812526e-06,engdw,p5,1,,,,,7000,poisson
491,363.35274720191956,0.00020730238375659982,5.94669292821568e-06,engdw,p5,1,,,,,7000,poisson
540,400.59339666366577,0.00019250248652793748,3.93059617032728e-06,engdw,p5,1,,,,,7000,poisson
594,441.58829855918884,0.00016398282246171455,2.8011375015422715e-06,engdw,p5,1,,,,,7000,poisson
653,486.24876713752747,0.00016873783584622567,1.354576769397405e-06,engdw,p5,1,,,,,7000,poisson
718,535.1450262069702,0.00012089786415989167,1.1267062614376402e-06,engdw,p5,1,,,,,7000,poisson
790,589.3843457698822,0.00010848188453724349,8.048605120324594e-07,engdw,p5,1,,,,,7000,poisson
869,648.8708872795105,8.2192741801037e-05,3.8892707896178703e-07,engdw,p5,1,,,,,7000,poisson
956,714.5010340213776,5.9054326967943674e-05,3.874905325627173e-07,engdw,p5,1,,,,,7000,poisson
1052,786.834972858429,4.368229758109992e-05,3.9778772376807726e-07,engdw,p5,1,,,,,7000,poisson
1157,866.6149535179138,3.636373644396586e-05,2.152289765257983e-07,engdw,p5,1,,,,,7000,poisson
1272,953.9372129440308,2.932947240702137e-05,9.329257183151434e-08,engdw,p5,1,,,,,7000,poisson
1400,1051.3763296604156,2.681271225603153e-05,4.8393629294755416e-08,engdw,p5,1,,,,,7000,poisson
1539,1157.1841251850128,2.237858046678703e-05,4.934881660290933e-08,engdw,p5,1,,,,,7000,poisson
1693,1274.2972073554993,1.963014717860476e-05,8.916590387938767e-08,engdw,p5,1,,,,,7000,poisson
1863,1403.3161597251892,1.7507083082708563e-05,4.623945031103186e-08,engdw,p5,1,,,,,7000,poisson
2049,1544.5731136798859,1.6711502756929495e-05,3.239925997915276e-08,engdw,p5,1,,,,,7000,poisson
2254,1700.0308585166931,1.532941748942907e-05,4.6974569975750516e-08,engdw,p5,1,,,,,7000,poisson
2479,1867.1828382015228,1.4586256749464185e-05,2.537724135214861e-08,engdw,p5,1,,,,,7000,poisson
2727,2051.273792028427,1.370326595427133e-05,2.1909006475499143e-08,engdw,p5,1,,,,,7000,poisson
3000,2255.2961015701294,1.3336021864301469e-05,1.7291756346072697e-08,engdw,p5,1,,,,,7000,poisson
3299,2475.2342755794525,1.2796561599081157e-05,1.8988774423262942e-08,engdw,p5,1,,,,,7000,poisson
3629,2719.4686603546143,1.2561749544939219e-05,1.407146375914514e-08,engdw,p5,1,,,,,7000,poisson
3992,2997.8700680732727,1.162889498149051e-05,1.473605383058042e-08,engdw,p5,1,,,,,7000,poisson
4391,3305.320821285248,1.1396676989988446e-05,1.1235880253479905e-08,engdw,p5,1,,,,,7000,poisson
4831,3644.530214548111,1.0772339012731027e-05,1.1929547629571136e-08,engdw,p5,1,,,,,7000,poisson
5314,4020.057130098343,1.0475343132834821e-05,1.2519294897672113e-08,engdw,p5,1,,,,,7000,poisson
5845,4428.471540689468,9.789930956197194e-06,7.16960332496132e-09,engdw,p5,1,,,,,7000,poisson
6429,4886.045170307159,9.326748316014958e-06,7.634743628398318e-09,engdw,p5,1,,,,,7000,poisson
7072,5392.798025608063,8.789562187772992e-06,6.3683483635005725e-09,engdw,p5,1,,,,,7000,poisson
7779,5952.3116154670715,8.418378733821995e-06,5.093586594408585e-09,engdw,p5,1,,,,,7000,poisson
8557,6570.9483461380005,7.843520960327112e-06,4.282508686944333e-09,engdw,p5,1,,,,,7000,poisson
9094,7000.054335832596,7.51798859915589e-06,4.755115357772536e-09,engdw,p5,1,,,,,7000,poisson
0,0.816795825958252,6.457225601572629,125.73075180603173,engdw,p5,2,,,,,7000,poisson
1,1.7348170280456543,6.144226083904566,547367.1385574748,engdw,p5,2,,,,,7000,poisson
2,2.307342767715454,5.806430838323656,416409.8747066841,engdw,p5,2,,,,,7000,poisson
3,2.8815722465515137,5.497796886965963,390050.36550537054,engdw,p5,2,,,,,7000,poisson
4,3.455251455307007,5.195078617269872,385489.85936237214,engdw,p5,2,,,,,7000,poisson
5,4.02992582321167,4.918523137233625,262561.78356621286,engdw,p5,2,,,,,7000,poisson
6,4.6016833782196045,4.657535510949071,332676.25566493004,engdw,p5,2,,,,,7000,poisson
7,5.173621892929077,4.41154757305345,244936.62128387418,engdw,p5,2,,,,,7000,poisson
8,5.7477617263793945,4.1844153534247015,198444.29206103855,engdw,p5,2,,,,,7000,poisson
9,6.324869155883789,3.963025536237542,159046.51431829247,engdw,p5,2,,,,,7000,poisson
10,6.897830963134766,3.7584054775545948,193840.76329224918,engdw,p5,2,,,,,7000,poisson
11,7.47053074836731,3.559039797580255,158551.02746990736,engdw,p5,2,,,,,7000,poisson
12,8.043657302856445,3.373040187144877,146142.39457725294,engdw,p5,2,,,,,7000,poisson
13,8.617869138717651,3.1948348339654693,177984.09899468735,engdw,p5,2,,,,,7000,poisson
14,9.190099477767944,3.0265222857782628,144915.515339795,engdw,p5,2,,,,,7000,poisson
15,9.763401985168457,2.867629921662457,99094.0118042648,engdw,p5,2,,,,,7000,poisson
16,10.338016748428345,2.715368266831408,110348.85255407666,engdw,p5,2,,,,,7000,poisson
17,10.918344020843506,2.572653616079973,78930.49753731876,engdw,p5,2,,,,,7000,poisson
18,11.49247670173645,2.4393334231605572,86492.27958034193,engdw,p5,2,,,,,7000,poisson
19,12.066237926483154,2.311760325821906,62902.57053150584,engdw,p5,2,,,,,7000,poisson
20,12.641836166381836,2.1887636994470747,61428.21765538657,engdw,p5,2,,,,,7000,poisson
21,13.217962741851807,2.0741826769843135,48926.10505868435,engdw,p5,2,,,,,7000,poisson
22,13.792197465896606,1.9663344249784227,76993.18533126827,engdw,p5,2,,,,,7000,poisson
23,14.364136934280396,1.863162191221935,56024.28105250545,engdw,p5,2,,,,,7000,poisson
24,14.948149681091309,1.764168943978924,34052.28962895119,engdw,p5,2,,,,,7000,poisson
25,15.53750205039978,1.6717027996762932,39807.03068075303,engdw,p5,2,,,,,7000,poisson
26,16.109314918518066,1.5838094426262863,29156.001220309063,engdw,p5,2,,,,,7000,poisson
27,16.681808471679688,1.50162965348767,23993.788516429566,engdw,p5,2,,,,,7000,poisson
28,17.255406379699707,1.4241412606286499,37629.742081007986,engdw,p5,2,,,,,7000,poisson
29,17.828652143478394,1.3497046629460772,32424.60494562058,engdw,p5,2,,,,,7000,poisson
30,18.402721881866455,1.2793966259807088,25237.68428680005,engdw,p5,2,,,,,7000,poisson
31,18.974921464920044,1.2131849363635965,16369.323861422672,engdw,p5,2,,,,,7000,poisson
32,19.547511100769043,1.1507974157501146,15110.810209541387,engdw,p5,2,,,,,7000,poisson
33,20.119480848312378,1.0911079566394657,15287.121912890296,engdw,p5,2,,,,,7000,poisson
34,20.69159245491028,1.03488344079257,14856.467614577374,engdw,p5,2,,,,,7000,poisson
35,21.26409387588501,0.9812818978453857,17996.180328239887,engdw,p5,2,,,,,7000,poisson
36,21.836894273757935,0.9298782679314673,16223.3398592301,engdw,p5,2,,,,,7000,poisson
37,22.41072154045105,0.881507123191456,10062.981887683198,engdw,p5,2,,,,,7000,poisson
38,22.985553741455078,0.8356731058257942,9089.022537878436,engdw,p5,2,,,,,7000,poisson
39,23.560750484466553,0.7918829265611247,7555.243608009394,engdw,p5,2,,,,,7000,poisson
40,24.13444471359253,0.7506195793283043,7439.370734540114,engdw,p5,2,,,,,7000,poisson
42,25.2763888835907,0.6742544766829685,7103.016008389049,engdw,p5,2,,,,,7000,poisson
46,27.555335760116577,0.5432706718501239,3933.1462134106832,engdw,p5,2,,,,,7000,poisson
50,29.836119651794434,0.4390659045816088,2858.548311570229,engdw,p5,2,,,,,7000,poisson
55,32.69117736816406,0.3366798656635779,1445.8897285652324,engdw,p5,2,,,,,7000,poisson
61,36.13461494445801,0.24586860899032553,971.9858186937371,engdw,p5,2,,,,,7000,poisson
67,39.57649803161621,0.1789773689854158,612.4448713466227,engdw,p5,2,,,,,7000,poisson
73,43.01868557929993,0.13108241240788426,288.42911526607566,engdw,p5,2,,,,,7000,poisson
81,47.60622239112854,0.08646726141022427,451.32691028400757,engdw,p5,2,,,,,7000,poisson
89,52.197309732437134,0.057131895099959314,61.826743520732684,engdw,p5,2,,,,,7000,poisson
98,57.35983610153198,0.03565995472514029,29.62095085187553,engdw,p5,2,,,,,7000,poisson
107,62.530346393585205,0.02236672277625504,8.888024953452426,engdw,p5,2,,,,,7000,poisson
118,68.84054112434387,0.01309003326509496,9.067817441261333,engdw,p5,2,,,,,7000,poisson
130,75.72054147720337,0.007448242739497742,1.7278366346933007,engdw,p5,2,,,,,7000,poisson
143,83.17449688911438,0.004829666024717611,0.7439241630791998,engdw,p5,2,,,,,7000,poisson
157,91.20281720161438,0.005108889143976784,0.3225592549225719,engdw,p5,2,,,,,7000,poisson
172,99.80806875228882,0.00740673230867053,0.41164187294282734,engdw,p5,2,,,,,7000,poisson
190,110.12413573265076,0.00902987617737422,0.030157566456102274,engdw,p5,2,,,,,7000,poisson
208,120.58440208435059,0.012144698263727443,0.014194275318399606,engdw,p5,2,,,,,7000,poisson
229,132.75930047035217,0.013677689207212747,0.005964462627694766,engdw,p5,2,,,,,7000,poisson
252,145.9452464580536,0.01250302610186867,0.012509549507729988,engdw,p5,2,,,,,7000,poisson
277,160.26219701766968,0.009346222113449395,0.0008630640612411861,engdw,p5,2,,,,,7000,poisson
305,176.304025888443,0.006128602101713259,0.0012605494568107565,engdw,p5,2,,,,,7000,poisson
335,193.47626900672913,0.003950264607458098,0.0009818490073209415,engdw,p5,2,,,,,7000,poisson
369,212.94870448112488,0.002516470719047856,0.00023075691884451015,engdw,p5,2,,,,,7000,poisson
406,234.1688632965088,0.001612354051007266,0.0003055481957198033,engdw,p5,2,,,,,7000,poisson
446,257.0840847492218,0.0010641521687261716,0.0007383265883899408,engdw,p5,2,,,,,7000,poisson
491,282.865394115448,0.0007699280659442511,7.329477164761636e-05,engdw,p5,2,,,,,7000,poisson
540,310.9349465370178,0.0006650133234061127,0.00011128041749013195,engdw,p5,2,,,,,7000,poisson
594,341.85635209083557,0.0004903922468996397,8.422246988781988e-05,engdw,p5,2,,,,,7000,poisson
653,375.6497836112976,0.00033742633100976717,2.581978717353753e-05,engdw,p5,2,,,,,7000,poisson
718,412.8544855117798,0.000316995646468385,0.00023027291360637237,engdw,p5,2,,,,,7000,poisson
790,454.08482813835144,0.000258058499001848,0.00014019621310993013,engdw,p5,2,,,,,7000,poisson
869,499.3283851146698,0.00018344827643334435,2.7680096992008564e-05,engdw,p5,2,,,,,7000,poisson
956,549.1459562778473,0.0001854193564370499,1.0756949394465116e-05,engdw,p5,2,,,,,7000,poisson
1052,604.1622030735016,0.00014922561051906543,1.5777007400778593e-05,engdw,p5,2,,,,,7000,poisson
1157,664.3394491672516,0.00011761862230510207,7.059483990509854e-05,engdw,p5,2,,,,,7000,poisson
1272,730.2794692516327,9.811169228563483e-05,5.060475798989861e-06,engdw,p5,2,,,,,7000,poisson
1400,803.636506319046,9.220229448688329e-05,3.4379327566146385e-05,engdw,p5,2,,,,,7000,poisson
1539,883.2920160293579,7.554730596139871e-05,3.7544157208935565e-05,engdw,p5,2,,,,,7000,poisson
1693,971.5401451587677,7.095091815976194e-05,1.0096382963136875e-06,engdw,p5,2,,,,,7000,poisson
1863,1069.0620501041412,6.343188732574433e-05,6.196862879669349e-05,engdw,p5,2,,,,,7000,poisson
2049,1175.6254606246948,5.847799261537335e-05,5.6042852356150465e-06,engdw,p5,2,,,,,7000,poisson
2254,1293.0821435451508,5.507137952247261e-05,6.8419554209403255e-06,engdw,p5,2,,,,,7000,poisson
2479,1422.1443183422089,4.956733562496099e-05,3.18462627666723e-05,engdw,p5,2,,,,,7000,poisson
2727,1564.4858112335205,4.588689811082987e-05,1.2394256299623606e-06,engdw,p5,2,,,,,7000,poisson
3000,1721.1640348434448,4.226589924660099e-05,1.0426931542379923e-06,engdw,p5,2,,,,,7000,poisson
3299,1892.5603511333466,3.979634870585885e-05,1.6932610902925398e-06,engdw,p5,2,,,,,7000,poisson
3629,2081.688414812088,3.72700724005618e-05,7.880934059933047e-08,engdw,p5,2,,,,,7000,poisson
3992,2289.877211332321,3.422110332527487e-05,3.242786394413453e-07,engdw,p5,2,,,,,7000,poisson
4391,2518.6851477622986,3.2986383429178936e-05,1.0269861780739904e-07,engdw,p5,2,,,,,7000,poisson
4831,2770.865002632141,3.0217750954521175e-05,2.211764680924157e-07,engdw,p5,2,,,,,7000,poisson
5314,3048.761750459671,2.8073942725549172e-05,3.4847931454350415e-07,engdw,p5,2,,,,,7000,poisson
5845,3352.9650049209595,2.6226611355523107e-05,3.3862957030069324e-07,engdw,p5,2,,,,,7000,poisson
6429,3688.179395675659,2.4856516152102816e-05,1.8424170366622699e-07,engdw,p5,2,,,,,7000,poisson
7072,4056.6042988300323,2.3292677366565954e-05,1.0029068269859733e-05,engdw,p5,2,,,,,7000,poisson
7779,4461.934523820877,2.1731528621679174e-05,1.9705599048202096e-08,engdw,p5,2,,,,,7000,poisson
8557,4907.83985543251,2.052412740847765e-05,9.358571680242193e-07,engdw,p5,2,,,,,7000,poisson
9413,5398.745758771896,1.9427572766097703e-05,9.441653838064796e-08,engdw,p5,2,,,,,7000,poisson
10354,5940.407366514206,1.7942796282032677e-05,2.60224243386504e-07,engdw,p5,2,,,,,7000,poisson
11389,6532.7817051410675,1.6977929039556586e-05,4.204930354864036e-07,engdw,p5,2,,,,,7000,poisson
12203,7000.398940324783,1.6510310389937503e-05,1.3945707556437045e-08,engdw,p5,2,,,,,7000,poisson
0,0.8088579177856445,3.9198181745810303,122.1390913161856,engdw,p5,3,,,,,7000,poisson
1,1.7350592613220215,3.718318264028759,118530.70585375013,engdw,p5,3,,,,,7000,poisson
2,2.303987979888916,3.5250483827346937,94903.21766878526,engdw,p5,3,,,,,7000,poisson
3,2.871722936630249,3.3353495090092076,89552.35935667025,engdw,p5,3,,,,,7000,poisson
4,3.4393508434295654,3.1567753226583077,82199.69938454335,engdw,p5,3,,,,,7000,poisson
5,4.024033308029175,2.9875389068036906,76679.19166217391,engdw,p5,3,,,,,7000,poisson
6,4.611547946929932,2.831373035346327,75579.79905083607,engdw,p5,3,,,,,7000,poisson
7,5.184420108795166,2.6824903979445747,56661.21904127376,engdw,p5,3,,,,,7000,poisson
8,5.756117105484009,2.5380136840275376,57985.799435385314,engdw,p5,3,,,,,7000,poisson
9,6.328531503677368,2.403568428284949,53717.53032894899,engdw,p5,3,,,,,7000,poisson
10,6.898292064666748,2.2776437468445336,43632.86680049396,engdw,p5,3,,,,,7000,poisson
11,7.468505620956421,2.1585215651462057,38061.79062402674,engdw,p5,3,,,,,7000,poisson
12,8.037623882293701,2.0431740030811354,39736.21294596473,engdw,p5,3,,,,,7000,poisson
13,8.609580755233765,1.9357449268881235,39234.78852869718,engdw,p5,3,,,,,7000,poisson
14,9.17794680595398,1.8331995773603438,34433.424204997995,engdw,p5,3,,,,,7000,poisson
15,9.747603416442871,1.7362811642664704,24329.514492416532,engdw,p5,3,,,,,7000,poisson
16,10.317316055297852,1.6455423286724147,22087.90359379469,engdw,p5,3,,,,,7000,poisson
17,10.887299537658691,1.5594695767080353,23727.6781152979,engdw,p5,3,,,,,7000,poisson
18,11.457425117492676,1.4787694877158941,19238.456046432635,engdw,p5,3,,,,,7000,poisson
19,12.026147365570068,1.400477114506877,18919.803892923206,engdw,p5,3,,,,,7000,poisson
20,12.595595121383667,1.3275411853116865,15248.808613884199,engdw,p5,3,,,,,7000,poisson
21,13.16640329360962,1.2568303359601833,12611.142749607749,engdw,p5,3,,,,,7000,poisson
22,13.735350847244263,1.1909254801451006,12509.683027253413,engdw,p5,3,,,,,7000,poisson
23,14.303983688354492,1.1283938883262197,13965.924103883352,engdw,p5,3,,,,,7000,poisson
24,14.87389349937439,1.0692866354910031,12845.715879769607,engdw,p5,3,,,,,7000,poisson
25,15.44303584098816,1.0136887151094776,7948.987771449526,engdw,p5,3,,,,,7000,poisson
26,16.010935068130493,0.9613799596548126,8163.137309284401,engdw,p5,3,,,,,7000,poisson
27,16.579227447509766,0.9130960253563517,8701.667609344815,engdw,p5,3,,,,,7000,poisson
28,17.149796962738037,0.8657417825384124,5989.848598639918,engdw,p5,3,,,,,7000,poisson
29,17.723865270614624,0.8213288206150969,6966.154937424792,engdw,p5,3,,,,,7000,poisson
30,18.299442529678345,0.779182196898689,6281.591865194799,engdw,p5,3,,,,,7000,poisson
31,18.8743314743042,0.7387135276043537,5711.0569121171875,engdw,p5,3,,,,,7000,poisson
32,19.449235439300537,0.701024181558441,4494.513950713118,engdw,p5,3,,,,,7000,poisson
33,20.02310609817505,0.6638533707431395,4557.23855332905,engdw,p5,3,,,,,7000,poisson
34,20.597302198410034,0.6302601150835624,3412.7239300603364,engdw,p5,3,,,,,7000,poisson
35,21.17978286743164,0.597503702474596,3348.8443945928593,engdw,p5,3,,,,,7000,poisson
36,21.762240171432495,0.5676224862030602,3920.845470518592,engdw,p5,3,,,,,7000,poisson
37,22.33663034439087,0.5381769249389479,2351.0247892141774,engdw,p5,3,,,,,7000,poisson
38,22.91049289703369,0.5109282545163312,2479.1172135007964,engdw,p5,3,,,,,7000,poisson
39,23.48543667793274,0.4846198269179387,1958.280245157559,engdw,p5,3,,,,,7000,poisson
40,24.058847188949585,0.45966571345803686,1785.8408761818491,engdw,p5,3,,,,,7000,poisson
42,25.20338273048401,0.4133825176588498,1629.4525974788296,engdw,p5,3,,,,,7000,poisson
46,27.486510753631592,0.3346714920105931,1069.4963551531387,engdw,p5,3,,,,,7000,poisson
50,29.771172046661377,0.27090558788519953,663.1596061013686,engdw,p5,3,,,,,7000,poisson
55,32.620487213134766,0.20751832403076584,421.8520699592492,engdw,p5,3,,,,,7000,poisson
61,36.0409152507782,0.15158203353352612,192.6070705838699,engdw,p5,3,,,,,7000,poisson
67,39.46486282348633,0.11147040444657592,108.84194803153444,engdw,p5,3,,,,,7000,poisson
73,42.88825345039368,0.08224963374807989,47.558150145269444,engdw,p5,3,,,,,7000,poisson
81,47.43921613693237,0.05484250927720022,23.155982155697473,engdw,p5,3,,,,,7000,poisson
89,51.991347312927246,0.03662514364261919,10.416044244082274,engdw,p5,3,,,,,7000,poisson
98,57.11137914657593,0.022517378752649784,4.016867618657045,engdw,p5,3,,,,,7000,poisson
107,62.232951641082764,0.014351962855419134,1.4769054341180405,engdw,p5,3,,,,,7000,poisson
118,68.49678468704224,0.00887932273760798,0.560132685854802,engdw,p5,3,,,,,7000,poisson
130,75.32486200332642,0.006517681863993049,0.1442030954796989,engdw,p5,3,,,,,7000,poisson
143,82.71860122680664,0.005338118669077498,0.05249369485444503,engdw,p5,3,,,,,7000,poisson
157,90.67913150787354,0.00447185613168327,0.01822978936071469,engdw,p5,3,,,,,7000,poisson
172,99.21496152877808,0.0042313278661181,0.0074519036645646405,engdw,p5,3,,,,,7000,poisson
190,109.45366954803467,0.003300351252169357,0.004383202204591761,engdw,p5,3,,,,,7000,poisson
208,119.68457818031311,0.0024492489418990676,0.0008175390015314151,engdw,p5,3,,,,,7000,poisson
229,131.62867903709412,0.0017389118672977734,0.00028607171391158945,engdw,p5,3,,,,,7000,poisson
252,144.70822310447693,0.0017708412072345373,0.00040841353970830707,engdw,p5,3,,,,,7000,poisson
277,158.9594738483429,0.0016811472179927157,0.00011036824954456376,engdw,p5,3,,,,,7000,poisson
305,174.905433177948,0.0011283688682733918,3.068092149378545e-05,engdw,p5,3,,,,,7000,poisson
335,191.96602368354797,0.000518031006702174,4.768555610353021e-05,engdw,p5,3,,,,,7000,poisson
369,211.29794454574585,0.0002392403647631253,6.375997234591774e-05,engdw,p5,3,,,,,7000,poisson
406,232.33344650268555,0.00017619445981801538,7.899317953659508e-06,engdw,p5,3,,,,,7000,poisson
446,255.08996415138245,0.00016167043236928273,4.514139055983086e-06,engdw,p5,3,,,,,7000,poisson
491,280.6783068180084,0.00015801319741505927,9.199597652430706e-06,engdw,p5,3,,,,,7000,poisson
540,308.53024077415466,0.00014420469770574687,2.3160425890439468e-06,engdw,p5,3,,,,,7000,poisson
594,339.23254013061523,0.00013141954837204365,8.771749472696332e-06,engdw,p5,3,,,,,7000,poisson
653,372.7830195426941,0.0001000362552504777,1.1449564658358896e-06,engdw,p5,3,,,,,7000,poisson
718,409.73174571990967,8.568031862666431e-05,2.6058855242684347e-05,engdw,p5,3,,,,,7000,poisson
790,450.6595275402069,7.770723521720079e-05,6.306698110491866e-06,engdw,p5,3,,,,,7000,poisson
869,495.57669377326965,7.385542161239878e-05,7.699818338090302e-07,engdw,p5,3,,,,,7000,poisson
956,545.0507333278656,6.980635772055647e-05,4.044972996903684e-06,engdw,p5,3,,,,,7000,poisson
1052,599.6129312515259,6.527932106189289e-05,4.103496427737598e-07,engdw,p5,3,,,,,7000,poisson
1157,659.3327786922455,5.5748154458904457e-05,1.9828654848095715e-06,engdw,p5,3,,,,,7000,poisson
1272,724.7783422470093,5.483757777266687e-05,4.988717074601892e-07,engdw,p5,3,,,,,7000,poisson
1400,797.5789222717285,4.932583815941446e-05,2.801236098025923e-07,engdw,p5,3,,,,,7000,poisson
1539,876.644150018692,4.6741511507220035e-05,1.973100593887657e-06,engdw,p5,3,,,,,7000,poisson
1693,964.1923561096191,4.2506545652768204e-05,2.3176672231758684e-07,engdw,p5,3,,,,,7000,poisson
1863,1060.9331204891205,4.507713456044737e-05,2.512293763770301e-07,engdw,p5,3,,,,,7000,poisson
2049,1166.6913866996765,3.731738210401676e-05,2.6922936651125444e-07,engdw,p5,3,,,,,7000,poisson
2254,1283.2523608207703,3.5320995287369584e-05,3.7477773760777496e-07,engdw,p5,3,,,,,7000,poisson
2479,1411.207147359848,3.434267634615434e-05,2.4279333524867574e-07,engdw,p5,3,,,,,7000,poisson
2727,1552.0190703868866,3.183686075193442e-05,1.181013125019472e-07,engdw,p5,3,,,,,7000,poisson
3000,1707.0361206531525,3.120700825456041e-05,8.904734242456454e-08,engdw,p5,3,,,,,7000,poisson
3299,1876.8550770282745,2.786382785612099e-05,1.2241258160436355e-07,engdw,p5,3,,,,,7000,poisson
3629,2064.1877410411835,2.8077298904290722e-05,8.687760971419727e-08,engdw,p5,3,,,,,7000,poisson
3992,2270.4499950408936,2.5181256483096712e-05,7.07699842523952e-08,engdw,p5,3,,,,,7000,poisson
4391,2497.3870306015015,2.333923624455075e-05,3.8478490202413153e-08,engdw,p5,3,,,,,7000,poisson
4831,2747.401279449463,2.211846442245868e-05,4.086423730085493e-08,engdw,p5,3,,,,,7000,poisson
5314,3021.9173378944397,2.0600682923701672e-05,8.448623583806914e-08,engdw,p5,3,,,,,7000,poisson
5845,3325.3673000335693,1.9710900138239847e-05,6.80854955687859e-08,engdw,p5,3,,,,,7000,poisson
6429,3657.174664258957,1.8526652926299743e-05,2.1529901627940786e-06,engdw,p5,3,,,,,7000,poisson
7072,4023.37425160408,1.7891088078414227e-05,1.0084556354472164e-07,engdw,p5,3,,,,,7000,poisson
7779,4425.91824388504,1.662672176114166e-05,1.0431817377501658e-07,engdw,p5,3,,,,,7000,poisson
8557,4868.168845653534,1.5989645862155518e-05,9.568024573353966e-09,engdw,p5,3,,,,,7000,poisson
9413,5355.555491447449,1.4864406814436042e-05,7.545533221287442e-08,engdw,p5,3,,,,,7000,poisson
10354,5891.967753648758,1.3938771718075649e-05,7.324722849723858e-08,engdw,p5,3,,,,,7000,poisson
11389,6482.729195594788,1.3287683137537729e-05,6.563470959719248e-09,engdw,p5,3,,,,,7000,poisson
12292,7000.326231479645,1.2892726188061478e-05,1.2571680632017494e-08,engdw,p5,3,,,,,7000,poisson
0,7.286492347717285,1.8077654803065468,2.842923544649264,primesr,heat4,1,,,,,3000,heat
1,15.120151042938232,1.73038249942657,2.7830081168925527,primesr,heat4,1,,,,,3000,heat
2,22.732239723205566,2.0005848408026066,2.3992912422882755,primesr,heat4,1,,,,,3000,heat
3,30.419784545898438,1.879823141707505,3.0474228511238994,primesr,heat4,1,,,,,3000,heat
4,38.14018726348877,1.7569851998925972,2.6790052648619334,primesr,heat4,1,,,,,3000,heat
5,45.831493616104126,1.6555045039738419,2.3102930216102187,primesr,heat4,1,,,,,3000,heat
6,53.55336260795593,1.5681656896273142,2.03454741519254,primesr,heat4,1,,,,,3000,heat
7,61.2741916179657,1.4783147486361516,1.8623814889040262,primesr,heat4,1,,,,,3000,heat
8,68.97445583343506,1.3877121271749948,1.6583497392797149,primesr,heat4,1,,,,,3000,heat
9,76.68107891082764,1.3091964780601666,1.5544538041927494,primesr,heat4,1,,,,,3000,heat
10,84.37426495552063,1.2428902113734912,1.3379699537365601,primesr,heat4,1,,,,,3000,heat
11,92.10235929489136,1.1719397355595333,1.241464502841766,primesr,heat4,1,,,,,3000,heat
12,99.77404928207397,1.1133324858000528,1.1227764585541096,primesr,heat4,1,,,,,3000,heat
13,107.47403621673584,1.0564217696444933,1.0180962089898162,primesr,heat4,1,,,,,3000,heat
14,115.18086981773376,1.0041773871246722,0.9241237727044384,primesr,heat4,1,,,,,3000,heat
15,122.89149594306946,0.9592659691752317,0.830231238142585,primesr,heat4,1,,,,,3000,heat
16,130.6126959323883,0.9174016325330582,0.7707677246029637,primesr,heat4,1,,,,,3000,heat
17,138.3441104888916,0.8765889197704118,0.7289275983671825,primesr,heat4,1,,,,,3000,heat
18,146.07298350334167,0.8335960473212833,0.6380957629476625,primesr,heat4,1,,,,,3000,heat
19,153.7912905216217,0.7896627959010861,0.566133694498596,primesr,heat4,1,,,,,3000,heat
20,161.4984450340271,0.7465429895074341,0.49066253471110655,primesr,heat4,1,,,,,3000,heat
21,169.19863176345825,0.708220028339398,0.44075055955905673,primesr,heat4,1,,,,,3000,heat
22,176.91482973098755,0.6744424948762857,0.41150111230619385,primesr,heat4,1,,,,,3000,heat
23,184.62543368339539,0.6448153898307244,0.365826917949741,primesr,heat4,1,,,,,3000,heat
24,192.34565615653992,0.6160861591082812,0.34945897499404116,primesr,heat4,1,,,,,3000,heat
25,200.0612916946411,0.5852581037597213,0.319445016478625,primesr,heat4,1,,,,,3000,heat
26,207.7650740146637,0.5513646422011568,0.27408264553369666,primesr,heat4,1,,,,,3000,heat
27,215.46730732917786,0.5200042832877921,0.250379220643421,primesr,heat4,1,,,,,3000,heat
28,223.16656947135925,0.4861668938920144,0.22371801711110292,primesr,heat4,1,,,,,3000,heat
29,230.87482833862305,0.45572770270793217,0.19542432208266175,primesr,heat4,1,,,,,3000,heat
30,238.57235383987427,0.42713471289500116,0.17575029098736078,primesr,heat4,1,,,,,3000,heat
31,246.28536176681519,0.3985461007488267,0.14661970696322357,primesr,heat4,1,,,,,3000,heat
32,254.01200103759766,0.3728427282551237,0.13499855059428548,primesr,heat4,1,,,,,3000,heat
33,261.75002431869507,0.3476537116673624,0.11618788547075831,primesr,heat4,1,,,,,3000,heat
34,269.4769084453583,0.32374714009501676,0.09654594727187235,primesr,heat4,1,,,,,3000,heat
35,277.1980450153351,0.300969346379694,0.08605113674165431,primesr,heat4,1,,,,,3000,heat
36,284.9081356525421,0.2792583551858861,0.07490846789386782,primesr,heat4,1,,,,,3000,heat
37,292.61626267433167,0.25890962192010897,0.06363215216707857,primesr,heat4,1,,,,,3000,heat
38,300.3277657032013,0.24069236931074753,0.05601599454649827,primesr,heat4,1,,,,,3000,heat
39,308.0535855293274,0.22325159498223918,0.04918895507414592,primesr,heat4,1,,,,,3000,heat
40,315.78363490104675,0.20659296756210407,0.040403681046393525,primesr,heat4,1,,,,,3000,heat
42,331.2025144100189,0.17766052816739084,0.030404040659874055,primesr,heat4,1,,,,,3000,heat
46,361.9937617778778,0.13212436307023706,0.01726397311802377,primesr,heat4,1,,,,,3000,heat
50,392.82538414001465,0.09894042778761959,0.00934593720927118,primesr,heat4,1,,,,,3000,heat
55,431.28631806373596,0.06772987320286239,0.004698358080501325,primesr,heat4,1,,,,,3000,heat
61,477.41292786598206,0.042999305174403576,0.0018442531828112626,primesr,heat4,1,,,,,3000,heat
67,523.5349550247192,0.02736001966254867,0.0008104246389085382,primesr,heat4,1,,,,,3000,heat
73,569.5798170566559,0.017006965289325545,0.00034658583106917296,primesr,heat4,1,,,,,3000,heat
81,631.0050039291382,0.008683289279119915,9.018148906596064e-05,primesr,heat4,1,,,,,3000,heat
89,692.4965753555298,0.004749826483882626,3.2523877263889367e-05,primesr,heat4,1,,,,,3000,heat
98,761.5981559753418,0.002621444141767143,1.072714313779073e-05,primesr,heat4,1,,,,,3000,heat
107,830.6482427120209,0.0012229426406792372,3.3262870750652474e-06,primesr,heat4,1,,,,,3000,heat
118,915.4216270446777,0.0006062434053895696,9.70232636239096e-07,primesr,heat4,1,,,,,3000,heat
130,1007.9419522285461,0.00039142373875235276,3.511286867343332e-07,primesr,heat4,1,,,,,3000,heat
143,1108.2949891090393,0.00027670544697148194,1.4283350897046106e-07,primesr,heat4,1,,,,,3000,heat
157,1215.833642244339,0.00012894024163707295,5.2984252405527976e-08,primesr,heat4,1,,,,,3000,heat
172,1330.6878774166107,5.553044136076785e-05,1.410671891322715e-08,primesr,heat4,1,,,,,3000,heat
190,1468.3946430683136,3.641398537304834e-05,3.96950059743481e-09,primesr,heat4,1,,,,,3000,heat
208,1606.1339480876923,2.1377456248221192e-05,1.0820453711345676e-09,primesr,heat4,1,,,,,3000,heat
229,1766.700183391571,1.7746513095845646e-05,2.2001857021174586e-09,primesr,heat4,1,,,,,3000,heat
252,1942.1401472091675,1.4276996357787814e-05,1.0304369427827642e-09,primesr,heat4,1,,,,,3000,heat
277,2133.622618675232,1.0876034504903943e-05,3.5026442792743577e-10,primesr,heat4,1,,,,,3000,heat
305,2347.778174638748,8.507366004230424e-06,3.4715506049086907e-10,primesr,heat4,1,,,,,3000,heat
335,2576.470759153366,8.251901807764428e-06,2.2553745565495899e-10,primesr,heat4,1,,,,,3000,heat
369,2834.6313602924347,1.0295271544324756e-05,1.6178839827363573e-10,primesr,heat4,1,,,,,3000,heat
391,3001.448853492737,6.77554785412611e-06,2.563528987918147e-10,primesr,heat4,1,,,,,3000,heat
0,6.801574945449829,1.57029728946303,2.7349332628467895,primesr,heat4,2,,,,,3000,heat
1,13.592684030532837,1.5185631006167923,2.257468282004658,primesr,heat4,2,,,,,3000,heat
2,20.052894115447998,1.6438499961611697,1.9316261927207965,primesr,heat4,2,,,,,3000,heat
3,26.5129554271698,1.5720308997485033,2.15501627272353,primesr,heat4,2,,,,,3000,heat
4,32.97807455062866,1.4992671160584548,2.0236968660737746,primesr,heat4,2,,,,,3000,heat
5,39.448291063308716,1.4397207617438172,1.8116139053608282,primesr,heat4,2,,,,,3000,heat
6,45.96960663795471,1.3714186709034784,1.6610609132561511,primesr,heat4,2,,,,,3000,heat
7,52.491897106170654,1.2997174589633655,1.5019275820448645,primesr,heat4,2,,,,,3000,heat
8,59.01694321632385,1.227464302169857,1.4160722480153902,primesr,heat4,2,,,,,3000,heat
9,65.54784417152405,1.1682725730866912,1.212991180682807,primesr,heat4,2,,,,,3000,heat
10,72.07081365585327,1.1138545792617145,1.127492401379548,primesr,heat4,2,,,,,3000,heat
11,78.60178923606873,1.0655101567082825,0.9854029994923387,primesr,heat4,2,,,,,3000,heat
12,85.12803602218628,1.0167373545968648,0.9345211390577741,primesr,heat4,2,,,,,3000,heat
13,91.6519627571106,0.9633657891162848,0.8250171847409845,primesr,heat4,2,,,,,3000,heat
14,98.17551302909851,0.9084058914588278,0.7431716035117555,primesr,heat4,2,,,,,3000,heat
15,104.70582556724548,0.853432823082723,0.6891638958806848,primesr,heat4,2,,,,,3000,heat
16,111.23543167114258,0.8005668159354592,0.6148401996882406,primesr,heat4,2,,,,,3000,heat
17,117.75990128517151,0.7512202790150508,0.5178671839114106,primesr,heat4,2,,,,,3000,heat
18,124.28959584236145,0.7059647982369202,0.4719867377105999,primesr,heat4,2,,,,,3000,heat
19,130.8284752368927,0.6617260765056123,0.40792608085963694,primesr,heat4,2,,,,,3000,heat
20,137.3641288280487,0.6194682887363061,0.36608068370663494,primesr,heat4,2,,,,,3000,heat
21,143.89591217041016,0.5798757593979387,0.3484565476292024,primesr,heat4,2,,,,,3000,heat
22,150.43209981918335,0.5439483479877647,0.29514835911715753,primesr,heat4,2,,,,,3000,heat
23,156.96342611312866,0.5098026757511241,0.2454132495649018,primesr,heat4,2,,,,,3000,heat
24,163.50105667114258,0.4781497085282882,0.22532665069665828,primesr,heat4,2,,,,,3000,heat
25,170.0363166332245,0.44933486280106744,0.2008768607405651,primesr,heat4,2,,,,,3000,heat
26,176.56647372245789,0.4237229661796818,0.1806489671753137,primesr,heat4,2,,,,,3000,heat
27,183.10121250152588,0.3991675353407996,0.1574532092552883,primesr,heat4,2,,,,,3000,heat
28,189.6339967250824,0.37552908035804494,0.1405835630973789,primesr,heat4,2,,,,,3000,heat
29,196.16481757164001,0.35107562057128494,0.11808099452137849,primesr,heat4,2,,,,,3000,heat
30,202.69605541229248,0.3293279691760786,0.1064739827726168,primesr,heat4,2,,,,,3000,heat
31,209.23316645622253,0.30730017659725806,0.09806424649300949,primesr,heat4,2,,,,,3000,heat
32,215.77550864219666,0.28588495560339244,0.08268786507037151,primesr,heat4,2,,,,,3000,heat
33,222.31597924232483,0.2655155195316611,0.07484616333003173,primesr,heat4,2,,,,,3000,heat
34,228.8580412864685,0.24637020169233576,0.060869183648319974,primesr,heat4,2,,,,,3000,heat
35,235.39899826049805,0.22854180148480163,0.05547360160112477,primesr,heat4,2,,,,,3000,heat
36,241.94305562973022,0.21297380660189966,0.04483963403925225,primesr,heat4,2,,,,,3000,heat
37,248.48479914665222,0.1977775682503431,0.03955973375724025,primesr,heat4,2,,,,,3000,heat
38,255.0216419696808,0.18354880081819794,0.03560946319344057,primesr,heat4,2,,,,,3000,heat
39,261.5632185935974,0.17009612968596774,0.03175800102618428,primesr,heat4,2,,,,,3000,heat
40,268.10620641708374,0.15786268828498945,0.027139423691939592,primesr,heat4,2,,,,,3000,heat
42,281.16982531547546,0.1362765391971155,0.019029012791441157,primesr,heat4,2,,,,,3000,heat
46,307.2613568305969,0.1006094141821963,0.010634207881210347,primesr,heat4,2,,,,,3000,heat
50,333.3527271747589,0.07349594000909875,0.005830197849164542,primesr,heat4,2,,,,,3000,heat
55,365.95890164375305,0.04907891310470852,0.0026744029764507386,primesr,heat4,2,,,,,3000,heat
61,405.07324600219727,0.03078465923159936,0.0010110467746521916,primesr,heat4,2,,,,,3000,heat
67,444.18106341362,0.019369599420235972,0.00046555500962844456,primesr,heat4,2,,,,,3000,heat
73,483.27482986450195,0.012601662195308602,0.00019144238687886404,primesr,heat4,2,,,,,3000,heat
81,535.377162694931,0.007845651358897955,6.893007656708541e-05,primesr,heat4,2,,,,,3000,heat
89,587.4482698440552,0.004968359841931032,2.886236355110886e-05,primesr,heat4,2,,,,,3000,heat
98,646.0213992595673,0.0027288892595373,1.065333562429732e-05,primesr,heat4,2,,,,,3000,heat
107,704.572080373764,0.0014550979285943657,3.324168500503783e-06,primesr,heat4,2,,,,,3000,heat
118,776.0863146781921,0.0007214416117647374,1.017148602350436e-06,primesr,heat4,2,,,,,3000,heat
130,854.058783531189,0.00043051301633926175,5.623571731904324e-07,primesr,heat4,2,,,,,3000,heat
143,938.5086100101471,0.00026137170747929546,2.2324459455074974e-07,primesr,heat4,2,,,,,3000,heat
157,1029.4245166778564,0.00017262863369753434,1.0703171442385012e-07,primesr,heat4,2,,,,,3000,heat
172,1126.811373949051,0.00011720117778448457,1.7156220733049587e-07,primesr,heat4,2,,,,,3000,heat
190,1243.7222228050232,7.10468915365527e-05,2.5850213957447004e-06,primesr,heat4,2,,,,,3000,heat
208,1360.5652780532837,5.4004780354631926e-05,9.293790765149398e-09,primesr,heat4,2,,,,,3000,heat
229,1496.920803308487,4.2462859320420506e-05,8.825374396393943e-08,primesr,heat4,2,,,,,3000,heat
252,1646.2416355609894,2.4633872103383144e-05,3.0167742570680605e-09,primesr,heat4,2,,,,,3000,heat
277,1808.5110993385315,1.4508255390646757e-05,1.8089132032374128e-09,primesr,heat4,2,,,,,3000,heat
305,1990.2650051116943,1.0960444820925223e-05,1.901811718670343e-09,primesr,heat4,2,,,,,3000,heat
335,2184.9765532016754,9.131243501417014e-06,1.163870550970167e-09,primesr,heat4,2,,,,,3000,heat
369,2405.6113040447235,8.122214394345894e-06,2.3784424547944975e-09,primesr,heat4,2,,,,,3000,heat
406,2645.709410429001,7.993348822760401e-06,3.8687471280116255e-09,primesr,heat4,2,,,,,3000,heat
446,2905.4501366615295,6.922152757766638e-06,3.49475671459754e-10,primesr,heat4,2,,,,,3000,heat
461,3002.797998189926,6.942918713223415e-06,4.021105418818938e-08,primesr,heat4,2,,,,,3000,heat
0,7.0696094036102295,1.9518483201515604,2.857640869636638,primesr,heat4,3,,,,,3000,heat
1,14.107901096343994,1.7508239100058005,3.1788040673081954,primesr,heat4,3,,,,,3000,heat
2,20.92927098274231,1.7154959860374783,2.332557661786667,primesr,heat4,3,,,,,3000,heat
3,27.757365226745605,1.5415306214135078,2.3179494632632736,primesr,heat4,3,,,,,3000,heat
4,34.58345413208008,1.3968195789679525,2.041701595246993,primesr,heat4,3,,,,,3000,heat
5,41.41143798828125,1.327017725289146,1.6496864053562268,primesr,heat4,3,,,,,3000,heat
6,48.247270345687866,1.2633120500508557,1.6344546124963073,primesr,heat4,3,,,,,3000,heat
7,55.13983964920044,1.2014999611344164,1.4773814031024792,primesr,heat4,3,,,,,3000,heat
8,62.02898645401001,1.140279790782795,1.306132945050107,primesr,heat4,3,,,,,3000,heat
9,68.92215466499329,1.080856041658021,1.198989603319547,primesr,heat4,3,,,,,3000,heat
10,75.81682205200195,1.0183753595492213,1.0279288202474572,primesr,heat4,3,,,,,3000,heat
11,82.70947909355164,0.9520332885835211,0.9689963032477625,primesr,heat4,3,,,,,3000,heat
12,89.6000325679779,0.8918741607375796,0.8516126609616813,primesr,heat4,3,,,,,3000,heat
13,96.48916840553284,0.8448695989674022,0.7284778367228271,primesr,heat4,3,,,,,3000,heat
14,103.37988615036011,0.8043446528720387,0.6695332532527657,primesr,heat4,3,,,,,3000,heat
15,110.27668142318726,0.77478693625461,0.5992361980028054,primesr,heat4,3,,,,,3000,heat
16,117.16869115829468,0.7489726643161744,0.5695094854173552,primesr,heat4,3,,,,,3000,heat
17,124.06300258636475,0.7243080349300687,0.54607709321136,primesr,heat4,3,,,,,3000,heat
18,130.95742201805115,0.7047845531766502,0.48983138121014363,primesr,heat4,3,,,,,3000,heat
19,137.85350728034973,0.685853645135368,0.4523951828199459,primesr,heat4,3,,,,,3000,heat
20,144.76050901412964,0.6641367887390146,0.4127418043903462,primesr,heat4,3,,,,,3000,heat
21,151.66227865219116,0.6435838333859685,0.3923292751277741,primesr,heat4,3,,,,,3000,heat
22,158.56513786315918,0.6178662456895003,0.3890392125585394,primesr,heat4,3,,,,,3000,heat
23,165.469309091568,0.5903537286624266,0.3443484587169276,primesr,heat4,3,,,,,3000,heat
24,172.37327933311462,0.5599186722349149,0.32016634245676207,primesr,heat4,3,,,,,3000,heat
25,179.2811553478241,0.5312933133076615,0.2844473069501783,primesr,heat4,3,,,,,3000,heat
26,186.18400597572327,0.5020671664242253,0.25387397317528965,primesr,heat4,3,,,,,3000,heat
27,193.08735632896423,0.47498740459737426,0.22876816010842732,primesr,heat4,3,,,,,3000,heat
28,199.9920356273651,0.4507427672297729,0.20231414641470885,primesr,heat4,3,,,,,3000,heat
29,206.89481282234192,0.42786191908357857,0.19298398449749052,primesr,heat4,3,,,,,3000,heat
30,213.80063438415527,0.40747432593274424,0.16953883198872619,primesr,heat4,3,,,,,3000,heat
31,220.70478343963623,0.3872856935402659,0.14807419652860057,primesr,heat4,3,,,,,3000,heat
32,227.61375832557678,0.36735900376552677,0.13768284109537413,primesr,heat4,3,,,,,3000,heat
33,234.52532863616943,0.3456216089387783,0.12213180478456037,primesr,heat4,3,,,,,3000,heat
34,241.43424272537231,0.3238088178967458,0.11029337536647982,primesr,heat4,3,,,,,3000,heat
35,248.3444423675537,0.3030196037868829,0.09700438020508569,primesr,heat4,3,,,,,3000,heat
36,255.25402927398682,0.2830600964366603,0.07934455082323927,primesr,heat4,3,,,,,3000,heat
37,262.16421842575073,0.2650266834627797,0.06805257022476059,primesr,heat4,3,,,,,3000,heat
38,269.07314705848694,0.2479843462693392,0.06284208179805857,primesr,heat4,3,,,,,3000,heat
39,275.9837875366211,0.23207504995984019,0.05232292472397043,primesr,heat4,3,,,,,3000,heat
40,282.89278769493103,0.21698231139767188,0.04710535771012254,primesr,heat4,3,,,,,3000,heat
42,296.6900210380554,0.19077215812239365,0.034613222052482844,primesr,heat4,3,,,,,3000,heat
46,324.2511785030365,0.1444958491099077,0.020243746285752734,primesr,heat4,3,,,,,3000,heat
50,351.8237178325653,0.10792641939393695,0.011082590234041493,primesr,heat4,3,,,,,3000,heat
55,386.2782130241394,0.0743656676647514,0.005281650226989443,primesr,heat4,3,,,,,3000,heat
61,427.5935409069061,0.047681881000996136,0.002143059987210913,primesr,heat4,3,,,,,3000,heat
67,468.92243695259094,0.029810583253093777,0.0008704094726066402,primesr,heat4,3,,,,,3000,heat
73,510.23990964889526,0.018361564347205067,0.0003290627813296059,primesr,heat4,3,,,,,3000,heat
81,565.3055202960968,0.00923224463752305,9.953744920522214e-05,primesr,heat4,3,,,,,3000,heat
89,620.3581435680389,0.004684706504434833,2.6053289790374426e-05,primesr,heat4,3,,,,,3000,heat
98,682.2803537845612,0.0021919113846216995,5.919069531089651e-06,primesr,heat4,3,,,,,3000,heat
107,744.2030339241028,0.001052360014535211,1.4091365094106587e-06,primesr,heat4,3,,,,,3000,heat
118,819.8335087299347,0.00042849500368623126,2.7894625370911286e-07,primesr,heat4,3,,,,,3000,heat
130,902.3186078071594,0.000166535937978653,4.6551477406085986e-08,primesr,heat4,3,,,,,3000,heat
143,991.6521489620209,7.107835719257664e-05,1.2623811959109611e-08,primesr,heat4,3,,,,,3000,heat
157,1087.8517565727234,3.892953372220813e-05,2.3225151270582362e-08,primesr,heat4,3,,,,,3000,heat
172,1190.9184792041779,3.590952149905524e-05,3.7464942520255444e-08,primesr,heat4,3,,,,,3000,heat
190,1314.5803127288818,2.250676523404179e-05,7.345821850912548e-09,primesr,heat4,3,,,,,3000,heat
208,1438.225172996521,1.966068965617901e-05,1.1418693055115722e-08,primesr,heat4,3,,,,,3000,heat
229,1582.4561095237732,1.76197363369898e-05,2.283346408593682e-09,primesr,heat4,3,,,,,3000,heat
252,1740.4356770515442,1.6769844437725773e-05,1.7077321959746237e-09,primesr,heat4,3,,,,,3000,heat
277,1912.121428489685,1.4116313780083439e-05,3.464346407617748e-09,primesr,heat4,3,,,,,3000,heat
305,2104.3755576610565,1.3039569321678437e-05,3.793514818354728e-09,primesr,heat4,3,,,,,3000,heat
335,2310.338970899582,1.1472983679991122e-05,1.0526639424245058e-09,primesr,heat4,3,,,,,3000,heat
369,2543.73935341835,1.0841687262974178e-05,7.891216388797329e-10,primesr,heat4,3,,,,,3000,heat
406,2797.687727212906,9.797952050859946e-06,6.765444429013924e-10,primesr,heat4,3,,,,,3000,heat
436,3003.6268627643585,9.336065911001844e-06,1.248733593434383e-09,primesr,heat4,3,,,,,3000,heat
0,9.081715822219849,36.04335294774865,1098.7978572872114,primesr,lfp9,1,,,,,6000,log-fokker-planck-isotropic
1,18.261170625686646,33.56491437623966,1031.5325625225848,primesr,lfp9,1,,,,,6000,log-fokker-planck-isotropic
2,27.051391124725342,30.873934265817248,907.5937620217009,primesr,lfp9,1,,,,,6000,log-fokker-planck-isotropic
3,35.900460720062256,28.349187126186397,806.4432800097704,primesr,lfp9,1,,,,,6000,log-fokker-planck-isotropic
4,44.75150942802429,26.093772380239294,720.9171383677077,primesr,lfp9,1,,,,,6000,log-fokker-planck-isotropic
5,53.606313705444336,24.015280118072123,683.1142916456249,primesr,lfp9,1,,,,,6000,log-fokker-planck-isotropic
6,62.46278262138367,22.136850020324776,588.1729417099559,primesr,lfp9,1,,,,,6000,log-fokker-planck-isotropic
7,71.3155665397644,20.398489065928114,534.0322346252534,primesr,lfp9,1,,,,,6000,log-fokker-planck-isotropic
8,80.1730284690857,18.835722663868378,467.90690641298204,primesr,lfp9,1,,,,,6000,log-fokker-planck-isotropic
9,89.02456712722778,17.444388518733913,411.55656141631886,primesr,lfp9,1,,,,,6000,log-fokker-planck-isotropic
10,97.8769462108612,16.179294149349197,364.2817363259338,primesr,lfp9,1,,,,,6000,log-fokker-planck-isotropic
11,106.73007225990295,14.965694930911166,342.43137737039825,primesr,lfp9,1,,,,,6000,log-fokker-planck-isotropic
12,115.5813422203064,13.860943929581007,300.7019971287593,primesr,lfp9,1,,,,,6000,log-fokker-planck-isotropic
13,124.43344020843506,12.837016974982348,263.8863403168044,primesr,lfp9,1,,,,,6000,log-fokker-planck-isotropic
14,133.28194975852966,11.897038553236557,244.8118726297961,primesr,lfp9,1,,,,,6000,log-fokker-planck-isotropic
15,142.13366270065308,11.054634441130712,213.00523204622024,primesr,lfp9,1,,,,,6000,log-fokker-planck-isotropic
16,150.98321080207825,10.287652628255165,186.66646248912244,primesr,lfp9,1,,,,,6000,log-fokker-planck-isotropic
17,159.8323199748993,9.574372285551503,172.83394836622813,primesr,lfp9,1,,,,,6000,log-fokker-planck-isotropic
18,168.6820945739746,8.922214578207427,155.47837155762787,primesr,lfp9,1,,,,,6000,log-fokker-planck-isotropic
19,177.53090000152588,8.327024434336417,132.18606786117167,primesr,lfp9,1,,,,,6000,log-fokker-planck-isotropic
20,186.38113117218018,7.795655428338445,117.49463844863132,primesr,lfp9,1,,,,,6000,log-fokker-planck-isotropic
21,195.2304651737213,7.292442680618019,108.47004947955439,primesr,lfp9,1,,,,,6000,log-fokker-planck-isotropic
22,204.07708525657654,6.822064392572839,97.44132360689314,primesr,lfp9,1,,,,,6000,log-fokker-planck-isotropic
23,212.9259045124054,6.400860659788735,85.96555964608244,primesr,lfp9,1,,,,,6000,log-fokker-planck-isotropic
24,221.77488946914673,6.003437760869169,75.66872917198137,primesr,lfp9,1,,,,,6000,log-fokker-planck-isotropic
25,230.62223768234253,5.6355755313624005,71.7988760600853,primesr,lfp9,1,,,,,6000,log-fokker-planck-isotropic
26,239.46859741210938,5.300856772548423,59.84567601107578,primesr,lfp9,1,,,,,6000,log-fokker-planck-isotropic
27,248.3168661594391,4.9809621528167,56.355907240463424,primesr,lfp9,1,,,,,6000,log-fokker-planck-isotropic
28,257.16226530075073,4.679756007888206,50.28296286196168,primesr,lfp9,1,,,,,6000,log-fokker-planck-isotropic
29,266.00267934799194,4.399566408733552,44.45451704498758,primesr,lfp9,1,,,,,6000,log-fokker-planck-isotropic
30,274.84538769721985,4.135794838211429,39.651731888463715,primesr,lfp9,1,,,,,6000,log-fokker-planck-isotropic
31,283.6865417957306,3.8891663319782226,36.697733829921326,primesr,lfp9,1,,,,,6000,log-fokker-planck-isotropic
32,292.53326869010925,3.6635083423889863,31.057851549588456,primesr,lfp9,1,,,,,6000,log-fokker-planck-isotropic
33,301.37598180770874,3.445409595540362,27.501501003557056,primesr,lfp9,1,,,,,6000,log-fokker-planck-isotropic
34,310.2207598686218,3.2413403313995794,25.438027382505403,primesr,lfp9,1,,,,,6000,log-fokker-planck-isotropic
35,319.06655740737915,3.0496993831570243,23.20653863586199,primesr,lfp9,1,,,,,6000,log-fokker-planck-isotropic
36,327.92315459251404,2.8700822375488615,20.79466166959668,primesr,lfp9,1,,,,,6000,log-fokker-planck-isotropic
37,336.7674105167389,2.7003445027885693,18.038565899226846,primesr,lfp9,1,,,,,6000,log-fokker-planck-isotropic
38,345.60781693458557,2.5421618025626502,16.304423194789827,primesr,lfp9,1,,,,,6000,log-fokker-planck-isotropic
39,354.44911766052246,2.3935168255029704,14.015120372811047,primesr,lfp9,1,,,,,6000,log-fokker-planck-isotropic
40,363.29551935195923,2.2518412714525446,13.353465635557239,primesr,lfp9,1,,,,,6000,log-fokker-planck-isotropic
42,380.9595453739166,1.9930606381164786,10.621585755238545,primesr,lfp9,1,,,,,6000,log-fokker-planck-isotropic
46,416.26482939720154,1.5588747677521686,7.147708930708279,primesr,lfp9,1,,,,,6000,log-fokker-planck-isotropic
50,451.571266412735,1.221303766104691,4.291029954786871,primesr,lfp9,1,,,,,6000,log-fokker-planck-isotropic
55,495.6904513835907,0.9027265388374098,2.7815883371729564,primesr,lfp9,1,,,,,6000,log-fokker-planck-isotropic
61,548.624062538147,0.6262460225071486,1.30582978464528,primesr,lfp9,1,,,,,6000,log-fokker-planck-isotropic
67,601.5583386421204,0.4315769181150749,0.7719839301735734,primesr,lfp9,1,,,,,6000,log-fokker-planck-isotropic
73,654.5080018043518,0.2957604840552191,0.3644379416580916,primesr,lfp9,1,,,,,6000,log-fokker-planck-isotropic
81,725.2276420593262,0.17818529248224524,0.18049011287671057,primesr,lfp9,1,,,,,6000,log-fokker-planck-isotropic
89,796.0022275447845,0.10996029358281682,0.1722022326442928,primesr,lfp9,1,,,,,6000,log-fokker-planck-isotropic
98,876.0616986751556,0.071766311522018,0.11600664069611905,primesr,lfp9,1,,,,,6000,log-fokker-planck-isotropic
107,956.6945395469666,0.05516941970875776,0.0601753092108272,primesr,lfp9,1,,,,,6000,log-fokker-planck-isotropic
118,1055.2051672935486,0.053722683235343675,0.04187757487028393,primesr,lfp9,1,,,,,6000,log-fokker-planck-isotropic
130,1162.751182794571,0.05042458269602638,0.009674647301518699,primesr,lfp9,1,,,,,6000,log-fokker-planck-isotropic
143,1279.330250263214,0.04628841455197137,0.005074386796728716,primesr,lfp9,1,,,,,6000,log-fokker-planck-isotropic
157,1404.7831017971039,0.04195657831254578,0.00948157745611445,primesr,lfp9,1,,,,,6000,log-fokker-planck-isotropic
172,1539.2491014003754,0.03740390978716006,0.0033553701859542137,primesr,lfp9,1,,,,,6000,log-fokker-planck-isotropic
190,1700.5848789215088,0.03570831011668146,0.0017121234220848016,primesr,lfp9,1,,,,,6000,log-fokker-planck-isotropic
208,1861.7555522918701,0.03172270343107807,0.0010435649105206405,primesr,lfp9,1,,,,,6000,log-fokker-planck-isotropic
229,2049.8749899864197,0.027842936746662952,0.0016770898581908622,primesr,lfp9,1,,,,,6000,log-fokker-planck-isotropic
252,2255.877587556839,0.025623748065828632,0.0012705509778865717,primesr,lfp9,1,,,,,6000,log-fokker-planck-isotropic
277,2479.4545574188232,0.02940613809886751,0.0009540581026810174,primesr,lfp9,1,,,,,6000,log-fokker-planck-isotropic
305,2727.8535962104797,0.021978614004056634,0.02901699184887651,primesr,lfp9,1,,,,,6000,log-fokker-planck-isotropic
335,2992.210613012314,0.023128559709218507,0.0011677523995200746,primesr,lfp9,1,,,,,6000,log-fokker-planck-isotropic
369,3292.04794383049,0.015744743129452326,0.0003833738422265742,primesr,lfp9,1,,,,,6000,log-fokker-planck-isotropic
406,3618.2355542182922,0.016283946579683004,0.00026638538838656987,primesr,lfp9,1,,,,,6000,log-fokker-planck-isotropic
446,3970.615563392639,0.015065710434470705,0.00036103425900536255,primesr,lfp9,1,,,,,6000,log-fokker-planck-isotropic
491,4367.2138040065765,0.012813830781938021,0.0003274420772542889,primesr,lfp9,1,,,,,6000,log-fokker-planck-isotropic
540,4803.97527217865,0.0147479129148355,0.0008781476552867584,primesr,lfp9,1,,,,,6000,log-fokker-planck-isotropic
594,5287.220640182495,0.010423655303832782,0.000444714260670866,primesr,lfp9,1,,,,,6000,log-fokker-planck-isotropic
653,5815.132237911224,0.010674761411171423,0.0008351044252606866,primesr,lfp9,1,,,,,6000,log-fokker-planck-isotropic
674,6003.251283168793,0.0099337955652282,0.00022857998685881864,primesr,lfp9,1,,,,,6000,log-fokker-planck-isotropic
0,9.122997760772705,36.2786901057925,1092.522107524148,primesr,lfp9,2,,,,,6000,log-fokker-planck-isotropic
1,18.34028959274292,34.38090910024014,1020.0837098389836,primesr,lfp9,2,,,,,6000,log-fokker-planck-isotropic
2,27.135782480239868,31.46510242923408,955.5472452643486,primesr,lfp9,2,,,,,6000,log-fokker-planck-isotropic
3,35.99693202972412,28.80730415836213,847.1049065526055,primesr,lfp9,2,,,,,6000,log-fokker-planck-isotropic
4,44.851860761642456,26.39023941017975,729.3787224178143,primesr,lfp9,2,,,,,6000,log-fokker-planck-isotropic
5,53.71463131904602,24.274429531652544,651.3576188578427,primesr,lfp9,2,,,,,6000,log-fokker-planck-isotropic
6,62.571194887161255,22.348566705364885,588.1560106808787,primesr,lfp9,2,,,,,6000,log-fokker-planck-isotropic
7,71.42847108840942,20.585245474817274,520.6291858088091,primesr,lfp9,2,,,,,6000,log-fokker-planck-isotropic
8,80.28997993469238,18.956098808312177,462.73101900919517,primesr,lfp9,2,,,,,6000,log-fokker-planck-isotropic
9,89.15234112739563,17.471450200736758,436.3066998731309,primesr,lfp9,2,,,,,6000,log-fokker-planck-isotropic
10,98.07972717285156,16.137736686062524,376.4872905752532,primesr,lfp9,2,,,,,6000,log-fokker-planck-isotropic
11,107.00516653060913,14.93112601166146,341.18037534835736,primesr,lfp9,2,,,,,6000,log-fokker-planck-isotropic
12,115.92939400672913,13.835944146109256,307.54118986100644,primesr,lfp9,2,,,,,6000,log-fokker-planck-isotropic
13,124.85572600364685,12.833264925651436,262.0596392526938,primesr,lfp9,2,,,,,6000,log-fokker-planck-isotropic
14,133.78186655044556,11.915527204130202,240.37129961287047,primesr,lfp9,2,,,,,6000,log-fokker-planck-isotropic
15,142.70536589622498,11.071925966578943,215.46911882091158,primesr,lfp9,2,,,,,6000,log-fokker-planck-isotropic
16,151.62809324264526,10.309061905578126,189.5290322807986,primesr,lfp9,2,,,,,6000,log-fokker-planck-isotropic
17,160.55006456375122,9.616381475021305,167.50821578648674,primesr,lfp9,2,,,,,6000,log-fokker-planck-isotropic
18,169.4738965034485,8.979032815794465,145.946342792291,primesr,lfp9,2,,,,,6000,log-fokker-planck-isotropic
19,178.39458560943604,8.379470545703668,135.00785930137948,primesr,lfp9,2,,,,,6000,log-fokker-planck-isotropic
20,187.31929326057434,7.832717686482237,122.70248043783134,primesr,lfp9,2,,,,,6000,log-fokker-planck-isotropic
21,196.24475026130676,7.323686051980127,110.57046831814138,primesr,lfp9,2,,,,,6000,log-fokker-planck-isotropic
22,205.17042231559753,6.852531423618257,93.65239419324405,primesr,lfp9,2,,,,,6000,log-fokker-planck-isotropic
23,214.09690308570862,6.424913143560173,82.30210424328875,primesr,lfp9,2,,,,,6000,log-fokker-planck-isotropic
24,223.02210593223572,6.020631819969446,77.50935851477115,primesr,lfp9,2,,,,,6000,log-fokker-planck-isotropic
25,231.9469187259674,5.649901403415248,70.5772784508883,primesr,lfp9,2,,,,,6000,log-fokker-planck-isotropic
26,240.8711838722229,5.310653564331812,64.26532769928083,primesr,lfp9,2,,,,,6000,log-fokker-planck-isotropic
27,249.79564142227173,4.990108080734375,56.01341965966615,primesr,lfp9,2,,,,,6000,log-fokker-planck-isotropic
28,258.7207541465759,4.6905597792444,50.2893215823838,primesr,lfp9,2,,,,,6000,log-fokker-planck-isotropic
29,267.64230942726135,4.412234603025433,44.352597066719625,primesr,lfp9,2,,,,,6000,log-fokker-planck-isotropic
30,276.56336212158203,4.151511596334988,39.122223371293394,primesr,lfp9,2,,,,,6000,log-fokker-planck-isotropic
31,285.4827091693878,3.9055742364437105,34.427569034933406,primesr,lfp9,2,,,,,6000,log-fokker-planck-isotropic
32,294.4018442630768,3.672520974618881,31.448292966016982,primesr,lfp9,2,,,,,6000,log-fokker-planck-isotropic
33,303.320353269577,3.455826395436129,27.112727801372728,primesr,lfp9,2,,,,,6000,log-fokker-planck-isotropic
34,312.246506690979,3.254698787041354,24.17377843123146,primesr,lfp9,2,,,,,6000,log-fokker-planck-isotropic
35,321.1692306995392,3.063151127569305,22.828402924358752,primesr,lfp9,2,,,,,6000,log-fokker-planck-isotropic
36,330.090270280838,2.883825881951416,19.97995561235154,primesr,lfp9,2,,,,,6000,log-fokker-planck-isotropic
37,339.0103142261505,2.7166127205114416,17.861639493590385,primesr,lfp9,2,,,,,6000,log-fokker-planck-isotropic
38,347.9293546676636,2.5588967001583764,16.071584861177577,primesr,lfp9,2,,,,,6000,log-fokker-planck-isotropic
39,356.84969425201416,2.4102015197292546,14.236121767535835,primesr,lfp9,2,,,,,6000,log-fokker-planck-isotropic
40,365.7687609195709,2.270554142182409,12.952789837657232,primesr,lfp9,2,,,,,6000,log-fokker-planck-isotropic
42,383.58715534210205,2.0119981514359737,10.490675351246216,primesr,lfp9,2,,,,,6000,log-fokker-planck-isotropic
46,419.2059440612793,1.5807218820776605,6.873590677259714,primesr,lfp9,2,,,,,6000,log-fokker-planck-isotropic
50,454.8154375553131,1.2418877698613842,4.365506552770872,primesr,lfp9,2,,,,,6000,log-fokker-planck-isotropic
55,499.3609001636505,0.9135941886549276,2.295645996161351,primesr,lfp9,2,,,,,6000,log-fokker-planck-isotropic
61,552.7682063579559,0.6345241347126227,1.2493665212824745,primesr,lfp9,2,,,,,6000,log-fokker-planck-isotropic
67,606.2009742259979,0.4386796175808971,0.719997005695351,primesr,lfp9,2,,,,,6000,log-fokker-planck-isotropic
73,659.654848575592,0.30199282625837354,0.4993132810680992,primesr,lfp9,2,,,,,6000,log-fokker-planck-isotropic
81,730.8614869117737,0.18196455004378476,0.2013070293944449,primesr,lfp9,2,,,,,6000,log-fokker-planck-isotropic
89,802.2122383117676,0.11094625233685544,0.12240840733936713,primesr,lfp9,2,,,,,6000,log-fokker-planck-isotropic
98,884.1449010372162,0.06509381472394721,0.02864456000880947,primesr,lfp9,2,,,,,6000,log-fokker-planck-isotropic
107,966.8392884731293,0.04611391589691361,0.018537213052834373,primesr,lfp9,2,,,,,6000,log-fokker-planck-isotropic
118,1067.6372606754303,0.03728130015742363,0.009117344047494012,primesr,lfp9,2,,,,,6000,log-fokker-planck-isotropic
130,1177.072479724884,0.03461157397443247,0.0066611772813410085,primesr,lfp9,2,,,,,6000,log-fokker-planck-isotropic
143,1295.596836566925,0.03035619229030488,0.0051342897274740335,primesr,lfp9,2,,,,,6000,log-fokker-planck-isotropic
157,1423.0226380825043,0.030305070566258877,0.002500319828349575,primesr,lfp9,2,,,,,6000,log-fokker-planck-isotropic
172,1559.9401228427887,0.027870578424592056,0.002278367525618202,primesr,lfp9,2,,,,,6000,log-fokker-planck-isotropic
190,1723.9763078689575,0.023225019066866342,0.001490535436575203,primesr,lfp9,2,,,,,6000,log-fokker-planck-isotropic
208,1887.5339534282684,0.02740871916960163,0.0019350438192413592,primesr,lfp9,2,,,,,6000,log-fokker-planck-isotropic
229,2078.6411459445953,0.02617703781918483,0.0010728696249709408,primesr,lfp9,2,,,,,6000,log-fokker-planck-isotropic
252,2288.652806997299,0.019025425442196445,0.001062277441133063,primesr,lfp9,2,,,,,6000,log-fokker-planck-isotropic
277,2515.8743674755096,0.01743782285121763,0.0006679252505933346,primesr,lfp9,2,,,,,6000,log-fokker-planck-isotropic
305,2766.2321298122406,0.01654767231086816,0.0009543091917367005,primesr,lfp9,2,,,,,6000,log-fokker-planck-isotropic
335,3032.8245334625244,0.015947429820086696,0.0003535957736563828,primesr,lfp9,2,,,,,6000,log-fokker-planck-isotropic
369,3335.0442287921906,0.014404143657164442,0.00025875373191022955,primesr,lfp9,2,,,,,6000,log-fokker-planck-isotropic
406,3664.0208790302277,0.01264079877163363,0.0004226068168931734,primesr,lfp9,2,,,,,6000,log-fokker-planck-isotropic
446,4019.6772322654724,0.012098623474862584,0.0037008438247327427,primesr,lfp9,2,,,,,6000,log-fokker-planck-isotropic
491,4419.71938252449,0.012999014655924145,0.00024667454528867847,primesr,lfp9,2,,,,,6000,log-fokker-planck-isotropic
540,4867.165829658508,0.011822022161875981,0.00021159588160537328,primesr,lfp9,2,,,,,6000,log-fokker-planck-isotropic
594,5359.72228884697,0.00963397376389572,0.0003019794276700555,primesr,lfp9,2,,,,,6000,log-fokker-planck-isotropic
653,5896.007350683212,0.009927554944174013,0.00034163807046693113,primesr,lfp9,2,,,,,6000,log-fokker-planck-isotropic
665,6004.945303440094,0.010342739465091209,0.00039938113710975517,primesr,lfp9,2,,,,,6000,log-fokker-planck-isotropic
0,9.383439064025879,36.342961689476276,1116.9843632313004,primesr,lfp9,3,,,,,6000,log-fokker-planck-isotropic
1,18.97059941291809,34.17475077816434,1012.93430618557,primesr,lfp9,3,,,,,6000,log-fokker-planck-isotropic
2,28.7332444190979,31.421654877425485,946.5327074797684,primesr,lfp9,3,,,,,6000,log-fokker-planck-isotropic
3,39.01026153564453,28.852096813733475,805.6898650406233,primesr,lfp9,3,,,,,6000,log-fokker-planck-isotropic
4,49.56737232208252,26.494977833444608,732.3723224744099,primesr,lfp9,3,,,,,6000,log-fokker-planck-isotropic
5,60.31441569328308,24.367867501264747,676.2803828322956,primesr,lfp9,3,,,,,6000,log-fokker-planck-isotropic
6,71.56482744216919,22.46090262551144,581.0199122763817,primesr,lfp9,3,,,,,6000,log-fokker-planck-isotropic
7,83.03951120376587,20.72538801228825,532.9232752270277,primesr,lfp9,3,,,,,6000,log-fokker-planck-isotropic
8,94.53635382652283,19.133232365600545,468.22759444870735,primesr,lfp9,3,,,,,6000,log-fokker-planck-isotropic
9,106.13037323951721,17.654913842771055,422.976175843601,primesr,lfp9,3,,,,,6000,log-fokker-planck-isotropic
10,117.84488272666931,16.330639003085953,380.63236387210407,primesr,lfp9,3,,,,,6000,log-fokker-planck-isotropic
11,128.93155694007874,15.087175949459228,339.3345204625429,primesr,lfp9,3,,,,,6000,log-fokker-planck-isotropic
12,140.78066563606262,13.960217385181377,299.05892241994434,primesr,lfp9,3,,,,,6000,log-fokker-planck-isotropic
13,152.6249942779541,12.921945781349443,268.6890970294099,primesr,lfp9,3,,,,,6000,log-fokker-planck-isotropic
14,164.45531630516052,11.96943523459537,233.42859493314538,primesr,lfp9,3,,,,,6000,log-fokker-planck-isotropic
15,176.3622465133667,11.093258007576202,217.65015573773044,primesr,lfp9,3,,,,,6000,log-fokker-planck-isotropic
16,188.2492413520813,10.304436399555765,195.82325250805758,primesr,lfp9,3,,,,,6000,log-fokker-planck-isotropic
17,200.21240854263306,9.591039882877329,170.45830024227234,primesr,lfp9,3,,,,,6000,log-fokker-planck-isotropic
18,212.06112384796143,8.939256485444592,153.12871797759217,primesr,lfp9,3,,,,,6000,log-fokker-planck-isotropic
19,223.8750455379486,8.347852873485513,136.07890622999514,primesr,lfp9,3,,,,,6000,log-fokker-planck-isotropic
20,235.69751381874084,7.797662310351013,119.99500329473474,primesr,lfp9,3,,,,,6000,log-fokker-planck-isotropic
21,247.4385974407196,7.2836722859934495,110.75694618566348,primesr,lfp9,3,,,,,6000,log-fokker-planck-isotropic
22,259.21265053749084,6.806313828885759,94.31072653056266,primesr,lfp9,3,,,,,6000,log-fokker-planck-isotropic
23,270.9166922569275,6.37808544166613,84.22303451880413,primesr,lfp9,3,,,,,6000,log-fokker-planck-isotropic
24,282.78773641586304,5.981402882834672,77.3156985597396,primesr,lfp9,3,,,,,6000,log-fokker-planck-isotropic
25,294.4494698047638,5.617710453048861,68.96714027195638,primesr,lfp9,3,,,,,6000,log-fokker-planck-isotropic
26,306.3830966949463,5.273755959727221,61.397210111974324,primesr,lfp9,3,,,,,6000,log-fokker-planck-isotropic
27,318.2715792655945,4.950971409974387,54.19985195433442,primesr,lfp9,3,,,,,6000,log-fokker-planck-isotropic
28,330.21991062164307,4.6532761418379796,47.90371290483676,primesr,lfp9,3,,,,,6000,log-fokker-planck-isotropic
29,342.0138328075409,4.3711407999709415,43.69227272559236,primesr,lfp9,3,,,,,6000,log-fokker-planck-isotropic
30,353.9768488407135,4.10674524668645,40.51276887389166,primesr,lfp9,3,,,,,6000,log-fokker-planck-isotropic
31,365.8485178947449,3.8604229316133107,33.71298042883323,primesr,lfp9,3,,,,,6000,log-fokker-planck-isotropic
32,377.5424726009369,3.6317851230739167,30.713383466814214,primesr,lfp9,3,,,,,6000,log-fokker-planck-isotropic
33,389.46155548095703,3.4140050502921735,29.779167651483633,primesr,lfp9,3,,,,,6000,log-fokker-planck-isotropic
34,401.2663128376007,3.2113370900711535,25.322464192014,primesr,lfp9,3,,,,,6000,log-fokker-planck-isotropic
35,413.1124849319458,3.019599970678626,21.667797676714606,primesr,lfp9,3,,,,,6000,log-fokker-planck-isotropic
36,425.02408623695374,2.839937808802106,19.297149019263923,primesr,lfp9,3,,,,,6000,log-fokker-planck-isotropic
37,436.7282340526581,2.6724778780599263,19.369410939105524,primesr,lfp9,3,,,,,6000,log-fokker-planck-isotropic
38,448.59381461143494,2.512811269838847,16.363561084297675,primesr,lfp9,3,,,,,6000,log-fokker-planck-isotropic
39,460.468713760376,2.363654605853285,13.7210754594157,primesr,lfp9,3,,,,,6000,log-fokker-planck-isotropic
40,472.07192277908325,2.2245113173190014,12.922833196442845,primesr,lfp9,3,,,,,6000,log-fokker-planck-isotropic
42,495.6558291912079,1.9676415740314157,10.683254248569463,primesr,lfp9,3,,,,,6000,log-fokker-planck-isotropic
46,542.9756696224213,1.5434866837715493,6.305512798153498,primesr,lfp9,3,,,,,6000,log-fokker-planck-isotropic
50,589.7108602523804,1.2087856725675197,4.279749127103792,primesr,lfp9,3,,,,,6000,log-fokker-planck-isotropic
55,648.222638130188,0.8916815302705339,2.5146593564857906,primesr,lfp9,3,,,,,6000,log-fokker-planck-isotropic
61,718.106404542923,0.6177464691654415,1.3287331226643166,primesr,lfp9,3,,,,,6000,log-fokker-planck-isotropic
67,789.0385844707489,0.42563493494251137,0.8272446792216032,primesr,lfp9,3,,,,,6000,log-fokker-planck-isotropic
73,859.067301273346,0.29073006265522927,0.3920540082893933,primesr,lfp9,3,,,,,6000,log-fokker-planck-isotropic
81,953.5993323326111,0.17275137900668802,0.26639917158602366,primesr,lfp9,3,,,,,6000,log-fokker-planck-isotropic
89,1048.130141735077,0.10505959889757116,0.05771037375592655,primesr,lfp9,3,,,,,6000,log-fokker-planck-isotropic
98,1154.5981814861298,0.06491673050135394,0.05587231042150651,primesr,lfp9,3,,,,,6000,log-fokker-planck-isotropic
107,1261.9568884372711,0.04751774763516307,0.013259349619492707,primesr,lfp9,3,,,,,6000,log-fokker-planck-isotropic
118,1392.6634736061096,0.04181665651253352,0.027644459916387063,primesr,lfp9,3,,,,,6000,log-fokker-planck-isotropic
130,1534.0124933719635,0.037795175682001636,0.008638456963433839,primesr,lfp9,3,,,,,6000,log-fokker-planck-isotropic
143,1687.0202713012695,0.033782775141782365,0.004701327195784496,primesr,lfp9,3,,,,,6000,log-fokker-planck-isotropic
157,1851.2090909481049,0.032371974605094965,0.004998070351079698,primesr,lfp9,3,,,,,6000,log-fokker-planck-isotropic
172,2029.91486287117,0.028371931085278457,0.0021339123737124785,primesr,lfp9,3,,,,,6000,log-fokker-planck-isotropic
190,2243.8874073028564,0.02587096448520803,0.002000673366102394,primesr,lfp9,3,,,,,6000,log-fokker-planck-isotropic
208,2455.1468164920807,0.023480004969247167,0.001900543859011699,primesr,lfp9,3,,,,,6000,log-fokker-planck-isotropic
229,2702.7530353069305,0.025405975621858964,0.001704141309579159,primesr,lfp9,3,,,,,6000,log-fokker-planck-isotropic
252,2975.3969535827637,0.021229273091960762,0.0012408483531874206,primesr,lfp9,3,,,,,6000,log-fokker-planck-isotropic
277,3265.948359966278,0.02029568169915344,0.0008504433393341942,primesr,lfp9,3,,,,,6000,log-fokker-planck-isotropic
305,3582.6794440746307,0.017194405246309597,0.0005874860796527261,primesr,lfp9,3,,,,,6000,log-fokker-planck-isotropic
335,3931.5201387405396,0.01621794396976336,0.00034750667220887513,primesr,lfp9,3,,,,,6000,log-fokker-planck-isotropic
369,4308.336941003799,0.014990228124770685,0.0003144828702704312,primesr,lfp9,3,,,,,6000,log-fokker-planck-isotropic
406,4712.041103839874,0.014483753724828899,0.07837349597974445,primesr,lfp9,3,,,,,6000,log-fokker-planck-isotropic
446,5144.866031169891,0.012434577663853657,0.04053894990700116,primesr,lfp9,3,,,,,6000,log-fokker-planck-isotropic
491,5681.904624462128,0.011631698941676597,0.0003236369752460126,primesr,lfp9,3,,,,,6000,log-fokker-planck-isotropic
520,6008.531631946564,0.010706474339300399,0.0002939086251117724,primesr,lfp9,3,,,,,6000,log-fokker-planck-isotropic
0,0.8540658950805664,0.9493426978821217,18.53201559537537,primesr,p100,1,,,,,10000,poisson
1,2.010249137878418,0.9150087892154914,17.406932930721887,primesr,p100,1,,,,,10000,poisson
2,2.7666425704956055,0.8828682111591184,16.220572974718234,primesr,p100,1,,,,,10000,poisson
3,3.52249813079834,0.8501021748540614,15.161186746612861,primesr,p100,1,,,,,10000,poisson
4,4.279359579086304,0.8245194168048359,14.119831534951617,primesr,p100,1,,,,,10000,poisson
5,5.033637285232544,0.7934350565061709,13.274210120779143,primesr,p100,1,,,,,10000,poisson
6,5.788123607635498,0.768171957308629,12.374174535169002,primesr,p100,1,,,,,10000,poisson
7,6.54239821434021,0.7508823159997803,11.50511304542703,primesr,p100,1,,,,,10000,poisson
8,7.2970099449157715,0.7303361239826213,10.766198404479766,primesr,p100,1,,,,,10000,poisson
9,8.057324886322021,0.7123745154165082,10.043914788940182,primesr,p100,1,,,,,10000,poisson
10,8.819741249084473,0.6958282250785687,9.353347453105144,primesr,p100,1,,,,,10000,poisson
11,9.579911231994629,0.6810527859116366,8.742357555111289,primesr,p100,1,,,,,10000,poisson
12,10.344605922698975,0.6674350860928334,8.107824055374083,primesr,p100,1,,,,,10000,poisson
13,11.107455968856812,0.6523469904388826,7.53053299126441,primesr,p100,1,,,,,10000,poisson
14,11.870727777481079,0.6389348365536636,7.0382795951355845,primesr,p100,1,,,,,10000,poisson
15,12.634259223937988,0.6237241860369886,6.56941836255161,primesr,p100,1,,,,,10000,poisson
16,13.398147821426392,0.6074342761125998,6.129238347939091,primesr,p100,1,,,,,10000,poisson
17,14.16148042678833,0.5931023822844333,5.682388774417006,primesr,p100,1,,,,,10000,poisson
18,14.92626428604126,0.5810033445983714,5.276813875703432,primesr,p100,1,,,,,10000,poisson
19,15.693987369537354,0.5658303890979716,4.979165530998714,primesr,p100,1,,,,,10000,poisson
20,16.458837509155273,0.5513003733293255,4.629742663482857,primesr,p100,1,,,,,10000,poisson
21,17.22189998626709,0.535496889989698,4.299344820381892,primesr,p100,1,,,,,10000,poisson
22,17.984920740127563,0.5221767472035393,4.025120774913583,primesr,p100,1,,,,,10000,poisson
23,18.747109413146973,0.5076773863703096,3.75626004983232,primesr,p100,1,,,,,10000,poisson
24,19.509873628616333,0.49262758137053564,3.513995201419021,primesr,p100,1,,,,,10000,poisson
25,20.273053884506226,0.477968260543876,3.285230864080225,primesr,p100,1,,,,,10000,poisson
26,21.038602352142334,0.46390844834177947,3.0772357666791805,primesr,p100,1,,,,,10000,poisson
27,21.80316162109375,0.4500055937891446,2.838482168956252,primesr,p100,1,,,,,10000,poisson
28,22.567014932632446,0.435921940271087,2.653341699172418,primesr,p100,1,,,,,10000,poisson
29,23.330490350723267,0.42143953168987813,2.476828094085549,primesr,p100,1,,,,,10000,poisson
30,24.09379768371582,0.40804502016300964,2.306140055298079,primesr,p100,1,,,,,10000,poisson
31,24.85732889175415,0.39415520957329536,2.1555766385290336,primesr,p100,1,,,,,10000,poisson
32,25.621407747268677,0.37969908789086093,2.055301991913645,primesr,p100,1,,,,,10000,poisson
33,26.385003089904785,0.3660995403211057,1.8969580235703594,primesr,p100,1,,,,,10000,poisson
34,27.149494647979736,0.3526826034834946,1.8058908902492756,primesr,p100,1,,,,,10000,poisson
35,27.915172815322876,0.3403229494283188,1.6651398926054923,primesr,p100,1,,,,,10000,poisson
36,28.682912588119507,0.32765083053898486,1.5511062527123973,primesr,p100,1,,,,,10000,poisson
37,29.448185682296753,0.3159563516197002,1.4392622803056345,primesr,p100,1,,,,,10000,poisson
38,30.216392040252686,0.30418798503817546,1.3685539100116835,primesr,p100,1,,,,,10000,poisson
39,30.980703830718994,0.29216293396580933,1.2527480163964466,primesr,p100,1,,,,,10000,poisson
40,31.745763063430786,0.27966078117275,1.192446574612573,primesr,p100,1,,,,,10000,poisson
42,33.1035795211792,0.2564300381931927,1.0475042766796412,primesr,p100,1,,,,,10000,poisson
46,35.65132999420166,0.21257954543256927,0.820758714408067,primesr,p100,1,,,,,10000,poisson
50,38.20677828788757,0.17290188645286653,0.6328824992928865,primesr,p100,1,,,,,10000,poisson
55,41.351112365722656,0.13342536159358712,0.4511528916996643,primesr,p100,1,,,,,10000,poisson
61,45.1001923084259,0.09923104598817996,0.3162923513614841,primesr,p100,1,,,,,10000,poisson
67,48.839863538742065,0.07799840073196601,0.2024315312700195,primesr,p100,1,,,,,10000,poisson
73,52.58245015144348,0.06356945246929654,0.13495820506153394,primesr,p100,1,,,,,10000,poisson
81,57.5161497592926,0.05068569995691294,0.07615557378986612,primesr,p100,1,,,,,10000,poisson
89,62.4351270198822,0.043382421200979855,0.0426434766491346,primesr,p100,1,,,,,10000,poisson
98,67.94856333732605,0.03962042665749204,0.021974093128618987,primesr,p100,1,,,,,10000,poisson
107,73.459792137146,0.03698789353409184,0.011182751964718234,primesr,p100,1,,,,,10000,poisson
118,80.17165875434875,0.03621181812722249,0.005503398892340412,primesr,p100,1,,,,,10000,poisson
130,87.52933430671692,0.035862191748956586,0.0029539720699781353,primesr,p100,1,,,,,10000,poisson
143,95.48187851905823,0.03529359204674721,0.001995757921649682,primesr,p100,1,,,,,10000,poisson
157,104.03434014320374,0.03397321027033291,0.0016450449568949938,primesr,p100,1,,,,,10000,poisson
172,113.18192505836487,0.03320595316356595,0.0013678488025165895,primesr,p100,1,,,,,10000,poisson
190,124.13663911819458,0.03199992468994899,0.0009170721378155203,primesr,p100,1,,,,,10000,poisson
208,135.06899690628052,0.031172475743053894,0.0010611111574565127,primesr,p100,1,,,,,10000,poisson
229,147.8042585849762,0.029975340739182055,0.0006635722474912886,primesr,p100,1,,,,,10000,poisson
252,161.72761058807373,0.029075110961530714,0.0009513019748502502,primesr,p100,1,,,,,10000,poisson
277,176.84934306144714,0.028160456161825286,0.0009945532400422535,primesr,p100,1,,,,,10000,poisson
305,193.73942136764526,0.027228396531785524,0.0006823571746741115,primesr,p100,1,,,,,10000,poisson
335,211.83695030212402,0.025994959152228665,0.0007691818010204484,primesr,p100,1,,,,,10000,poisson
369,232.30324172973633,0.02477090255801722,0.0004181931380252998,primesr,p100,1,,,,,10000,poisson
406,254.56920313835144,0.024151326903551644,0.0005300523592545745,primesr,p100,1,,,,,10000,poisson
446,278.6312074661255,0.022645106768542998,0.0005231899291006013,primesr,p100,1,,,,,10000,poisson
491,305.6682643890381,0.021096539356002777,0.0005068629203123102,primesr,p100,1,,,,,10000,poisson
540,335.0898861885071,0.020482069650826332,0.00042485346319415663,primesr,p100,1,,,,,10000,poisson
594,367.4955017566681,0.01904857729001351,0.0003689922630161453,primesr,p100,1,,,,,10000,poisson
653,402.8885586261749,0.01791734094130251,0.00041516790411559313,primesr,p100,1,,,,,10000,poisson
718,441.86388969421387,0.01691144752861952,0.0003570443716505546,primesr,p100,1,,,,,10000,poisson
790,485.00345373153687,0.01601350181829945,0.00023868157645226968,primesr,p100,1,,,,,10000,poisson
869,532.3440401554108,0.015036200195465692,0.000222397350710151,primesr,p100,1,,,,,10000,poisson
956,584.4610679149628,0.013876068717143466,0.00019079155893203498,primesr,p100,1,,,,,10000,poisson
1052,641.9446275234222,0.012826958939093453,0.00020843492592457547,primesr,p100,1,,,,,10000,poisson
1157,704.8243935108185,0.012046645378510754,0.00019517619725363284,primesr,p100,1,,,,,10000,poisson
1272,773.6498844623566,0.01171628471870472,0.00020903624322427748,primesr,p100,1,,,,,10000,poisson
1400,850.2391209602356,0.011520502633600122,0.00017460491829586044,primesr,p100,1,,,,,10000,poisson
1539,933.3842911720276,0.011087978090021768,0.0001619936794883604,primesr,p100,1,,,,,10000,poisson
1693,1025.4709532260895,0.009404180979554705,0.00011644933746495971,primesr,p100,1,,,,,10000,poisson
1863,1127.160338640213,0.007614830433730572,0.00010176495716569802,primesr,p100,1,,,,,10000,poisson
2049,1238.3853404521942,0.007204824884714509,8.530419514564123e-05,primesr,p100,1,,,,,10000,poisson
2254,1360.9091873168945,0.008164059142197963,6.503346039294694e-05,primesr,p100,1,,,,,10000,poisson
2479,1495.3825898170471,0.009424856545158084,7.449229056375316e-05,primesr,p100,1,,,,,10000,poisson
2727,1643.5924625396729,0.009779741676189158,7.605677181201536e-05,primesr,p100,1,,,,,10000,poisson
3000,1806.73974275589,0.00941139250660541,8.113949571870897e-05,primesr,p100,1,,,,,10000,poisson
3299,1985.3839025497437,0.009971951388076918,6.580479511684177e-05,primesr,p100,1,,,,,10000,poisson
3629,2182.5145301818848,0.010664843295936918,8.510434933979572e-05,primesr,p100,1,,,,,10000,poisson
3992,2399.318487882614,0.010370401750440371,7.844089870220555e-05,primesr,p100,1,,,,,10000,poisson
4391,2637.5867047309875,0.01027026383217897,6.917861092148574e-05,primesr,p100,1,,,,,10000,poisson
4831,2900.4738895893097,0.00968231443212121,7.803472928775496e-05,primesr,p100,1,,,,,10000,poisson
5314,3189.053442955017,0.009072528927490412,6.838663054352888e-05,primesr,p100,1,,,,,10000,poisson
5845,3506.388655424118,0.0068554277366860965,4.500285083133674e-05,primesr,p100,1,,,,,10000,poisson
6429,3855.4465980529785,0.003605415520790082,2.1531654529816994e-05,primesr,p100,1,,,,,10000,poisson
7072,4239.652480125427,0.002373383037659012,1.2609285105617909e-05,primesr,p100,1,,,,,10000,poisson
7779,4662.152631521225,0.0020686005467096457,9.723657322663024e-06,primesr,p100,1,,,,,10000,poisson
8557,5126.556017637253,0.0020734673622950853,9.352184465641888e-06,primesr,p100,1,,,,,10000,poisson
9413,5637.506983041763,0.0024300214920697847,8.572975971855613e-06,primesr,p100,1,,,,,10000,poisson
10354,6200.0472021102905,0.0032354488784717434,8.780304104371173e-06,primesr,p100,1,,,,,10000,poisson
11389,6821.099070072174,0.004723295588404256,1.0272383533972088e-05,primesr,p100,1,,,,,10000,poisson
12528,7500.968271017075,0.006225487619567541,1.7584754748052762e-05,primesr,p100,1,,,,,10000,poisson
13781,8249.333394765854,0.006408097255683881,1.9276718854242296e-05,primesr,p100,1,,,,,10000,poisson
15159,9072.898034572601,0.006517317783374513,3.064723528400349e-05,primesr,p100,1,,,,,10000,poisson
16675,9978.629560709,0.0054935369367714905,1.324098196138468e-05,primesr,p100,1,,,,,10000,poisson
16711,10000.28282737732,0.005469967093403014,2.3279357963170053e-05,primesr,p100,1,,,,,10000,poisson
0,0.8289210796356201,0.9456470060114569,18.471769103810335,primesr,p100,2,,,,,10000,poisson
1,1.9635014533996582,0.9114258956541136,17.34219854891388,primesr,p100,2,,,,,10000,poisson
2,2.7168972492218018,0.8784206713075187,16.210398430391532,primesr,p100,2,,,,,10000,poisson
3,3.4710004329681396,0.8483106299590538,15.129680853421968,primesr,p100,2,,,,,10000,poisson
4,4.2255847454071045,0.8179873926947786,14.125961260657066,primesr,p100,2,,,,,10000,poisson
5,4.979385852813721,0.7935059978905762,13.191737360319761,primesr,p100,2,,,,,10000,poisson
6,5.734083652496338,0.7714049757562615,12.321307016902065,primesr,p100,2,,,,,10000,poisson
7,6.488480567932129,0.7545126370836363,11.490260298566621,primesr,p100,2,,,,,10000,poisson
8,7.243211269378662,0.7390579320869921,10.757464295967278,primesr,p100,2,,,,,10000,poisson
9,7.99868369102478,0.7196742389901846,10.03884493516257,primesr,p100,2,,,,,10000,poisson
10,8.753737688064575,0.6984853963000807,9.366002809782188,primesr,p100,2,,,,,10000,poisson
11,9.508210897445679,0.6773985516186558,8.73129183796535,primesr,p100,2,,,,,10000,poisson
12,10.263516426086426,0.6604959025923073,8.089588939799537,primesr,p100,2,,,,,10000,poisson
13,11.019869565963745,0.6449388387920378,7.560694311132695,primesr,p100,2,,,,,10000,poisson
14,11.775554418563843,0.6304428773775885,7.01959641054015,primesr,p100,2,,,,,10000,poisson
15,12.53183913230896,0.6131518844246666,6.576310579361323,primesr,p100,2,,,,,10000,poisson
16,13.288002014160156,0.6026857504781304,6.044046447115537,primesr,p100,2,,,,,10000,poisson
17,14.044972896575928,0.585896936714315,5.7035984770976125,primesr,p100,2,,,,,10000,poisson
18,14.802034378051758,0.5745747669929557,5.254473788251462,primesr,p100,2,,,,,10000,poisson
19,15.559803009033203,0.5577147374559872,4.9408415006279025,primesr,p100,2,,,,,10000,poisson
20,16.31662631034851,0.5404433751567609,4.610305246748862,primesr,p100,2,,,,,10000,poisson
21,17.0746910572052,0.5247900344326174,4.317545321316956,primesr,p100,2,,,,,10000,poisson
22,17.832295894622803,0.5106929093056942,4.002315183404938,primesr,p100,2,,,,,10000,poisson
23,18.589818000793457,0.4965915749314814,3.6989131741852614,primesr,p100,2,,,,,10000,poisson
24,19.35159921646118,0.482824731482922,3.496591125731971,primesr,p100,2,,,,,10000,poisson
25,20.1151123046875,0.4686381093869052,3.249058221498005,primesr,p100,2,,,,,10000,poisson
26,20.880393505096436,0.453649561709778,3.015824936192737,primesr,p100,2,,,,,10000,poisson
27,21.643523931503296,0.43916936646867566,2.815307045614255,primesr,p100,2,,,,,10000,poisson
28,22.406469106674194,0.4249064148131576,2.6412358893401087,primesr,p100,2,,,,,10000,poisson
29,23.170010566711426,0.4112477264701369,2.450142501687865,primesr,p100,2,,,,,10000,poisson
30,23.934746980667114,0.3970527452466209,2.3116266235857847,primesr,p100,2,,,,,10000,poisson
31,24.698235034942627,0.3837842416670847,2.170413985059043,primesr,p100,2,,,,,10000,poisson
32,25.462021112442017,0.3715959742937936,2.0484803260333493,primesr,p100,2,,,,,10000,poisson
33,26.225982666015625,0.3583256381510363,1.8932900302620008,primesr,p100,2,,,,,10000,poisson
34,26.989485025405884,0.345838630587656,1.7474773332880242,primesr,p100,2,,,,,10000,poisson
35,27.753626346588135,0.334475005681016,1.6437814544688285,primesr,p100,2,,,,,10000,poisson
36,28.518169403076172,0.3218946947324386,1.5723978154546767,primesr,p100,2,,,,,10000,poisson
37,29.28246235847473,0.3097379276595826,1.43302663802561,primesr,p100,2,,,,,10000,poisson
38,30.046265602111816,0.298210128155729,1.3563075042025128,primesr,p100,2,,,,,10000,poisson
39,30.81040668487549,0.286286362816072,1.2636150559364787,primesr,p100,2,,,,,10000,poisson
40,31.575798511505127,0.2741430272800237,1.183608872544934,primesr,p100,2,,,,,10000,poisson
42,32.931705474853516,0.2518016846713593,1.0600629642824704,primesr,p100,2,,,,,10000,poisson
46,35.47201991081238,0.210226679816618,0.8132065367063972,primesr,p100,2,,,,,10000,poisson
50,38.01363682746887,0.17297453778153377,0.6175730601978925,primesr,p100,2,,,,,10000,poisson
55,41.14803385734558,0.13277174338321843,0.4519072668356233,primesr,p100,2,,,,,10000,poisson
61,44.87426161766052,0.09873128971656714,0.30397066813510104,primesr,p100,2,,,,,10000,poisson
67,48.60011529922485,0.07668198881839715,0.2018389549744792,primesr,p100,2,,,,,10000,poisson
73,52.32724189758301,0.06343391154105057,0.13432688985087127,primesr,p100,2,,,,,10000,poisson
81,57.238932609558105,0.05175988122696534,0.0765027413353434,primesr,p100,2,,,,,10000,poisson
89,62.14983320236206,0.046024700962307354,0.03912057314134813,primesr,p100,2,,,,,10000,poisson
98,67.65288805961609,0.04145242340675381,0.021073987070216415,primesr,p100,2,,,,,10000,poisson
107,73.15490865707397,0.03876340404972258,0.011995116161020206,primesr,p100,2,,,,,10000,poisson
118,79.83930516242981,0.03706821280823707,0.0058353617471029,primesr,p100,2,,,,,10000,poisson
130,87.1192843914032,0.035511464180030164,0.003257822777676864,primesr,p100,2,,,,,10000,poisson
143,94.98945379257202,0.03402720590115817,0.001647934694459982,primesr,p100,2,,,,,10000,poisson
157,103.44970154762268,0.0340389881387459,0.001577035975661213,primesr,p100,2,,,,,10000,poisson
172,112.50516057014465,0.0335323727421883,0.0011814308544032155,primesr,p100,2,,,,,10000,poisson
190,123.33554458618164,0.0332456557084949,0.0010553162993171526,primesr,p100,2,,,,,10000,poisson
208,134.16591691970825,0.03291019380701539,0.0009830682608708225,primesr,p100,2,,,,,10000,poisson
229,146.77170538902283,0.03163723371477329,0.0012061220737725619,primesr,p100,2,,,,,10000,poisson
252,160.5610225200653,0.030979976959612368,0.0009195005436451972,primesr,p100,2,,,,,10000,poisson
277,175.53604865074158,0.03069549500630577,0.0009561651392627681,primesr,p100,2,,,,,10000,poisson
305,192.28714609146118,0.029293677472758056,0.0009839182342623954,primesr,p100,2,,,,,10000,poisson
335,210.22023034095764,0.02826523677095841,0.0005991992075451494,primesr,p100,2,,,,,10000,poisson
369,230.51645302772522,0.02653182887308016,0.0007002468788500204,primesr,p100,2,,,,,10000,poisson
406,252.59405946731567,0.02447701473554147,0.00062326495126573,primesr,p100,2,,,,,10000,poisson
446,276.44552731513977,0.022795883802591364,0.0005675646235592348,primesr,p100,2,,,,,10000,poisson
491,303.2631847858429,0.021464565387783463,0.0004416460476624458,primesr,p100,2,,,,,10000,poisson
540,332.4423038959503,0.020401204533798827,0.0004212947796594049,primesr,p100,2,,,,,10000,poisson
594,364.5837709903717,0.019526184389213365,0.000367075282950244,primesr,p100,2,,,,,10000,poisson
653,399.6851644515991,0.01822175255838796,0.0003065476952033091,primesr,p100,2,,,,,10000,poisson
718,438.3422431945801,0.01773566722183821,0.00033375730887148943,primesr,p100,2,,,,,10000,poisson
790,481.14274406433105,0.016442153931348874,0.00032464038053136343,primesr,p100,2,,,,,10000,poisson
869,528.0845003128052,0.015461109556604158,0.0002779067252740652,primesr,p100,2,,,,,10000,poisson
956,579.7620897293091,0.014687058264450043,0.00025823591790620406,primesr,p100,2,,,,,10000,poisson
1052,636.7702925205231,0.013651449749812927,0.00019438479343638533,primesr,p100,2,,,,,10000,poisson
1157,699.1021625995636,0.01262400704576793,0.000212190634789129,primesr,p100,2,,,,,10000,poisson
1272,767.3525695800781,0.012307900391987293,0.0001935131383722631,primesr,p100,2,,,,,10000,poisson
1400,843.3047132492065,0.011475602026566643,0.00015965015045755468,primesr,p100,2,,,,,10000,poisson
1539,925.7487995624542,0.010288612947051606,0.00013649959387494198,primesr,p100,2,,,,,10000,poisson
1693,1017.0832798480988,0.009277134482954578,0.00015540655700607302,primesr,p100,2,,,,,10000,poisson
1863,1117.871868610382,0.0077211804944847355,0.00010105474618058077,primesr,p100,2,,,,,10000,poisson
2049,1228.1109771728516,0.006917699925030275,6.230196937746426e-05,primesr,p100,2,,,,,10000,poisson
2254,1349.5337417125702,0.007146780452026942,7.43781767507723e-05,primesr,p100,2,,,,,10000,poisson
2479,1482.7279787063599,0.008017457717897193,7.315729358455022e-05,primesr,p100,2,,,,,10000,poisson
2727,1629.5323231220245,0.00801122472349824,7.79965598326492e-05,primesr,p100,2,,,,,10000,poisson
3000,1791.1778771877289,0.007888496387265343,5.417705174596974e-05,primesr,p100,2,,,,,10000,poisson
3299,1968.1961483955383,0.008160163929120702,5.3889659344836594e-05,primesr,p100,2,,,,,10000,poisson
3629,2163.5426309108734,0.008529713316720821,3.463368211090917e-05,primesr,p100,2,,,,,10000,poisson
3992,2378.394154071808,0.008801069642342728,3.945270768817364e-05,primesr,p100,2,,,,,10000,poisson
4391,2614.6209371089935,0.008839469523764226,5.1264892373903195e-05,primesr,p100,2,,,,,10000,poisson
4831,2875.022679567337,0.00875639124380648,5.265203336105583e-05,primesr,p100,2,,,,,10000,poisson
5314,3160.846499443054,0.008273813921254008,4.399648181898026e-05,primesr,p100,2,,,,,10000,poisson
5845,3474.964638233185,0.007598586985849906,4.5556418668895954e-05,primesr,p100,2,,,,,10000,poisson
6429,3820.3910250663757,0.006860637271934384,3.9661346796447366e-05,primesr,p100,2,,,,,10000,poisson
7072,4200.700021982193,0.005993522487296194,2.5188579266848007e-05,primesr,p100,2,,,,,10000,poisson
7779,4619.073363780975,0.005130155727364898,1.9467015838957704e-05,primesr,p100,2,,,,,10000,poisson
8557,5079.2983520030975,0.004252658495929187,1.30882210711461e-05,primesr,p100,2,,,,,10000,poisson
9413,5586.061035633087,0.0038601254639040066,1.3547904493894487e-05,primesr,p100,2,,,,,10000,poisson
10354,6142.741706371307,0.0037877199750943353,8.32410530703955e-06,primesr,p100,2,,,,,10000,poisson
11389,6755.224467039108,0.0038656425219705023,8.450238730233343e-06,primesr,p100,2,,,,,10000,poisson
12528,7429.079346418381,0.0039923601200382575,1.2184925937073033e-05,primesr,p100,2,,,,,10000,poisson
13781,8170.678960084915,0.0037795657830912623,8.843612982826112e-06,primesr,p100,2,,,,,10000,poisson
15159,8985.861523628235,0.003569116154985465,8.047697528121713e-06,primesr,p100,2,,,,,10000,poisson
16675,9882.692410945892,0.0033033786208402707,6.0035116605901056e-06,primesr,p100,2,,,,,10000,poisson
16874,10000.580467939377,0.00332627559892888,6.435733221284945e-06,primesr,p100,2,,,,,10000,poisson
0,0.8502366542816162,1.0397932742466307,18.227974142514814,primesr,p100,3,,,,,10000,poisson
1,1.978776216506958,1.008972652149846,17.05841857789409,primesr,p100,3,,,,,10000,poisson
2,2.727734327316284,0.9738116154097582,15.931376226090741,primesr,p100,3,,,,,10000,poisson
3,3.4768922328948975,0.9436343450449651,14.859565955233604,primesr,p100,3,,,,,10000,poisson
4,4.22693395614624,0.9153791146382317,13.834327344094843,primesr,p100,3,,,,,10000,poisson
5,4.975867033004761,0.8856889111856773,12.981297131631472,primesr,p100,3,,,,,10000,poisson
6,5.7260377407073975,0.8548620538138331,12.145712780424185,primesr,p100,3,,,,,10000,poisson
7,6.475236177444458,0.8259884518216408,11.306130344396923,primesr,p100,3,,,,,10000,poisson
8,7.225385427474976,0.7994843342075558,10.579316856068052,primesr,p100,3,,,,,10000,poisson
9,7.979346990585327,0.7742959191236599,9.864685432310058,primesr,p100,3,,,,,10000,poisson
10,8.728814363479614,0.7497991056262169,9.203177068423464,primesr,p100,3,,,,,10000,poisson
11,9.479925155639648,0.725957492880483,8.563264050660655,primesr,p100,3,,,,,10000,poisson
12,10.229247093200684,0.7105792464275675,7.923522336077534,primesr,p100,3,,,,,10000,poisson
13,10.97916030883789,0.6890339688797407,7.428586693048444,primesr,p100,3,,,,,10000,poisson
14,11.730209350585938,0.6726565737511553,6.9017754484672365,primesr,p100,3,,,,,10000,poisson
15,12.48287844657898,0.6521752814045166,6.44231980140333,primesr,p100,3,,,,,10000,poisson
16,13.234506607055664,0.6318885179979474,6.021767748389577,primesr,p100,3,,,,,10000,poisson
17,13.989197731018066,0.6156437199494316,5.5604890105843,primesr,p100,3,,,,,10000,poisson
18,14.740628719329834,0.5988163611535678,5.206344675817569,primesr,p100,3,,,,,10000,poisson
19,15.492108583450317,0.5815512667966002,4.864162885685605,primesr,p100,3,,,,,10000,poisson
20,16.246007204055786,0.5642874264241695,4.525271017506371,primesr,p100,3,,,,,10000,poisson
21,17.002904653549194,0.5482214827078824,4.239774165998806,primesr,p100,3,,,,,10000,poisson
22,17.761722326278687,0.5303164389603755,3.9325483740553198,primesr,p100,3,,,,,10000,poisson
23,18.52254295349121,0.5148734443466346,3.6861391969095436,primesr,p100,3,,,,,10000,poisson
24,19.28445839881897,0.4994353283643227,3.4357029902054936,primesr,p100,3,,,,,10000,poisson
25,20.050827980041504,0.4835384967040895,3.186100925010559,primesr,p100,3,,,,,10000,poisson
26,20.812463521957397,0.468563668687101,2.986235870607569,primesr,p100,3,,,,,10000,poisson
27,21.571821451187134,0.45404045469272536,2.7774892696675675,primesr,p100,3,,,,,10000,poisson
28,22.330538749694824,0.43941305337614245,2.58661075169351,primesr,p100,3,,,,,10000,poisson
29,23.093461990356445,0.42448858415588026,2.4497273728817603,primesr,p100,3,,,,,10000,poisson
30,23.861052989959717,0.41009167232909044,2.25921164129892,primesr,p100,3,,,,,10000,poisson
31,24.62828016281128,0.39629920308430205,2.1431666734192127,primesr,p100,3,,,,,10000,poisson
32,25.390270233154297,0.3831400116903038,1.9719273093559877,primesr,p100,3,,,,,10000,poisson
33,26.150230646133423,0.36960174129920326,1.869526185175503,primesr,p100,3,,,,,10000,poisson
34,26.909213542938232,0.35588439024685636,1.7205925474840733,primesr,p100,3,,,,,10000,poisson
35,27.668866395950317,0.3428090104020503,1.6417613711573948,primesr,p100,3,,,,,10000,poisson
36,28.428235054016113,0.3296941283137916,1.5279470326241877,primesr,p100,3,,,,,10000,poisson
37,29.19020700454712,0.31577977952630787,1.431694081060954,primesr,p100,3,,,,,10000,poisson
38,29.948241710662842,0.3029760869312817,1.3316823427098958,primesr,p100,3,,,,,10000,poisson
39,30.706279277801514,0.29188370201159075,1.2394350579974167,primesr,p100,3,,,,,10000,poisson
40,31.464540243148804,0.2808303961670112,1.161852586907366,primesr,p100,3,,,,,10000,poisson
42,32.80998110771179,0.2603285097083416,1.024231286131821,primesr,p100,3,,,,,10000,poisson
46,35.32991600036621,0.21935542191388352,0.7995357555054587,primesr,p100,3,,,,,10000,poisson
50,37.84997487068176,0.18403764810385403,0.6065935662063829,primesr,p100,3,,,,,10000,poisson
55,40.95925331115723,0.1475948020576769,0.4437077289245146,primesr,p100,3,,,,,10000,poisson
61,44.66169023513794,0.11407586768953076,0.3009288019431402,primesr,p100,3,,,,,10000,poisson
67,48.359801054000854,0.09077787063303118,0.19807355293446954,primesr,p100,3,,,,,10000,poisson
73,52.05713224411011,0.0743405413603275,0.133538716203267,primesr,p100,3,,,,,10000,poisson
81,56.927589654922485,0.05900156578577443,0.07284303311470126,primesr,p100,3,,,,,10000,poisson
89,61.79935669898987,0.050145405317645116,0.04118627403293855,primesr,p100,3,,,,,10000,poisson
98,67.25563049316406,0.04438354561002054,0.020745814141411748,primesr,p100,3,,,,,10000,poisson
107,72.71368169784546,0.04100486665881465,0.011882075009718229,primesr,p100,3,,,,,10000,poisson
118,79.34962773323059,0.03839321849750998,0.005616890955284998,primesr,p100,3,,,,,10000,poisson
130,86.57376503944397,0.03653593077401949,0.0036039434549443184,primesr,p100,3,,,,,10000,poisson
143,94.3925769329071,0.0348968873690286,0.002032297169838649,primesr,p100,3,,,,,10000,poisson
157,102.78781819343567,0.03312311439636757,0.0017051430909574374,primesr,p100,3,,,,,10000,poisson
172,111.79962205886841,0.032604309015418706,0.0012489331719387604,primesr,p100,3,,,,,10000,poisson
190,122.56098079681396,0.031943246257614105,0.0010965726386919497,primesr,p100,3,,,,,10000,poisson
208,133.32148337364197,0.031089005199812315,0.0010658424385593627,primesr,p100,3,,,,,10000,poisson
229,145.84709858894348,0.031007663972671545,0.0009154112549203959,primesr,p100,3,,,,,10000,poisson
252,159.55956172943115,0.030449108638079998,0.0010849372663900142,primesr,p100,3,,,,,10000,poisson
277,174.54603672027588,0.0297321825909775,0.0008516882133644532,primesr,p100,3,,,,,10000,poisson
305,191.31562304496765,0.02916586182669636,0.0007921346683633719,primesr,p100,3,,,,,10000,poisson
335,209.26553773880005,0.027438213995664124,0.0009853842357041955,primesr,p100,3,,,,,10000,poisson
369,229.5830385684967,0.02518659071547621,0.0005744206359737178,primesr,p100,3,,,,,10000,poisson
406,251.68195939064026,0.023380213289947493,0.0006580463495358215,primesr,p100,3,,,,,10000,poisson
446,275.5684187412262,0.022237803871403717,0.0005281173990546438,primesr,p100,3,,,,,10000,poisson
491,302.4052541255951,0.021187985201771474,0.00046317735776753906,primesr,p100,3,,,,,10000,poisson
540,331.6152377128601,0.020201791877129744,0.000526347709676078,primesr,p100,3,,,,,10000,poisson
594,363.78202962875366,0.019011821592327074,0.0003532987554681696,primesr,p100,3,,,,,10000,poisson
653,398.91271567344666,0.017989138711480165,0.000253093652859927,primesr,p100,3,,,,,10000,poisson
718,437.5894248485565,0.017053282851277406,0.00036752574025912565,primesr,p100,3,,,,,10000,poisson
790,480.3949203491211,0.015812886869847945,0.00022556993205272158,primesr,p100,3,,,,,10000,poisson
869,527.309193611145,0.014631765264271934,0.0001920103621346242,primesr,p100,3,,,,,10000,poisson
956,578.9547562599182,0.01348990357615042,0.00016753552335257917,primesr,p100,3,,,,,10000,poisson
1052,635.9092047214508,0.01218486385308287,0.00014666374919647748,primesr,p100,3,,,,,10000,poisson
1157,698.2015311717987,0.011147957252084421,0.00014817872008367547,primesr,p100,3,,,,,10000,poisson
1272,766.5189790725708,0.010129697055138059,0.00010368538514549134,primesr,p100,3,,,,,10000,poisson
1400,842.5654199123383,0.009519351588725886,8.759630060907618e-05,primesr,p100,3,,,,,10000,poisson
1539,925.0875778198242,0.009430721000895266,0.00010128966635153741,primesr,p100,3,,,,,10000,poisson
1693,1016.5141339302063,0.009948684970579854,0.00010224088096169275,primesr,p100,3,,,,,10000,poisson
1863,1117.4351806640625,0.010460054708759069,9.973309942624591e-05,primesr,p100,3,,,,,10000,poisson
2049,1227.8021211624146,0.01052911737112785,0.00012126918453000595,primesr,p100,3,,,,,10000,poisson
2254,1349.4375703334808,0.010304181660481748,6.597096870928696e-05,primesr,p100,3,,,,,10000,poisson
2479,1482.7376708984375,0.009796302796573519,7.591347088553043e-05,primesr,p100,3,,,,,10000,poisson
2727,1629.8311672210693,0.00949067378412322,5.695068903402421e-05,primesr,p100,3,,,,,10000,poisson
3000,1791.7795963287354,0.009352581793443754,8.868009838016382e-05,primesr,p100,3,,,,,10000,poisson
3299,1969.1885888576508,0.009144116560003369,7.030336444996526e-05,primesr,p100,3,,,,,10000,poisson
3629,2164.7971651554108,0.008693355173354646,6.91830712853462e-05,primesr,p100,3,,,,,10000,poisson
3992,2379.9754741191864,0.007590087698045674,6.900885209027147e-05,primesr,p100,3,,,,,10000,poisson
4391,2616.4815530776978,0.006403638197738958,4.4227959937161344e-05,primesr,p100,3,,,,,10000,poisson
4831,2877.335554122925,0.00517937801238651,4.1969567778432794e-05,primesr,p100,3,,,,,10000,poisson
5314,3163.6110117435455,0.00445987041673783,2.8354214081409897e-05,primesr,p100,3,,,,,10000,poisson
5845,3478.288259744644,0.003235705419659025,1.8250030796844177e-05,primesr,p100,3,,,,,10000,poisson
6429,3824.449078321457,0.002362807227059528,1.304922833886525e-05,primesr,p100,3,,,,,10000,poisson
7072,4205.540567159653,0.0021854537110745685,1.1509922013087037e-05,primesr,p100,3,,,,,10000,poisson
7779,4624.561399459839,0.002183502630096062,8.79183479647089e-06,primesr,p100,3,,,,,10000,poisson
8557,5085.539693117142,0.0023974910888181727,7.066254346075812e-06,primesr,p100,3,,,,,10000,poisson
9413,5592.688808441162,0.00285906870127545,6.7014480704052595e-06,primesr,p100,3,,,,,10000,poisson
10354,6150.500271081924,0.003894163148745154,9.28392003063987e-06,primesr,p100,3,,,,,10000,poisson
11389,6763.8073806762695,0.005302237600736403,1.532339079208309e-05,primesr,p100,3,,,,,10000,poisson
12528,7438.839385032654,0.006870141790921499,3.2631648143409514e-05,primesr,p100,3,,,,,10000,poisson
13781,8181.08186006546,0.007625722350133648,3.877968298017265e-05,primesr,p100,3,,,,,10000,poisson
15159,8997.357064008713,0.006048402310495736,2.0944501983402594e-05,primesr,p100,3,,,,,10000,poisson
16675,9895.447851419449,0.004211383627921926,1.392141238164313e-05,primesr,p100,3,,,,,10000,poisson
16852,10000.456595182419,0.004009098264706301,1.1853940475868117e-05,primesr,p100,3,,,,,10000,poisson
0,1.4056963920593262,1.5958469858440099,124.79941088089237,primesr,p5,1,,,,,7000,poisson
1,2.915468215942383,1.5802750790246978,124.3023367880495,primesr,p5,1,,,,,7000,poisson
2,4.053118944168091,1.598164343575794,117.7780534792506,primesr,p5,1,,,,,7000,poisson
3,5.197283506393433,1.6038615384739763,120.0953544167272,primesr,p5,1,,,,,7000,poisson
4,6.357759952545166,1.5980464157188934,122.09448377398678,primesr,p5,1,,,,,7000,poisson
5,7.513224840164185,1.5968686463305612,120.11565458164047,primesr,p5,1,,,,,7000,poisson
6,8.669229984283447,1.5995167257694372,123.94806912750532,primesr,p5,1,,,,,7000,poisson
7,9.823599576950073,1.5962258758241032,119.98329918777763,primesr,p5,1,,,,,7000,poisson
8,10.978563070297241,1.5912995900227263,117.34010588589426,primesr,p5,1,,,,,7000,poisson
9,12.148733854293823,1.5843349008062262,112.43891256187557,primesr,p5,1,,,,,7000,poisson
10,13.30932903289795,1.5765909292368885,118.64539275717658,primesr,p5,1,,,,,7000,poisson
11,14.47200632095337,1.5674606250874565,115.54089534686055,primesr,p5,1,,,,,7000,poisson
12,15.633346557617188,1.5564733374381012,112.25980587053564,primesr,p5,1,,,,,7000,poisson
13,16.79275131225586,1.5432326146894813,113.33509556482991,primesr,p5,1,,,,,7000,poisson
14,17.954068183898926,1.5280144052852422,114.87598552487795,primesr,p5,1,,,,,7000,poisson
15,19.116329669952393,1.5109874975143687,111.6328045693416,primesr,p5,1,,,,,7000,poisson
16,20.278478384017944,1.4920944952365987,108.00742053929444,primesr,p5,1,,,,,7000,poisson
17,21.438076972961426,1.4704347550283117,105.0684048095217,primesr,p5,1,,,,,7000,poisson
18,22.601171255111694,1.4470310260618093,100.72862927129614,primesr,p5,1,,,,,7000,poisson
19,23.75770878791809,1.421390879322821,98.38058876255683,primesr,p5,1,,,,,7000,poisson
20,24.911638736724854,1.393074006760607,92.52560621188297,primesr,p5,1,,,,,7000,poisson
21,26.065269470214844,1.361003134253275,87.50030353897132,primesr,p5,1,,,,,7000,poisson
22,27.217220783233643,1.324978202494171,86.43811811469938,primesr,p5,1,,,,,7000,poisson
23,28.3664710521698,1.2847980416643454,82.02739358226167,primesr,p5,1,,,,,7000,poisson
24,29.516431093215942,1.2384399514070625,77.39435243512408,primesr,p5,1,,,,,7000,poisson
25,30.670774221420288,1.184657794561971,72.41113737102339,primesr,p5,1,,,,,7000,poisson
26,31.822386026382446,1.1234035487391636,68.58857400326826,primesr,p5,1,,,,,7000,poisson
27,32.972245931625366,1.0664342759686762,61.90047696274736,primesr,p5,1,,,,,7000,poisson
28,34.121745347976685,1.0113722267286234,54.71986629179519,primesr,p5,1,,,,,7000,poisson
29,35.270262718200684,0.9602312364142808,49.4471206736093,primesr,p5,1,,,,,7000,poisson
30,36.41879153251648,0.912174110082899,44.61200279426658,primesr,p5,1,,,,,7000,poisson
31,37.567384243011475,0.8662521242429695,39.47108714265163,primesr,p5,1,,,,,7000,poisson
32,38.71420431137085,0.8228220178072305,35.58491404262506,primesr,p5,1,,,,,7000,poisson
33,39.861849784851074,0.7813267772805236,34.78204627162399,primesr,p5,1,,,,,7000,poisson
34,41.00927996635437,0.742180883272033,28.98107486369706,primesr,p5,1,,,,,7000,poisson
35,42.156583309173584,0.7052159282646221,27.78877920408844,primesr,p5,1,,,,,7000,poisson
36,43.303178787231445,0.6699575322596215,24.60360545762196,primesr,p5,1,,,,,7000,poisson
37,44.45068907737732,0.636487430360487,22.410614121005082,primesr,p5,1,,,,,7000,poisson
38,45.59855628013611,0.6049820553214939,20.313153336182225,primesr,p5,1,,,,,7000,poisson
39,46.74459171295166,0.5751796251766357,18.033547363412453,primesr,p5,1,,,,,7000,poisson
40,47.89032483100891,0.5468329541408021,16.97871117177472,primesr,p5,1,,,,,7000,poisson
42,50.178354263305664,0.49451806818393185,13.462245976370898,primesr,p5,1,,,,,7000,poisson
46,54.757378339767456,0.40535401711005264,9.723657951825704,primesr,p5,1,,,,,7000,poisson
50,59.33284568786621,0.3322279067519288,6.191310947397082,primesr,p5,1,,,,,7000,poisson
55,65.04211497306824,0.25917879697624135,3.76251266071509,primesr,p5,1,,,,,7000,poisson
61,71.89946937561035,0.1924670307783112,2.046674547281785,primesr,p5,1,,,,,7000,poisson
67,78.7498095035553,0.14288722232829984,1.1803726964191503,primesr,p5,1,,,,,7000,poisson
73,85.6015191078186,0.10624405853237988,0.6382317681588677,primesr,p5,1,,,,,7000,poisson
81,94.81290531158447,0.07166550509930203,0.2846183911150035,primesr,p5,1,,,,,7000,poisson
89,104.01804566383362,0.04847308493970647,0.12470524401227226,primesr,p5,1,,,,,7000,poisson
98,114.39305686950684,0.031164881015800342,0.05227184880118494,primesr,p5,1,,,,,7000,poisson
107,124.7596161365509,0.020115819523067048,0.020930618749986172,primesr,p5,1,,,,,7000,poisson
118,137.42414450645447,0.0118569569971002,0.0071996468344547645,primesr,p5,1,,,,,7000,poisson
130,151.23202896118164,0.006736052465313768,0.002170342212802172,primesr,p5,1,,,,,7000,poisson
143,166.19747495651245,0.0037338300982078638,0.0005940791658627447,primesr,p5,1,,,,,7000,poisson
157,182.31609106063843,0.0023536829634380105,0.00014973235834394468,primesr,p5,1,,,,,7000,poisson
172,199.5594618320465,0.001398667990588176,3.375918092749383e-05,primesr,p5,1,,,,,7000,poisson
190,220.25263381004333,0.0011390604455675767,6.419733263271466e-06,primesr,p5,1,,,,,7000,poisson
208,240.93668961524963,0.0010441338650683514,1.765291690846074e-06,primesr,p5,1,,,,,7000,poisson
229,265.07477855682373,0.0006472382908452475,7.562851528706967e-07,primesr,p5,1,,,,,7000,poisson
252,291.5038549900055,0.00043368975854436975,6.946028227053088e-07,primesr,p5,1,,,,,7000,poisson
277,320.2146966457367,0.000573784059316671,8.884981342705297e-07,primesr,p5,1,,,,,7000,poisson
305,352.37980818748474,0.0008594269122649513,9.492953976677399e-07,primesr,p5,1,,,,,7000,poisson
335,386.82138109207153,0.000817714403516359,7.130813729759986e-07,primesr,p5,1,,,,,7000,poisson
369,425.8785490989685,0.000511691776727748,3.4764090627284447e-07,primesr,p5,1,,,,,7000,poisson
406,468.3457851409912,0.0005053213910098114,2.6749629073998944e-07,primesr,p5,1,,,,,7000,poisson
446,514.2526619434357,0.00032367209841517125,1.0021707221638063e-07,primesr,p5,1,,,,,7000,poisson
491,565.9029581546783,0.0002318194859787114,6.385278715765005e-08,primesr,p5,1,,,,,7000,poisson
540,622.140031337738,0.00014693468347578474,2.46931941845133e-08,primesr,p5,1,,,,,7000,poisson
594,684.1264178752899,0.00015829202894178919,1.9394979962764765e-08,primesr,p5,1,,,,,7000,poisson
653,751.8383781909943,7.35876267441438e-05,6.896180827586752e-09,primesr,p5,1,,,,,7000,poisson
718,826.4179515838623,7.034864302089864e-05,4.5551564572886634e-09,primesr,p5,1,,,,,7000,poisson
790,909.0295758247375,2.3781170004432123e-05,1.4968998496063282e-09,primesr,p5,1,,,,,7000,poisson
869,999.6708714962006,3.727711147190527e-05,1.8741910534990472e-09,primesr,p5,1,,,,,7000,poisson
956,1099.4872751235962,3.868118022374227e-05,1.759117296430554e-09,primesr,p5,1,,,,,7000,poisson
1052,1209.6201553344727,2.846107517307611e-05,1.1918734442077147e-09,primesr,p5,1,,,,,7000,poisson
1157,1330.0496633052826,1.1542703206137411e-05,4.611215105248718e-10,primesr,p5,1,,,,,7000,poisson
1272,1461.956862449646,9.134010255985923e-06,4.868668454870842e-10,primesr,p5,1,,,,,7000,poisson
1400,1608.7146265506744,1.8818754148813614e-05,6.347829087356326e-10,primesr,p5,1,,,,,7000,poisson
1539,1768.0397894382477,9.070025965534366e-06,3.7107535384599465e-10,primesr,p5,1,,,,,7000,poisson
1693,1944.5152542591095,9.360306934098077e-06,3.5420532420655225e-10,primesr,p5,1,,,,,7000,poisson
1863,2139.371545314789,7.972286542051257e-06,2.8982969211759e-10,primesr,p5,1,,,,,7000,poisson
2049,2352.5481429100037,9.310551754720941e-06,3.042089313336287e-10,primesr,p5,1,,,,,7000,poisson
2254,2587.50097155571,7.387414632553067e-06,2.4812121596635174e-10,primesr,p5,1,,,,,7000,poisson
2479,2845.3606445789337,6.089980651213475e-06,2.248967805876999e-10,primesr,p5,1,,,,,7000,poisson
2727,3129.614516735077,6.237905358512399e-06,2.6245286760256777e-10,primesr,p5,1,,,,,7000,poisson
3000,3442.5710439682007,5.658255745301515e-06,1.8031930254622978e-10,primesr,p5,1,,,,,7000,poisson
3299,3785.1550874710083,7.631730606011481e-06,1.7508910157263494e-10,primesr,p5,1,,,,,7000,poisson
3629,4163.252091169357,5.379179108069769e-06,1.561811615726122e-10,primesr,p5,1,,,,,7000,poisson
3992,4579.299324274063,7.056953590365882e-06,1.491629482415902e-10,primesr,p5,1,,,,,7000,poisson
4391,5036.939531326294,5.2285874294780555e-06,1.457247202216058e-10,primesr,p5,1,,,,,7000,poisson
4831,5541.331515789032,4.627931270681197e-06,1.3073629615441488e-10,primesr,p5,1,,,,,7000,poisson
5314,6094.593124866486,4.992217785811863e-06,1.1983624312925246e-10,primesr,p5,1,,,,,7000,poisson
5845,6703.970976829529,7.017044708613458e-06,1.123814364778289e-10,primesr,p5,1,,,,,7000,poisson
6103,7000.323060512543,4.377284586865881e-06,1.2010632366206755e-10,primesr,p5,1,,,,,7000,poisson
0,1.4072380065917969,1.5836408131844566,125.73075180603173,primesr,p5,2,,,,,7000,poisson
1,2.9153637886047363,1.5739266332274966,122.6842937036628,primesr,p5,2,,,,,7000,poisson
2,4.0546042919158936,1.5723131172029352,128.2770995785765,primesr,p5,2,,,,,7000,poisson
3,5.202148199081421,1.5707209674834868,128.30192044486,primesr,p5,2,,,,,7000,poisson
4,6.353406190872192,1.5722500472342398,120.78098952624217,primesr,p5,2,,,,,7000,poisson
5,7.51243257522583,1.5697469822994148,124.89425964598067,primesr,p5,2,,,,,7000,poisson
6,8.672640800476074,1.5658261246383314,120.98578763057479,primesr,p5,2,,,,,7000,poisson
7,9.838623762130737,1.5613918166836545,118.3514368387475,primesr,p5,2,,,,,7000,poisson
8,11.013659954071045,1.5569408244424956,123.35243720633486,primesr,p5,2,,,,,7000,poisson
9,12.185598850250244,1.5511492156786728,116.36145212188325,primesr,p5,2,,,,,7000,poisson
10,13.356720209121704,1.5436412485899138,119.24087140383774,primesr,p5,2,,,,,7000,poisson
11,14.531959533691406,1.5348877237297789,115.96460012745216,primesr,p5,2,,,,,7000,poisson
12,15.708811044692993,1.5242105104115045,117.38372938418104,primesr,p5,2,,,,,7000,poisson
13,16.883708238601685,1.511395148287115,113.82653081262761,primesr,p5,2,,,,,7000,poisson
14,18.06044316291809,1.496047152779541,114.2930766225841,primesr,p5,2,,,,,7000,poisson
15,19.238853931427002,1.4771966545716981,114.9211625214291,primesr,p5,2,,,,,7000,poisson
16,20.417818069458008,1.4542602292230422,110.62473473605822,primesr,p5,2,,,,,7000,poisson
17,21.595293283462524,1.427029759980901,106.20493795426995,primesr,p5,2,,,,,7000,poisson
18,22.770498275756836,1.394788493115416,103.01227212879849,primesr,p5,2,,,,,7000,poisson
19,23.94716191291809,1.3568191447268005,97.55957390495139,primesr,p5,2,,,,,7000,poisson
20,25.12002730369568,1.3138228394885976,89.78696690949987,primesr,p5,2,,,,,7000,poisson
21,26.29053258895874,1.2651338396509126,80.89358893793148,primesr,p5,2,,,,,7000,poisson
22,27.458920001983643,1.2077497488331457,78.10989357678835,primesr,p5,2,,,,,7000,poisson
23,28.63734769821167,1.147088193322731,73.05239966493542,primesr,p5,2,,,,,7000,poisson
24,29.804335355758667,1.0896970651940994,64.61397241971089,primesr,p5,2,,,,,7000,poisson
25,30.968252420425415,1.0355897573263266,57.53850297001515,primesr,p5,2,,,,,7000,poisson
26,32.131924867630005,0.9844011457312308,50.39741661569604,primesr,p5,2,,,,,7000,poisson
27,33.29443025588989,0.9358544908762328,47.020066501489175,primesr,p5,2,,,,,7000,poisson
28,34.45536661148071,0.8898545784413923,42.64257040286041,primesr,p5,2,,,,,7000,poisson
29,35.61736536026001,0.8461882776900334,38.671269859125495,primesr,p5,2,,,,,7000,poisson
30,36.77898621559143,0.8047690162482187,36.15447564918479,primesr,p5,2,,,,,7000,poisson
31,37.941821575164795,0.7655161770745811,31.760756723552575,primesr,p5,2,,,,,7000,poisson
32,39.102885723114014,0.728183668845291,29.165093726541425,primesr,p5,2,,,,,7000,poisson
33,40.26374578475952,0.6927807100247607,26.102735424338615,primesr,p5,2,,,,,7000,poisson
34,41.424683570861816,0.6591279214988603,23.961522421615093,primesr,p5,2,,,,,7000,poisson
35,42.58727264404297,0.6271109447494145,21.206156049037695,primesr,p5,2,,,,,7000,poisson
36,43.74635124206543,0.5966659486246655,18.524184149235644,primesr,p5,2,,,,,7000,poisson
37,44.903873920440674,0.5676865960675278,17.50583193206722,primesr,p5,2,,,,,7000,poisson
38,46.06152606010437,0.5401927523375066,16.1945540589406,primesr,p5,2,,,,,7000,poisson
39,47.217955589294434,0.514015814331955,15.083530925407159,primesr,p5,2,,,,,7000,poisson
40,48.37505102157593,0.48915209712183766,13.1184407206727,primesr,p5,2,,,,,7000,poisson
42,50.68333673477173,0.4429330730561257,10.757021479010064,primesr,p5,2,,,,,7000,poisson
46,55.284159421920776,0.3631546948965097,7.347442336236625,primesr,p5,2,,,,,7000,poisson
50,59.88358998298645,0.2977430817987257,4.902942272975233,primesr,p5,2,,,,,7000,poisson
55,65.62594079971313,0.2322891880663709,3.0591248032353944,primesr,p5,2,,,,,7000,poisson
61,72.52246189117432,0.17239221705373495,1.7222243817834313,primesr,p5,2,,,,,7000,poisson
67,79.4051263332367,0.12796369785550732,0.8855218754603574,primesr,p5,2,,,,,7000,poisson
73,86.28290724754333,0.09494032734180433,0.5163192555141648,primesr,p5,2,,,,,7000,poisson
81,95.448566198349,0.06381748493934884,0.2306068577744824,primesr,p5,2,,,,,7000,poisson
89,104.61292433738708,0.04285156657267116,0.10435340002075111,primesr,p5,2,,,,,7000,poisson
98,114.91312098503113,0.02739183453727934,0.041413685491264104,primesr,p5,2,,,,,7000,poisson
107,125.21279859542847,0.017464457153049742,0.01702306559631129,primesr,p5,2,,,,,7000,poisson
118,137.78204655647278,0.010097738554067653,0.005759496549624229,primesr,p5,2,,,,,7000,poisson
130,151.4876766204834,0.005532358851880738,0.0017986018661890668,primesr,p5,2,,,,,7000,poisson
143,166.33132004737854,0.0028861622495026406,0.00048620726105638853,primesr,p5,2,,,,,7000,poisson
157,182.30929684638977,0.00143840476896754,0.00011758807921284094,primesr,p5,2,,,,,7000,poisson
172,199.42555904388428,0.0006818388797002711,2.8914339669161306e-05,primesr,p5,2,,,,,7000,poisson
190,219.9672122001648,0.00027337236955085153,4.823938086044318e-06,primesr,p5,2,,,,,7000,poisson
208,240.49822211265564,0.00011418309465401043,8.4928718986598e-07,primesr,p5,2,,,,,7000,poisson
229,264.44671869277954,5.9442053990743006e-05,1.3702089240666187e-07,primesr,p5,2,,,,,7000,poisson
252,290.6792507171631,5.106094175019308e-05,3.4158141931530065e-08,primesr,p5,2,,,,,7000,poisson
277,319.185005903244,4.376810954605812e-05,1.592856803907647e-08,primesr,p5,2,,,,,7000,poisson
305,351.10844922065735,3.7470105096303275e-05,1.0342238610302248e-08,primesr,p5,2,,,,,7000,poisson
335,385.3086214065552,3.716283269752575e-05,9.250804688478493e-09,primesr,p5,2,,,,,7000,poisson
369,424.04997730255127,3.630332600558744e-05,6.910790231246365e-09,primesr,p5,2,,,,,7000,poisson
406,466.20445489883423,4.2063567588316e-05,7.009284913158571e-09,primesr,p5,2,,,,,7000,poisson
446,511.76232957839966,3.206453381366448e-05,5.455092466862995e-09,primesr,p5,2,,,,,7000,poisson
491,563.0120742321014,4.544704511957732e-05,6.109224489929256e-09,primesr,p5,2,,,,,7000,poisson
540,618.8030021190643,2.6760422913899682e-05,4.036122186262025e-09,primesr,p5,2,,,,,7000,poisson
594,680.2678165435791,2.4825015678355285e-05,3.7180646350961216e-09,primesr,p5,2,,,,,7000,poisson
653,747.4120626449585,2.3110122563183795e-05,2.9332067028996744e-09,primesr,p5,2,,,,,7000,poisson
718,821.3980450630188,2.178037192723653e-05,2.642350369708208e-09,primesr,p5,2,,,,,7000,poisson
790,903.3387858867645,2.3965536336204346e-05,2.957756641504885e-09,primesr,p5,2,,,,,7000,poisson
869,993.2242975234985,2.186931757394748e-05,2.129849664201244e-09,primesr,p5,2,,,,,7000,poisson
956,1092.2210533618927,1.771725103214563e-05,2.0425215005464386e-09,primesr,p5,2,,,,,7000,poisson
1052,1201.4250037670135,1.784058213081921e-05,1.9790087037003186e-09,primesr,p5,2,,,,,7000,poisson
1157,1320.862232208252,1.658349906840652e-05,2.0330811185351647e-09,primesr,p5,2,,,,,7000,poisson
1272,1451.7031607627869,1.5393518952874878e-05,2.4784780585190555e-09,primesr,p5,2,,,,,7000,poisson
1400,1597.3144705295563,1.4032804421392603e-05,1.0692178443445888e-09,primesr,p5,2,,,,,7000,poisson
1539,1755.4048080444336,1.2788335125527323e-05,9.165507743024955e-10,primesr,p5,2,,,,,7000,poisson
1693,1930.517823457718,1.153106900011985e-05,9.067355861699904e-10,primesr,p5,2,,,,,7000,poisson
1863,2123.7886159420013,1.1089377654511049e-05,1.0811455304097488e-09,primesr,p5,2,,,,,7000,poisson
2049,2335.16348528862,9.997433359654866e-06,6.091498551643064e-10,primesr,p5,2,,,,,7000,poisson
2254,2568.0933735370636,8.842450230954037e-06,5.592158739774332e-10,primesr,p5,2,,,,,7000,poisson
2479,2823.7407240867615,7.936416022407196e-06,1.0120634934561525e-09,primesr,p5,2,,,,,7000,poisson
2727,3105.54828953743,7.124190524280632e-06,3.0077616260570995e-10,primesr,p5,2,,,,,7000,poisson
3000,3416.096620082855,6.511954549009607e-06,2.6644501434901503e-10,primesr,p5,2,,,,,7000,poisson
3299,3755.9781506061554,7.097357554762923e-06,2.3696006783343094e-10,primesr,p5,2,,,,,7000,poisson
3629,4130.985095977783,5.382937578499808e-06,1.6739161248798683e-10,primesr,p5,2,,,,,7000,poisson
3992,4543.384984254837,4.9977496161109935e-06,1.383563586394594e-10,primesr,p5,2,,,,,7000,poisson
4391,4996.648616552353,4.582390254581172e-06,1.2931512853878606e-10,primesr,p5,2,,,,,7000,poisson
4831,5496.274858474731,4.350798094642252e-06,1.2592238933971444e-10,primesr,p5,2,,,,,7000,poisson
5314,6045.128062963486,4.049084694511316e-06,9.309849958485618e-11,primesr,p5,2,,,,,7000,poisson
5845,6648.049833059311,3.589862533722516e-06,7.530981271243026e-11,primesr,p5,2,,,,,7000,poisson
6155,7000.007783412933,3.485005610245376e-06,8.323972229553063e-11,primesr,p5,2,,,,,7000,poisson
0,1.4242432117462158,1.5546277285690497,122.1390913161856,primesr,p5,3,,,,,7000,poisson
1,2.971351146697998,1.5557421800382756,118.43549452976252,primesr,p5,3,,,,,7000,poisson
2,4.167452096939087,1.5541995396176786,122.50641273776947,primesr,p5,3,,,,,7000,poisson
3,5.377783298492432,1.5452849125006494,118.29980427617865,primesr,p5,3,,,,,7000,poisson
4,6.5899951457977295,1.534761205618444,122.16750676786809,primesr,p5,3,,,,,7000,poisson
5,7.804747581481934,1.5278204543289178,119.07015438348522,primesr,p5,3,,,,,7000,poisson
6,9.021793603897095,1.5192719081282982,118.83719935937997,primesr,p5,3,,,,,7000,poisson
7,10.2427818775177,1.5106998055142646,114.46997986827876,primesr,p5,3,,,,,7000,poisson
8,11.465567588806152,1.501859220074548,116.82902576412063,primesr,p5,3,,,,,7000,poisson
9,12.692328929901123,1.492355798609938,117.26280280527504,primesr,p5,3,,,,,7000,poisson
10,13.919523239135742,1.4825035616029987,111.75398985850225,primesr,p5,3,,,,,7000,poisson
11,15.148638010025024,1.4709250765908333,117.08995658969408,primesr,p5,3,,,,,7000,poisson
12,16.377867221832275,1.4572129545458947,111.42573264083039,primesr,p5,3,,,,,7000,poisson
13,17.608402967453003,1.4413946717085728,104.3264017715249,primesr,p5,3,,,,,7000,poisson
14,18.837713718414307,1.4232030018697208,105.24104765314445,primesr,p5,3,,,,,7000,poisson
15,20.068590879440308,1.4017628457648288,103.97166604763021,primesr,p5,3,,,,,7000,poisson
16,21.29815673828125,1.377294084978748,99.66657417746093,primesr,p5,3,,,,,7000,poisson
17,22.526578903198242,1.3494983491174763,95.84679482230403,primesr,p5,3,,,,,7000,poisson
18,23.75392723083496,1.3170581527392913,92.95448778100256,primesr,p5,3,,,,,7000,poisson
19,24.980273246765137,1.2775707698742949,88.36990346483019,primesr,p5,3,,,,,7000,poisson
20,26.204320907592773,1.2295339960564249,82.34136279038842,primesr,p5,3,,,,,7000,poisson
21,27.427719116210938,1.1718718457718271,74.19697397091684,primesr,p5,3,,,,,7000,poisson
22,28.648741006851196,1.1129035405367311,68.54155183586039,primesr,p5,3,,,,,7000,poisson
23,29.86907172203064,1.0575246433760952,64.12328678802965,primesr,p5,3,,,,,7000,poisson
24,31.086591720581055,1.0049977282749103,58.255039846652565,primesr,p5,3,,,,,7000,poisson
25,32.303807497024536,0.9555612015406626,53.90522138193947,primesr,p5,3,,,,,7000,poisson
26,33.51892852783203,0.9087806999484018,49.40061861111795,primesr,p5,3,,,,,7000,poisson
27,34.73468637466431,0.8644396661976492,43.19136554377176,primesr,p5,3,,,,,7000,poisson
28,35.949331283569336,0.8222984991916328,38.41427807370989,primesr,p5,3,,,,,7000,poisson
29,37.16177845001221,0.7821963340937471,34.98813158262255,primesr,p5,3,,,,,7000,poisson
30,38.37366771697998,0.7441504250648295,32.634134451563945,primesr,p5,3,,,,,7000,poisson
31,39.585503578186035,0.7079886640626618,29.100951891094184,primesr,p5,3,,,,,7000,poisson
32,40.795910120010376,0.6736093393727158,25.132515159672458,primesr,p5,3,,,,,7000,poisson
33,42.00669598579407,0.6409241329745319,23.4586397202698,primesr,p5,3,,,,,7000,poisson
34,43.21714639663696,0.6098592334827291,20.99276036523786,primesr,p5,3,,,,,7000,poisson
35,44.42651295661926,0.580339244159774,19.411171326794747,primesr,p5,3,,,,,7000,poisson
36,45.63580012321472,0.5522623979756783,17.36870706084799,primesr,p5,3,,,,,7000,poisson
37,46.84445357322693,0.5255172941906153,16.334012830853542,primesr,p5,3,,,,,7000,poisson
38,48.05365753173828,0.5000645245724272,14.766084817159358,primesr,p5,3,,,,,7000,poisson
39,49.261523962020874,0.4758581104034049,13.342615110226635,primesr,p5,3,,,,,7000,poisson
40,50.46872091293335,0.4528287381986309,12.387059354685467,primesr,p5,3,,,,,7000,poisson
42,52.880008935928345,0.4101516194032928,9.797583922341708,primesr,p5,3,,,,,7000,poisson
46,57.69496178627014,0.3364605291334688,6.878237992998282,primesr,p5,3,,,,,7000,poisson
50,62.50545120239258,0.2759880046408982,4.539761832543262,primesr,p5,3,,,,,7000,poisson
55,68.51359486579895,0.21546255753133503,2.611947782229646,primesr,p5,3,,,,,7000,poisson
61,75.72001504898071,0.16006610916028619,1.4893827089605198,primesr,p5,3,,,,,7000,poisson
67,82.92363357543945,0.1189115773268724,0.817255510703747,primesr,p5,3,,,,,7000,poisson
73,90.12494397163391,0.08831783984818961,0.4396041157232112,primesr,p5,3,,,,,7000,poisson
81,99.71867108345032,0.05939224300374207,0.21218525246006825,primesr,p5,3,,,,,7000,poisson
89,109.3126630783081,0.03992523180440868,0.09349860061656146,primesr,p5,3,,,,,7000,poisson
98,120.09523868560791,0.025545821014532972,0.03897762893331714,primesr,p5,3,,,,,7000,poisson
107,130.87155652046204,0.016382317759044432,0.01586369137946509,primesr,p5,3,,,,,7000,poisson
118,144.03050899505615,0.009503902134849418,0.005223508513989782,primesr,p5,3,,,,,7000,poisson
130,158.3799386024475,0.005252682872264906,0.0015817832574837704,primesr,p5,3,,,,,7000,poisson
143,173.92068767547607,0.002769403124934129,0.0004400573287956167,primesr,p5,3,,,,,7000,poisson
157,190.65491032600403,0.0014114611049806283,0.00012110904172262839,primesr,p5,3,,,,,7000,poisson
172,208.57668280601501,0.0006928945634860302,2.752533297118763e-05,primesr,p5,3,,,,,7000,poisson
190,230.07952427864075,0.00030434405468171316,4.782745156161442e-06,primesr,p5,3,,,,,7000,poisson
208,251.57839488983154,0.00017616536278968584,9.59256181005766e-07,primesr,p5,3,,,,,7000,poisson
229,276.6686201095581,0.000105770321154424,2.1289721243877332e-07,primesr,p5,3,,,,,7000,poisson
252,304.31472849845886,8.393391082012176e-05,6.290761392814578e-08,primesr,p5,3,,,,,7000,poisson
277,334.36499428749084,6.083974819782203e-05,2.3144972014994138e-08,primesr,p5,3,,,,,7000,poisson
305,368.0131907463074,5.1068701542458206e-05,1.4085825246951675e-08,primesr,p5,3,,,,,7000,poisson
335,404.0627181529999,4.3291014061218996e-05,7.993725151404954e-09,primesr,p5,3,,,,,7000,poisson
369,444.91125321388245,3.5050521464275066e-05,6.777807895877706e-09,primesr,p5,3,,,,,7000,poisson
406,489.38375186920166,3.20321721879352e-05,5.7853211856556575e-09,primesr,p5,3,,,,,7000,poisson
446,537.4348826408386,3.3563718989038625e-05,4.962733289697018e-09,primesr,p5,3,,,,,7000,poisson
491,591.4725244045258,2.9315479260525254e-05,4.208052085570855e-09,primesr,p5,3,,,,,7000,poisson
540,650.293319940567,2.7454213707863883e-05,3.886817830162018e-09,primesr,p5,3,,,,,7000,poisson
594,715.1252043247223,2.315626207948379e-05,3.526363350721896e-09,primesr,p5,3,,,,,7000,poisson
653,785.9539759159088,2.277097837840771e-05,2.6487548446382093e-09,primesr,p5,3,,,,,7000,poisson
718,863.9297831058502,2.208455930402361e-05,2.0986803632153933e-09,primesr,p5,3,,,,,7000,poisson
790,950.2932598590851,1.867133636353552e-05,2.0770075266187586e-09,primesr,p5,3,,,,,7000,poisson
869,1045.064679145813,1.7941480347902635e-05,1.830862527856062e-09,primesr,p5,3,,,,,7000,poisson
956,1149.4063708782196,1.7610020194735165e-05,1.6237385876461152e-09,primesr,p5,3,,,,,7000,poisson
1052,1264.5126111507416,1.5465251389926103e-05,1.4282969204612997e-09,primesr,p5,3,,,,,7000,poisson
1157,1390.4002618789673,1.4890228512049904e-05,1.275219044294292e-09,primesr,p5,3,,,,,7000,poisson
1272,1528.2694227695465,1.3764214808028646e-05,1.161574886208163e-09,primesr,p5,3,,,,,7000,poisson
1400,1681.7232494354248,1.443257069334833e-05,1.1122094772803464e-09,primesr,p5,3,,,,,7000,poisson
1539,1848.3103461265564,1.2860177238487025e-05,8.939681068358962e-10,primesr,p5,3,,,,,7000,poisson
1693,2032.8483896255493,1.1420215263087992e-05,9.00374161538195e-10,primesr,p5,3,,,,,7000,poisson
1863,2236.5456488132477,1.0542427861173271e-05,6.613155606424158e-10,primesr,p5,3,,,,,7000,poisson
2049,2459.460405111313,1.0777496107694377e-05,6.218148657828474e-10,primesr,p5,3,,,,,7000,poisson
2254,2705.031105518341,1.0133131491853573e-05,5.254467721051494e-10,primesr,p5,3,,,,,7000,poisson
2479,2974.5272574424744,9.024807433837063e-06,4.186482009215198e-10,primesr,p5,3,,,,,7000,poisson
2727,3271.559273004532,8.615224594528378e-06,3.6781088905706893e-10,primesr,p5,3,,,,,7000,poisson
3000,3598.5124378204346,7.736581841292725e-06,3.753840230528073e-10,primesr,p5,3,,,,,7000,poisson
3299,3956.57083940506,7.356978660288901e-06,3.6132875583377874e-10,primesr,p5,3,,,,,7000,poisson
3629,4351.8108031749725,6.9039149290088374e-06,2.716268717252603e-10,primesr,p5,3,,,,,7000,poisson
3992,4786.684065103531,6.4491375532109315e-06,2.744246642572433e-10,primesr,p5,3,,,,,7000,poisson
4391,5264.472081899643,6.457419977066909e-06,2.172457334102701e-10,primesr,p5,3,,,,,7000,poisson
4831,5791.204224824905,5.852588267060987e-06,1.936030324207636e-10,primesr,p5,3,,,,,7000,poisson
5314,6369.512292385101,5.724059220058587e-06,1.674705315490886e-10,primesr,p5,3,,,,,7000,poisson
5841,7000.2623035907745,5.49275820813494e-06,1.426448061960024e-10,primesr,p5,3,,,,,7000,poisson
0,6.209341526031494,1.6440347600223197,2.842923544649264,spring,heat4,1,,,,,3000,heat
1,12.447572708129883,1.1853673852420008,3.046992321062676,spring,heat4,1,,,,,3000,heat
2,18.33875012397766,0.9213465204040145,2.1583143025059273,spring,heat4,1,,,,,3000,heat
3,24.230865955352783,0.8341272046130538,1.050344210247142,spring,heat4,1,,,,,3000,heat
4,30.123030185699463,0.7562354313339184,0.8273981260750225,spring,heat4,1,,,,,3000,heat
5,36.01090860366821,0.6894342644974186,0.6615598242227154,spring,heat4,1,,,,,3000,heat
6,41.90763330459595,0.6292690197274163,0.522113413327789,spring,heat4,1,,,,,3000,heat
7,47.800679206848145,0.571384998682981,0.4404559375351944,spring,heat4,1,,,,,3000,heat
8,53.72058153152466,0.5171755025178548,0.3545582120556579,spring,heat4,1,,,,,3000,heat
9,59.660438776016235,0.4683684412285582,0.30521881507306264,spring,heat4,1,,,,,3000,heat
10,65.6027524471283,0.4258282448129613,0.244391293188214,spring,heat4,1,,,,,3000,heat
11,71.54118132591248,0.38661756947487474,0.20837286487650994,spring,heat4,1,,,,,3000,heat
12,77.47952055931091,0.3518711889131776,0.17322173464962826,spring,heat4,1,,,,,3000,heat
13,83.41654396057129,0.32063392094703197,0.14210126548952912,spring,heat4,1,,,,,3000,heat
14,89.35482382774353,0.29221808092523394,0.12056530146610618,spring,heat4,1,,,,,3000,heat
15,95.30218076705933,0.266489570097476,0.09774798573567706,spring,heat4,1,,,,,3000,heat
16,101.24135828018188,0.2432637746118879,0.08104329312209463,spring,heat4,1,,,,,3000,heat
17,107.17667508125305,0.222125090151916,0.07198529629607717,spring,heat4,1,,,,,3000,heat
18,113.11143946647644,0.2026839766631294,0.05616214392772245,spring,heat4,1,,,,,3000,heat
19,119.04759073257446,0.18489011027407776,0.045467633496097046,spring,heat4,1,,,,,3000,heat
20,124.98329710960388,0.16870843113841547,0.03698444552293029,spring,heat4,1,,,,,3000,heat
21,130.91870403289795,0.15397902605710934,0.03008447559582865,spring,heat4,1,,,,,3000,heat
22,136.85887932777405,0.14047630887338441,0.026873121507474045,spring,heat4,1,,,,,3000,heat
23,142.79425978660583,0.12814341768345566,0.021739505047254797,spring,heat4,1,,,,,3000,heat
24,148.73322534561157,0.11697037871708353,0.0188744250281033,spring,heat4,1,,,,,3000,heat
25,154.67126941680908,0.10676177554714,0.016035212840382784,spring,heat4,1,,,,,3000,heat
26,160.60649490356445,0.0974402912064752,0.012982983811310148,spring,heat4,1,,,,,3000,heat
27,166.5408000946045,0.08893405052330401,0.011165525411788465,spring,heat4,1,,,,,3000,heat
28,172.47580933570862,0.08118432569862369,0.008904147053815118,spring,heat4,1,,,,,3000,heat
29,178.4109489917755,0.07411192033391746,0.00769774337572864,spring,heat4,1,,,,,3000,heat
30,184.34762716293335,0.06763946057821887,0.006406093906840289,spring,heat4,1,,,,,3000,heat
31,190.28124928474426,0.06170644613215193,0.0052260663274135595,spring,heat4,1,,,,,3000,heat
32,196.2149658203125,0.05632186220774036,0.004479840820878571,spring,heat4,1,,,,,3000,heat
33,202.15015840530396,0.05137527579229056,0.0036464484687256373,spring,heat4,1,,,,,3000,heat
34,208.08612322807312,0.046871844317585086,0.0030318354246726886,spring,heat4,1,,,,,3000,heat
35,214.02181768417358,0.042764114048251055,0.0025339431349687093,spring,heat4,1,,,,,3000,heat
36,219.95923519134521,0.039037756409834395,0.0021265623825408616,spring,heat4,1,,,,,3000,heat
37,225.90018606185913,0.03564486000479918,0.0017264546690477765,spring,heat4,1,,,,,3000,heat
38,231.8341360092163,0.032569550479396636,0.0014725465382986287,spring,heat4,1,,,,,3000,heat
39,237.77407813072205,0.029750264214494115,0.001219268731365977,spring,heat4,1,,,,,3000,heat
40,243.71688437461853,0.027173472765515135,0.0009798748603344364,spring,heat4,1,,,,,3000,heat
42,255.5699336528778,0.022656035494036327,0.0007189299412887413,spring,heat4,1,,,,,3000,heat
46,279.2597131729126,0.015793568094440026,0.00033763541530167014,spring,heat4,1,,,,,3000,heat
50,302.9560263156891,0.011005031192393945,0.00016798315603551707,spring,heat4,1,,,,,3000,heat
55,332.5600571632385,0.006996075865291018,6.93707490247512e-05,spring,heat4,1,,,,,3000,heat
61,368.0912892818451,0.004048095122341382,2.2930756464842612e-05,spring,heat4,1,,,,,3000,heat
67,403.62196159362793,0.002366332109655032,8.140529831919239e-06,spring,heat4,1,,,,,3000,heat
73,439.13074493408203,0.0013794966681054516,2.8933354186753972e-06,spring,heat4,1,,,,,3000,heat
81,486.4832193851471,0.0006672183411919653,6.295048297553237e-07,spring,heat4,1,,,,,3000,heat
89,533.8286652565002,0.0003238140416053349,1.6268524926292965e-07,spring,heat4,1,,,,,3000,heat
98,587.0954825878143,0.00015996624512671024,3.99319603644361e-08,spring,heat4,1,,,,,3000,heat
107,640.3643777370453,8.082810521392921e-05,1.2037512276991367e-08,spring,heat4,1,,,,,3000,heat
118,705.4472448825836,3.480922747858938e-05,3.6676686004840644e-09,spring,heat4,1,,,,,3000,heat
130,776.4444952011108,2.5486407421924112e-05,1.9656607915539655e-09,spring,heat4,1,,,,,3000,heat
143,853.3444967269897,2.5801244400157412e-05,1.5588230987181967e-09,spring,heat4,1,,,,,3000,heat
157,936.1959886550903,2.3539327137733494e-05,1.7983030140968817e-09,spring,heat4,1,,,,,3000,heat
172,1024.9479794502258,2.0823032660964825e-05,1.0220614561282841e-09,spring,heat4,1,,,,,3000,heat
190,1131.4485676288605,1.9123875351395992e-05,1.4704453244148373e-09,spring,heat4,1,,,,,3000,heat
208,1237.935672044754,1.7479341237206853e-05,8.699076987009789e-10,spring,heat4,1,,,,,3000,heat
229,1362.1952974796295,1.6567657468388067e-05,9.230031315270335e-10,spring,heat4,1,,,,,3000,heat
252,1498.2497181892395,1.5987466101779634e-05,7.002187507382319e-10,spring,heat4,1,,,,,3000,heat
277,1646.169681072235,1.4805114984951505e-05,7.555804172223279e-10,spring,heat4,1,,,,,3000,heat
305,1811.8425631523132,1.3500508892013601e-05,6.017542882111052e-10,spring,heat4,1,,,,,3000,heat
335,1989.4008090496063,1.295303022380405e-05,4.810459490414888e-10,spring,heat4,1,,,,,3000,heat
369,2190.618881702423,1.2343872031312732e-05,5.426900269268327e-10,spring,heat4,1,,,,,3000,heat
406,2409.608267068863,1.1521097261648636e-05,4.034185556663703e-10,spring,heat4,1,,,,,3000,heat
446,2646.242206096649,1.1162566567723107e-05,3.469198644926547e-10,spring,heat4,1,,,,,3000,heat
491,2912.494805574417,1.0544062761051203e-05,3.0413553059551554e-10,spring,heat4,1,,,,,3000,heat
506,3001.272527217865,1.1005571927861831e-05,3.184309712802871e-10,spring,heat4,1,,,,,3000,heat
0,6.602875709533691,1.3791892785873106,2.7349332628467895,spring,heat4,2,,,,,3000,heat
1,13.254272222518921,1.1551068264060926,2.076758409753777,spring,heat4,2,,,,,3000,heat
2,19.571480751037598,0.9802130017940494,1.3229815897362487,spring,heat4,2,,,,,3000,heat
3,25.889448404312134,0.9206119639201321,0.9173513280140141,spring,heat4,2,,,,,3000,heat
4,32.20697522163391,0.8388576495675837,0.7880327999431739,spring,heat4,2,,,,,3000,heat
5,38.53586530685425,0.7660564407066935,0.6436688487895509,spring,heat4,2,,,,,3000,heat
6,44.86810278892517,0.6968543222358395,0.5387405537037883,spring,heat4,2,,,,,3000,heat
7,51.19871115684509,0.6312388233643165,0.43000690968989774,spring,heat4,2,,,,,3000,heat
8,57.530954360961914,0.5722070579404445,0.3653689221179701,spring,heat4,2,,,,,3000,heat
9,63.86083912849426,0.5197015301581868,0.29350669195018714,spring,heat4,2,,,,,3000,heat
10,70.19204187393188,0.4720292048288597,0.24557105332114817,spring,heat4,2,,,,,3000,heat
11,76.52414989471436,0.4296830691166477,0.19357428340567764,spring,heat4,2,,,,,3000,heat
12,82.85363674163818,0.3917123187203112,0.16721801740562878,spring,heat4,2,,,,,3000,heat
13,89.18598771095276,0.35807044151335965,0.13135478838261155,spring,heat4,2,,,,,3000,heat
14,95.51541638374329,0.3278797174397358,0.11030017970871095,spring,heat4,2,,,,,3000,heat
15,101.84668803215027,0.30084990454652166,0.0954752068228795,spring,heat4,2,,,,,3000,heat
16,108.17778778076172,0.27573908634694827,0.08161541328423037,spring,heat4,2,,,,,3000,heat
17,114.51377272605896,0.25276032609773075,0.06446837129744475,spring,heat4,2,,,,,3000,heat
18,120.84493064880371,0.2318364355974584,0.05497918812465705,spring,heat4,2,,,,,3000,heat
19,127.17551898956299,0.21261878889662292,0.04558856764905908,spring,heat4,2,,,,,3000,heat
20,133.50694799423218,0.1948408853574961,0.038217228559384496,spring,heat4,2,,,,,3000,heat
21,139.83827829360962,0.17843191855774054,0.03499483725227118,spring,heat4,2,,,,,3000,heat
22,146.1724555492401,0.16341083170791748,0.028297523667310837,spring,heat4,2,,,,,3000,heat
23,152.50209784507751,0.1497095012258154,0.022053446888079562,spring,heat4,2,,,,,3000,heat
24,158.8342640399933,0.13707565054470455,0.01961460702813572,spring,heat4,2,,,,,3000,heat
25,165.1640055179596,0.12544285686530793,0.01623867983986426,spring,heat4,2,,,,,3000,heat
26,171.49368023872375,0.11480849333453823,0.01390335221882456,spring,heat4,2,,,,,3000,heat
27,177.82635235786438,0.10507103038174426,0.01149638859547836,spring,heat4,2,,,,,3000,heat
28,184.15644311904907,0.09612636240851434,0.009869942123024803,spring,heat4,2,,,,,3000,heat
29,190.48836517333984,0.08794331926375804,0.007827236219718106,spring,heat4,2,,,,,3000,heat
30,196.81926202774048,0.08051909894948761,0.006616732777691177,spring,heat4,2,,,,,3000,heat
31,203.15007185935974,0.07373619379559145,0.005844173035715339,spring,heat4,2,,,,,3000,heat
32,209.48027658462524,0.06754680962961367,0.004706261581096405,spring,heat4,2,,,,,3000,heat
33,215.81086945533752,0.061853291141640225,0.004054933544972826,spring,heat4,2,,,,,3000,heat
34,222.14550948143005,0.056670275888864106,0.0032328232632292627,spring,heat4,2,,,,,3000,heat
35,228.50632333755493,0.05188452843430736,0.002790756937055227,spring,heat4,2,,,,,3000,heat
36,234.89367771148682,0.04750742579433246,0.00222307583694721,spring,heat4,2,,,,,3000,heat
37,241.28112292289734,0.04349204469403943,0.0018890729960509497,spring,heat4,2,,,,,3000,heat
38,247.6700222492218,0.03979426376945421,0.001671763932760032,spring,heat4,2,,,,,3000,heat
39,254.05902218818665,0.03642441277947094,0.0014153134522232923,spring,heat4,2,,,,,3000,heat
40,260.44599175453186,0.03333441328916274,0.0011768492970467047,spring,heat4,2,,,,,3000,heat
42,273.1965823173523,0.027882461718270996,0.0007882878697408166,spring,heat4,2,,,,,3000,heat
46,298.6798508167267,0.019474372201486363,0.00039098394248821656,spring,heat4,2,,,,,3000,heat
50,324.1603021621704,0.013678383853686213,0.00019313379608205012,spring,heat4,2,,,,,3000,heat
55,356.000363111496,0.008792102673077734,8.211122857727693e-05,spring,heat4,2,,,,,3000,heat
61,394.21230006217957,0.005093788928589502,2.6185686688381156e-05,spring,heat4,2,,,,,3000,heat
67,432.4214951992035,0.002959712496850691,9.888206239895183e-06,spring,heat4,2,,,,,3000,heat
73,470.6356077194214,0.0017274130193087663,3.204883376220113e-06,spring,heat4,2,,,,,3000,heat
81,521.5901486873627,0.0008596449609194839,8.132490326484685e-07,spring,heat4,2,,,,,3000,heat
89,572.5256876945496,0.00044310531672233744,2.3173089890925723e-07,spring,heat4,2,,,,,3000,heat
98,629.8338212966919,0.00019808405450291424,5.528702103216222e-08,spring,heat4,2,,,,,3000,heat
107,687.152238368988,0.00010013547179819776,1.5461566761273433e-08,spring,heat4,2,,,,,3000,heat
118,757.1930992603302,4.873323792780753e-05,5.228756587528873e-09,spring,heat4,2,,,,,3000,heat
130,833.6034755706787,3.862625147184609e-05,4.04801576108265e-09,spring,heat4,2,,,,,3000,heat
143,916.3743035793304,2.7631522749644204e-05,3.1597232097874497e-09,spring,heat4,2,,,,,3000,heat
157,1005.5004603862762,2.5760001781901186e-05,2.0947400746918365e-09,spring,heat4,2,,,,,3000,heat
172,1100.9943776130676,2.3356349908880534e-05,2.4060003813064563e-09,spring,heat4,2,,,,,3000,heat
190,1215.5835402011871,2.214733088623413e-05,2.351318374982892e-09,spring,heat4,2,,,,,3000,heat
208,1330.1805658340454,2.0625740866979717e-05,1.8398648777173795e-09,spring,heat4,2,,,,,3000,heat
229,1463.8869025707245,1.9325235411217442e-05,1.1694223661115454e-09,spring,heat4,2,,,,,3000,heat
252,1610.310557603836,1.8407784099940092e-05,1.7206265993934481e-09,spring,heat4,2,,,,,3000,heat
277,1769.478456735611,1.7358994337981573e-05,1.022810159906316e-09,spring,heat4,2,,,,,3000,heat
305,1947.730810880661,1.5256434651238208e-05,1.9743141245564075e-09,spring,heat4,2,,,,,3000,heat
335,2138.7020082473755,1.5082547051741879e-05,8.09371608921836e-10,spring,heat4,2,,,,,3000,heat
369,2355.1308846473694,1.4263328725643483e-05,8.795947693640381e-10,spring,heat4,2,,,,,3000,heat
406,2590.6753673553467,1.3123527398712101e-05,4.1811713039906857e-10,spring,heat4,2,,,,,3000,heat
446,2845.3142240047455,1.1999723489318871e-05,4.839208068105169e-10,spring,heat4,2,,,,,3000,heat
471,3004.4614481925964,1.1722854602330242e-05,3.7419320065412446e-10,spring,heat4,2,,,,,3000,heat
0,6.231504440307617,5.051884860113508,2.857640869636638,spring,heat4,3,,,,,3000,heat
1,12.536263942718506,3.3017912331988932,16.28937321646693,spring,heat4,3,,,,,3000,heat
2,18.522328853607178,3.0096468022798675,8.37406824583021,spring,heat4,3,,,,,3000,heat
3,24.507248640060425,2.6855147772890184,6.46513019125264,spring,heat4,3,,,,,3000,heat
4,30.492546558380127,2.3770904642543558,5.129897369364879,spring,heat4,3,,,,,3000,heat
5,36.48006200790405,2.12819193017365,3.899309771037703,spring,heat4,3,,,,,3000,heat
6,42.512030363082886,1.918944114185728,3.23217000800736,spring,heat4,3,,,,,3000,heat
7,48.54523301124573,1.7352466742814825,2.6109337188489183,spring,heat4,3,,,,,3000,heat
8,54.579413652420044,1.572974821360359,2.090524114824386,spring,heat4,3,,,,,3000,heat
9,60.61269402503967,1.4268221642561343,1.724306165054191,spring,heat4,3,,,,,3000,heat
10,66.64563179016113,1.2968805288476142,1.3854520564191444,spring,heat4,3,,,,,3000,heat
11,72.67912244796753,1.1795311243649196,1.190309657967906,spring,heat4,3,,,,,3000,heat
12,78.7131175994873,1.0742061909966267,0.9693796639520973,spring,heat4,3,,,,,3000,heat
13,84.74850726127625,0.9789206139844171,0.7862910441790093,spring,heat4,3,,,,,3000,heat
14,90.77685141563416,0.8920600884590232,0.6596780963109409,spring,heat4,3,,,,,3000,heat
15,96.80587816238403,0.8136089400881322,0.544478716267654,spring,heat4,3,,,,,3000,heat
16,102.83319306373596,0.7423670514231084,0.46340388963737894,spring,heat4,3,,,,,3000,heat
17,108.89283418655396,0.6776923603577828,0.38832033308555275,spring,heat4,3,,,,,3000,heat
18,114.96724796295166,0.61865613396921,0.3181752875336313,spring,heat4,3,,,,,3000,heat
19,121.0441346168518,0.5649474622406375,0.2628616148946795,spring,heat4,3,,,,,3000,heat
20,127.11849737167358,0.5159197538049617,0.2148785920989052,spring,heat4,3,,,,,3000,heat
21,133.19986987113953,0.4712223024453693,0.18282371730751734,spring,heat4,3,,,,,3000,heat
22,139.28678011894226,0.43031575599005056,0.15667357701810275,spring,heat4,3,,,,,3000,heat
23,145.37321734428406,0.39306819495545575,0.12874542452002177,spring,heat4,3,,,,,3000,heat
24,151.46957850456238,0.3589834183562777,0.10718627800177784,spring,heat4,3,,,,,3000,heat
25,157.5681369304657,0.32780082475143796,0.08885642609563488,spring,heat4,3,,,,,3000,heat
26,163.65944910049438,0.29928578989105087,0.07416783837594174,spring,heat4,3,,,,,3000,heat
27,169.7575387954712,0.27327445962870917,0.061762646489565434,spring,heat4,3,,,,,3000,heat
28,175.8573181629181,0.24954367117301374,0.051291964036764094,spring,heat4,3,,,,,3000,heat
29,181.95647644996643,0.22790616563854907,0.04422826599488414,spring,heat4,3,,,,,3000,heat
30,188.06496691703796,0.20813761755662422,0.03590030219728133,spring,heat4,3,,,,,3000,heat
31,194.1777229309082,0.19006517692979066,0.029682051372961264,spring,heat4,3,,,,,3000,heat
32,200.2856307029724,0.1735188091934316,0.025106249728209067,spring,heat4,3,,,,,3000,heat
33,206.39436388015747,0.1584542112462122,0.020918769224707562,spring,heat4,3,,,,,3000,heat
34,212.49896430969238,0.14468989109557398,0.017622049620732702,spring,heat4,3,,,,,3000,heat
35,218.60522961616516,0.13215662673916193,0.014828774396651163,spring,heat4,3,,,,,3000,heat
36,224.7194209098816,0.1206941355880127,0.011915065127145515,spring,heat4,3,,,,,3000,heat
37,230.8276288509369,0.11020746061131885,0.009801680989148007,spring,heat4,3,,,,,3000,heat
38,236.94457149505615,0.10062394375429436,0.008465946943261958,spring,heat4,3,,,,,3000,heat
39,243.0586314201355,0.09187680739917628,0.006846033207319002,spring,heat4,3,,,,,3000,heat
40,249.17322731018066,0.08388888823514618,0.005840175428820316,spring,heat4,3,,,,,3000,heat
42,261.3802978992462,0.06991677886169344,0.004043502715900138,spring,heat4,3,,,,,3000,heat
46,285.7620313167572,0.048631456164889765,0.00199564703801553,spring,heat4,3,,,,,3000,heat
50,310.15490674972534,0.033820260597687134,0.0009570540178337658,spring,heat4,3,,,,,3000,heat
55,340.61270451545715,0.021448776671969042,0.0003839746802750345,spring,heat4,3,,,,,3000,heat
61,377.1757535934448,0.012419823368041453,0.00012950787600726573,spring,heat4,3,,,,,3000,heat
67,413.6433186531067,0.007172706142968388,4.425988074708005e-05,spring,heat4,3,,,,,3000,heat
73,450.07560658454895,0.004147011259834316,1.4600558067010478e-05,spring,heat4,3,,,,,3000,heat
81,498.6109616756439,0.0020126117409291922,3.371145757614714e-06,spring,heat4,3,,,,,3000,heat
89,547.1321818828583,0.0009771718696383474,8.256530038514177e-07,spring,heat4,3,,,,,3000,heat
98,601.6970303058624,0.0004412288698439269,1.774120966148002e-07,spring,heat4,3,,,,,3000,heat
107,656.2481694221497,0.0002031975803954532,4.405492034863037e-08,spring,heat4,3,,,,,3000,heat
118,722.9211218357086,7.694935063165961e-05,1.045649666688392e-08,spring,heat4,3,,,,,3000,heat
130,795.6278665065765,4.002353839769284e-05,4.0989933189434025e-09,spring,heat4,3,,,,,3000,heat
143,874.3739819526672,2.7214056166296888e-05,2.38244180030493e-09,spring,heat4,3,,,,,3000,heat
157,959.1841580867767,2.417716035613024e-05,1.999901128164967e-09,spring,heat4,3,,,,,3000,heat
172,1050.0612299442291,2.125578384043287e-05,3.246697060570879e-09,spring,heat4,3,,,,,3000,heat
190,1159.0931351184845,2.0315898768923104e-05,2.908617889688801e-09,spring,heat4,3,,,,,3000,heat
208,1268.1561243534088,1.7453917520660208e-05,9.735266702909286e-10,spring,heat4,3,,,,,3000,heat
229,1395.3719990253448,1.6701736142568115e-05,1.03204456149297e-09,spring,heat4,3,,,,,3000,heat
252,1534.667231798172,1.5410013620550217e-05,6.299889050239177e-10,spring,heat4,3,,,,,3000,heat
277,1686.1393716335297,1.465380203904883e-05,8.855845675748703e-10,spring,heat4,3,,,,,3000,heat
305,1855.905098438263,1.3304689947479711e-05,7.27151941461197e-10,spring,heat4,3,,,,,3000,heat
335,2037.811928510666,1.2313792915000635e-05,5.442042061958852e-10,spring,heat4,3,,,,,3000,heat
369,2243.939133644104,1.1849432154453593e-05,4.805070274479053e-10,spring,heat4,3,,,,,3000,heat
406,2468.2823445796967,1.1258359780438438e-05,4.04545313102806e-10,spring,heat4,3,,,,,3000,heat
446,2710.5350086688995,1.0665703490655507e-05,4.873170928239011e-10,spring,heat4,3,,,,,3000,heat
491,2983.13263463974,1.012912739919795e-05,3.42880659497227e-10,spring,heat4,3,,,,,3000,heat
494,3001.3245482444763,1.0185260530447456e-05,3.518680299353916e-10,spring,heat4,3,,,,,3000,heat
0,8.126256465911865,29.79003144346589,1098.7978572872114,spring,lfp9,1,,,,,6000,log-fokker-planck-isotropic
1,16.34629201889038,24.394283833159445,763.099225783443,spring,lfp9,1,,,,,6000,log-fokker-planck-isotropic
2,24.170052528381348,20.38815848555685,554.7284696176828,spring,lfp9,1,,,,,6000,log-fokker-planck-isotropic
3,32.0002806186676,17.730713782264207,443.3418608084838,spring,lfp9,1,,,,,6000,log-fokker-planck-isotropic
4,39.82483148574829,15.702774980977926,371.99452339869936,spring,lfp9,1,,,,,6000,log-fokker-planck-isotropic
5,47.65039277076721,13.787158132556572,344.97694524595545,spring,lfp9,1,,,,,6000,log-fokker-planck-isotropic
6,55.47592091560364,12.188048717957484,276.6386494948278,spring,lfp9,1,,,,,6000,log-fokker-planck-isotropic
7,63.302478313446045,10.956082075140658,238.98566645788978,spring,lfp9,1,,,,,6000,log-fokker-planck-isotropic
8,71.1358277797699,9.900740206849191,202.52337210748863,spring,lfp9,1,,,,,6000,log-fokker-planck-isotropic
9,78.9620509147644,8.995073125720873,172.82066358476504,spring,lfp9,1,,,,,6000,log-fokker-planck-isotropic
10,86.78601241111755,8.17629174388268,147.0088942891557,spring,lfp9,1,,,,,6000,log-fokker-planck-isotropic
11,94.61244249343872,7.457205467524883,136.51356783772442,spring,lfp9,1,,,,,6000,log-fokker-planck-isotropic
12,102.43985271453857,6.837775686313089,118.43607758315407,spring,lfp9,1,,,,,6000,log-fokker-planck-isotropic
13,110.26714396476746,6.301250856471518,102.58198856203292,spring,lfp9,1,,,,,6000,log-fokker-planck-isotropic
14,118.09341526031494,5.794760309610188,94.8565499964177,spring,lfp9,1,,,,,6000,log-fokker-planck-isotropic
15,125.92148637771606,5.35568748099543,82.77629599085934,spring,lfp9,1,,,,,6000,log-fokker-planck-isotropic
16,133.74775409698486,4.958697553097528,71.49584855661028,spring,lfp9,1,,,,,6000,log-fokker-planck-isotropic
17,141.62306427955627,4.59164064862243,66.9210106719538,spring,lfp9,1,,,,,6000,log-fokker-planck-isotropic
18,149.51154923439026,4.266838390247532,60.62650981660582,spring,lfp9,1,,,,,6000,log-fokker-planck-isotropic
19,157.39973855018616,3.9724197103528756,50.20055089728267,spring,lfp9,1,,,,,6000,log-fokker-planck-isotropic
20,165.28941178321838,3.703122072070901,44.723927435552866,spring,lfp9,1,,,,,6000,log-fokker-planck-isotropic
21,173.17770099639893,3.461267063919939,42.06446033490576,spring,lfp9,1,,,,,6000,log-fokker-planck-isotropic
22,181.0663547515869,3.2390183741102185,38.049451728211004,spring,lfp9,1,,,,,6000,log-fokker-planck-isotropic
23,188.95546317100525,3.0325486205938432,35.06404402650965,spring,lfp9,1,,,,,6000,log-fokker-planck-isotropic
24,196.84399843215942,2.8435462957286237,30.174877732883626,spring,lfp9,1,,,,,6000,log-fokker-planck-isotropic
25,204.7326672077179,2.6727352489915717,29.590768598262283,spring,lfp9,1,,,,,6000,log-fokker-planck-isotropic
26,212.6282708644867,2.5108615005595523,23.711062497168736,spring,lfp9,1,,,,,6000,log-fokker-planck-isotropic
27,220.5144875049591,2.3656227580055,23.506135852965695,spring,lfp9,1,,,,,6000,log-fokker-planck-isotropic
28,228.40779185295105,2.230354942643682,21.502370975433372,spring,lfp9,1,,,,,6000,log-fokker-planck-isotropic
29,236.29580569267273,2.1063801357022003,18.853387621892708,spring,lfp9,1,,,,,6000,log-fokker-planck-isotropic
30,244.18604516983032,1.9868147826851899,17.140777081573404,spring,lfp9,1,,,,,6000,log-fokker-planck-isotropic
31,252.0768404006958,1.8760955489601416,16.814451054525225,spring,lfp9,1,,,,,6000,log-fokker-planck-isotropic
32,259.96910667419434,1.774830551653032,14.148538616793116,spring,lfp9,1,,,,,6000,log-fokker-planck-isotropic
33,267.85607838630676,1.6810073708697506,12.863074146049437,spring,lfp9,1,,,,,6000,log-fokker-planck-isotropic
34,275.7436933517456,1.5926203924761042,12.193220496575051,spring,lfp9,1,,,,,6000,log-fokker-planck-isotropic
35,283.6308913230896,1.51026621028596,11.187903286997724,spring,lfp9,1,,,,,6000,log-fokker-planck-isotropic
36,291.5304296016693,1.4324048135339633,10.320210398017519,spring,lfp9,1,,,,,6000,log-fokker-planck-isotropic
37,299.4162166118622,1.3582078931078276,9.454804965212157,spring,lfp9,1,,,,,6000,log-fokker-planck-isotropic
38,307.3031678199768,1.288464588371094,8.510781123452977,spring,lfp9,1,,,,,6000,log-fokker-planck-isotropic
39,315.19593381881714,1.2227472464668356,7.4498578277316785,spring,lfp9,1,,,,,6000,log-fokker-planck-isotropic
40,323.0822386741638,1.1594467127233512,7.316932611813061,spring,lfp9,1,,,,,6000,log-fokker-planck-isotropic
42,338.83560395240784,1.0442245392400864,6.3925986031621616,spring,lfp9,1,,,,,6000,log-fokker-planck-isotropic
46,370.3389301300049,0.8544304957201647,4.613581492037752,spring,lfp9,1,,,,,6000,log-fokker-planck-isotropic
50,401.82602405548096,0.6964817902426557,3.1231499771856326,spring,lfp9,1,,,,,6000,log-fokker-planck-isotropic
55,441.1874966621399,0.5394298140247059,3.440384316745058,spring,lfp9,1,,,,,6000,log-fokker-planck-isotropic
61,488.409539937973,0.40277308651987265,1.3410909725166151,spring,lfp9,1,,,,,6000,log-fokker-planck-isotropic
67,535.6377549171448,0.3005613976548396,5.528637432982395,spring,lfp9,1,,,,,6000,log-fokker-planck-isotropic
73,582.8971772193909,0.22817794149774295,0.6442360790480978,spring,lfp9,1,,,,,6000,log-fokker-planck-isotropic
81,645.9066178798676,0.1663432437801868,0.2902228776668174,spring,lfp9,1,,,,,6000,log-fokker-planck-isotropic
89,708.86536860466,0.1298808204425805,0.3758987788425133,spring,lfp9,1,,,,,6000,log-fokker-planck-isotropic
98,779.7645606994629,0.10792841974745432,0.1400273343819669,spring,lfp9,1,,,,,6000,log-fokker-planck-isotropic
107,850.665561914444,0.09903902028846683,0.15382985569427043,spring,lfp9,1,,,,,6000,log-fokker-planck-isotropic
118,937.2681276798248,0.09307489853322634,0.13873484986365964,spring,lfp9,1,,,,,6000,log-fokker-planck-isotropic
130,1031.7272534370422,0.0895769574289358,0.015843641579911968,spring,lfp9,1,,,,,6000,log-fokker-planck-isotropic
143,1133.9951395988464,0.0860999013982216,0.013113546925903623,spring,lfp9,1,,,,,6000,log-fokker-planck-isotropic
157,1244.1379806995392,0.07990369359852525,0.008121429211576617,spring,lfp9,1,,,,,6000,log-fokker-planck-isotropic
172,1362.1488466262817,0.07040923165982557,0.007792866557888054,spring,lfp9,1,,,,,6000,log-fokker-planck-isotropic
190,1503.7574632167816,0.056180253999977205,0.0038685180983184437,spring,lfp9,1,,,,,6000,log-fokker-planck-isotropic
208,1645.3615190982819,0.04215921245916849,0.0020363061367136646,spring,lfp9,1,,,,,6000,log-fokker-planck-isotropic
229,1810.5628242492676,0.029324541813785642,0.0010111472098645693,spring,lfp9,1,,,,,6000,log-fokker-planck-isotropic
252,1991.4928514957428,0.018827529777266407,0.00046233946286847964,spring,lfp9,1,,,,,6000,log-fokker-planck-isotropic
277,2188.157116174698,0.012161521800105903,0.0001928485007775261,spring,lfp9,1,,,,,6000,log-fokker-planck-isotropic
305,2408.415310382843,0.00783979874548923,0.00037652087936620456,spring,lfp9,1,,,,,6000,log-fokker-planck-isotropic
335,2644.403242588043,0.005121762979423028,5.44389905983398e-05,spring,lfp9,1,,,,,6000,log-fokker-planck-isotropic
369,2911.8604867458344,0.003531775886931946,2.8477416906907656e-05,spring,lfp9,1,,,,,6000,log-fokker-planck-isotropic
406,3202.896516561508,0.002906557328329706,2.230337113380116e-05,spring,lfp9,1,,,,,6000,log-fokker-planck-isotropic
446,3517.588145017624,0.0022347759682153764,3.0002063914926298e-05,spring,lfp9,1,,,,,6000,log-fokker-planck-isotropic
491,3871.5438194274902,0.0019577870902145744,2.2976156486702047e-05,spring,lfp9,1,,,,,6000,log-fokker-planck-isotropic
540,4257.003999948502,0.0017963088057513412,2.109850933097367e-05,spring,lfp9,1,,,,,6000,log-fokker-planck-isotropic
594,4681.821992635727,0.0016424651643334022,1.713323666995364e-05,spring,lfp9,1,,,,,6000,log-fokker-planck-isotropic
653,5145.953319549561,0.00146571699498298,1.3354465335976625e-05,spring,lfp9,1,,,,,6000,log-fokker-planck-isotropic
718,5657.241790771484,0.0014728664260042577,1.3142729291052252e-05,spring,lfp9,1,,,,,6000,log-fokker-planck-isotropic
762,6003.399163007736,0.0013863286627961947,9.6823697685029e-06,spring,lfp9,1,,,,,6000,log-fokker-planck-isotropic
0,8.482837200164795,30.535391973395146,1092.522107524148,spring,lfp9,2,,,,,6000,log-fokker-planck-isotropic
1,17.129387855529785,25.126996866752005,777.1945860108675,spring,lfp9,2,,,,,6000,log-fokker-planck-isotropic
2,25.409438610076904,20.779068187137185,609.5822445670087,spring,lfp9,2,,,,,6000,log-fokker-planck-isotropic
3,33.69220757484436,18.14218480799171,469.32256260145874,spring,lfp9,2,,,,,6000,log-fokker-planck-isotropic
4,41.97379922866821,15.615937077585638,384.8114640869913,spring,lfp9,2,,,,,6000,log-fokker-planck-isotropic
5,50.25638008117676,13.662620456917475,317.0752577322513,spring,lfp9,2,,,,,6000,log-fokker-planck-isotropic
6,58.53673505783081,12.053439084230565,270.686537921053,spring,lfp9,2,,,,,6000,log-fokker-planck-isotropic
7,66.81738042831421,10.643042474970187,225.57449538421824,spring,lfp9,2,,,,,6000,log-fokker-planck-isotropic
8,75.09810423851013,9.486211618851591,189.21999581964965,spring,lfp9,2,,,,,6000,log-fokker-planck-isotropic
9,83.37742877006531,8.55498784738884,176.76334066709043,spring,lfp9,2,,,,,6000,log-fokker-planck-isotropic
10,91.65771722793579,7.77181071804317,147.95542008102476,spring,lfp9,2,,,,,6000,log-fokker-planck-isotropic
11,99.93719863891602,7.086551306846009,133.79644179045744,spring,lfp9,2,,,,,6000,log-fokker-planck-isotropic
12,108.21788167953491,6.472730281009197,119.75655351093204,spring,lfp9,2,,,,,6000,log-fokker-planck-isotropic
13,116.4978518486023,5.934938411571514,101.38128246499792,spring,lfp9,2,,,,,6000,log-fokker-planck-isotropic
14,124.77917695045471,5.475532536430034,93.18938667025775,spring,lfp9,2,,,,,6000,log-fokker-planck-isotropic
15,133.06071615219116,5.060632399624906,84.35411896344087,spring,lfp9,2,,,,,6000,log-fokker-planck-isotropic
16,141.34270071983337,4.706029755169984,75.91879589303005,spring,lfp9,2,,,,,6000,log-fokker-planck-isotropic
17,149.62280416488647,4.38082434615498,69.27379074662085,spring,lfp9,2,,,,,6000,log-fokker-planck-isotropic
18,157.9047622680664,4.103366012464891,61.24333294444889,spring,lfp9,2,,,,,6000,log-fokker-planck-isotropic
19,166.18668699264526,3.853021009756162,58.86410053468784,spring,lfp9,2,,,,,6000,log-fokker-planck-isotropic
20,174.4677677154541,3.6347782510353364,54.72139929283034,spring,lfp9,2,,,,,6000,log-fokker-planck-isotropic
21,182.75270867347717,3.4313194916262226,51.91390919862643,spring,lfp9,2,,,,,6000,log-fokker-planck-isotropic
22,191.03464531898499,3.2459352157833568,45.92669189973879,spring,lfp9,2,,,,,6000,log-fokker-planck-isotropic
23,199.31622982025146,3.082506807143042,41.57683830447945,spring,lfp9,2,,,,,6000,log-fokker-planck-isotropic
24,207.5957944393158,2.9340411955182004,41.3470845656774,spring,lfp9,2,,,,,6000,log-fokker-planck-isotropic
25,215.87642216682434,2.8027143182750938,40.124108912937864,spring,lfp9,2,,,,,6000,log-fokker-planck-isotropic
26,224.1585340499878,2.6789373830300427,38.366937253786546,spring,lfp9,2,,,,,6000,log-fokker-planck-isotropic
27,232.4394793510437,2.5596659350227595,34.831486131434474,spring,lfp9,2,,,,,6000,log-fokker-planck-isotropic
28,240.7182755470276,2.4529078769905084,33.63770351629488,spring,lfp9,2,,,,,6000,log-fokker-planck-isotropic
29,248.99888038635254,2.350491703913849,30.77529447310618,spring,lfp9,2,,,,,6000,log-fokker-planck-isotropic
30,257.28112721443176,2.2590077224427825,28.81453344673377,spring,lfp9,2,,,,,6000,log-fokker-planck-isotropic
31,265.57029485702515,2.1723404742096117,27.96191664140513,spring,lfp9,2,,,,,6000,log-fokker-planck-isotropic
32,273.85086846351624,2.0931340083737053,26.79702733202646,spring,lfp9,2,,,,,6000,log-fokker-planck-isotropic
33,282.13065910339355,2.0160747143419884,24.277878770583104,spring,lfp9,2,,,,,6000,log-fokker-planck-isotropic
34,290.41362166404724,1.945242115116405,23.23229899673725,spring,lfp9,2,,,,,6000,log-fokker-planck-isotropic
35,298.6950595378876,1.8752325590748893,23.54385997415963,spring,lfp9,2,,,,,6000,log-fokker-planck-isotropic
36,306.977422952652,1.808138171092244,24.169616454924558,spring,lfp9,2,,,,,6000,log-fokker-planck-isotropic
37,315.25881361961365,1.7423926916944996,20.749773044809295,spring,lfp9,2,,,,,6000,log-fokker-planck-isotropic
38,323.5397982597351,1.6809312184290024,20.0868918861255,spring,lfp9,2,,,,,6000,log-fokker-planck-isotropic
39,331.8244743347168,1.619313281373451,22.952096311143492,spring,lfp9,2,,,,,6000,log-fokker-planck-isotropic
40,340.1048495769501,1.5645210995202912,19.853751536124264,spring,lfp9,2,,,,,6000,log-fokker-planck-isotropic
42,356.6434226036072,1.4552255020664275,15.292144361407153,spring,lfp9,2,,,,,6000,log-fokker-planck-isotropic
46,389.6995415687561,1.2565833981132057,14.298344440910707,spring,lfp9,2,,,,,6000,log-fokker-planck-isotropic
50,422.75643610954285,1.0867883034158132,11.028299389823506,spring,lfp9,2,,,,,6000,log-fokker-planck-isotropic
55,464.07282757759094,0.9089130786575859,8.90686659059082,spring,lfp9,2,,,,,6000,log-fokker-planck-isotropic
61,513.649364233017,0.7376371899477533,6.32524536572742,spring,lfp9,2,,,,,6000,log-fokker-planck-isotropic
67,563.2228448390961,0.5983709826517621,4.79890695435265,spring,lfp9,2,,,,,6000,log-fokker-planck-isotropic
73,612.7974932193756,0.495169592638095,3.0850087146978997,spring,lfp9,2,,,,,6000,log-fokker-planck-isotropic
81,678.8927576541901,0.39509013577050384,2.2578661259472055,spring,lfp9,2,,,,,6000,log-fokker-planck-isotropic
89,744.9828865528107,0.32027644404529376,1.4676618776733952,spring,lfp9,2,,,,,6000,log-fokker-planck-isotropic
98,819.3299031257629,0.26431397782553995,0.9688266685632386,spring,lfp9,2,,,,,6000,log-fokker-planck-isotropic
107,893.6835420131683,0.2278177727487749,0.5120959813743053,spring,lfp9,2,,,,,6000,log-fokker-planck-isotropic
118,984.5438163280487,0.20822353182569944,0.3437344283668989,spring,lfp9,2,,,,,6000,log-fokker-planck-isotropic
130,1083.65638422966,0.18115930392807933,0.1579352087078856,spring,lfp9,2,,,,,6000,log-fokker-planck-isotropic
143,1191.0279562473297,0.16107866591363096,0.08136966806473814,spring,lfp9,2,,,,,6000,log-fokker-planck-isotropic
157,1306.6587183475494,0.1430125453006733,0.03970392162978149,spring,lfp9,2,,,,,6000,log-fokker-planck-isotropic
172,1430.6326472759247,0.12470361541748737,0.026395198518938498,spring,lfp9,2,,,,,6000,log-fokker-planck-isotropic
190,1579.4717586040497,0.1056876531501067,0.014342834127332383,spring,lfp9,2,,,,,6000,log-fokker-planck-isotropic
208,1728.1326982975006,0.08459044287499902,0.012291968341791321,spring,lfp9,2,,,,,6000,log-fokker-planck-isotropic
229,1901.5640969276428,0.06324081047876814,0.005061312713507179,spring,lfp9,2,,,,,6000,log-fokker-planck-isotropic
252,2091.51718211174,0.04485663965188305,0.0023885015844331567,spring,lfp9,2,,,,,6000,log-fokker-planck-isotropic
277,2297.985337495804,0.030729440684050237,0.0011161313002646866,spring,lfp9,2,,,,,6000,log-fokker-planck-isotropic
305,2529.2285735607147,0.019558798771858222,0.0005901042208767814,spring,lfp9,2,,,,,6000,log-fokker-planck-isotropic
335,2777.0311193466187,0.013119388817128668,0.0002996018440806744,spring,lfp9,2,,,,,6000,log-fokker-planck-isotropic
369,3057.87837767601,0.008513339273275656,0.00016496249371649932,spring,lfp9,2,,,,,6000,log-fokker-planck-isotropic
406,3363.455079317093,0.005991348528855765,0.00011403120731815821,spring,lfp9,2,,,,,6000,log-fokker-planck-isotropic
446,3693.9213235378265,0.0044741389975570004,0.00019256760762863462,spring,lfp9,2,,,,,6000,log-fokker-planck-isotropic
491,4065.5355682373047,0.003603333208143737,7.091491811930684e-05,spring,lfp9,2,,,,,6000,log-fokker-planck-isotropic
540,4470.202971696854,0.003313367745333416,4.9995875667937756e-05,spring,lfp9,2,,,,,6000,log-fokker-planck-isotropic
594,4916.154581785202,0.002732820090352956,7.676415397604051e-05,spring,lfp9,2,,,,,6000,log-fokker-planck-isotropic
653,5403.391204118729,0.002267278786258107,3.9951197385433964e-05,spring,lfp9,2,,,,,6000,log-fokker-planck-isotropic
718,5940.255661725998,0.0019542954499304765,4.571614857014452e-05,spring,lfp9,2,,,,,6000,log-fokker-planck-isotropic
726,6006.341931819916,0.0019127825896455614,2.8982399798889884e-05,spring,lfp9,2,,,,,6000,log-fokker-planck-isotropic
0,8.381940841674805,30.563816350699998,1116.9843632313004,spring,lfp9,3,,,,,6000,log-fokker-planck-isotropic
1,16.758273601531982,25.14757439814356,764.092048765739,spring,lfp9,3,,,,,6000,log-fokker-planck-isotropic
2,24.841308116912842,20.054375255447383,602.1901986277159,spring,lfp9,3,,,,,6000,log-fokker-planck-isotropic
3,32.93974757194519,17.56757231393435,423.4861594002479,spring,lfp9,3,,,,,6000,log-fokker-planck-isotropic
4,41.09829330444336,15.467039133393925,368.43309075279274,spring,lfp9,3,,,,,6000,log-fokker-planck-isotropic
5,49.247398376464844,13.50457319833681,326.10652174300174,spring,lfp9,3,,,,,6000,log-fokker-planck-isotropic
6,57.39508652687073,11.915532370197516,259.9908489056738,spring,lfp9,3,,,,,6000,log-fokker-planck-isotropic
7,65.54453659057617,10.65636948209665,229.02710103606438,spring,lfp9,3,,,,,6000,log-fokker-planck-isotropic
8,73.6962308883667,9.599942684232488,192.40064402009656,spring,lfp9,3,,,,,6000,log-fokker-planck-isotropic
9,81.85092735290527,8.670728857214428,168.70683261854907,spring,lfp9,3,,,,,6000,log-fokker-planck-isotropic
10,90.00160646438599,7.878405055737575,149.42089620693903,spring,lfp9,3,,,,,6000,log-fokker-planck-isotropic
11,98.14449405670166,7.166606780983882,131.16167351282343,spring,lfp9,3,,,,,6000,log-fokker-planck-isotropic
12,106.28628039360046,6.547595225126922,112.95478466832465,spring,lfp9,3,,,,,6000,log-fokker-planck-isotropic
13,114.42747235298157,6.026213888916139,100.72001109492525,spring,lfp9,3,,,,,6000,log-fokker-planck-isotropic
14,122.56982660293579,5.554520343837431,87.5993672148537,spring,lfp9,3,,,,,6000,log-fokker-planck-isotropic
15,130.71036434173584,5.118946487012723,82.76103236853311,spring,lfp9,3,,,,,6000,log-fokker-planck-isotropic
16,138.8513514995575,4.723624526990034,75.64962551619725,spring,lfp9,3,,,,,6000,log-fokker-planck-isotropic
17,146.99304485321045,4.376751776933756,67.42116614046317,spring,lfp9,3,,,,,6000,log-fokker-planck-isotropic
18,155.13450241088867,4.0665970366220225,59.82178711697787,spring,lfp9,3,,,,,6000,log-fokker-planck-isotropic
19,163.27536487579346,3.7836695758590486,53.89869782306777,spring,lfp9,3,,,,,6000,log-fokker-planck-isotropic
20,171.41661667823792,3.5263487802910194,48.65909152921512,spring,lfp9,3,,,,,6000,log-fokker-planck-isotropic
21,179.55804347991943,3.296412307005385,46.560714171476725,spring,lfp9,3,,,,,6000,log-fokker-planck-isotropic
22,187.69883370399475,3.079036181319284,39.90935787034988,spring,lfp9,3,,,,,6000,log-fokker-planck-isotropic
23,195.84429240226746,2.888064890772385,35.54498428661701,spring,lfp9,3,,,,,6000,log-fokker-planck-isotropic
24,203.98591828346252,2.706556888095937,34.85862080406572,spring,lfp9,3,,,,,6000,log-fokker-planck-isotropic
25,212.12701034545898,2.540952553380503,31.40589641470054,spring,lfp9,3,,,,,6000,log-fokker-planck-isotropic
26,220.26950097084045,2.387207958520658,29.416037277289117,spring,lfp9,3,,,,,6000,log-fokker-planck-isotropic
27,228.4107484817505,2.2493446469366054,27.31582533453885,spring,lfp9,3,,,,,6000,log-fokker-planck-isotropic
28,236.55245876312256,2.120052097186835,25.378183668795963,spring,lfp9,3,,,,,6000,log-fokker-planck-isotropic
29,244.69396710395813,1.9982496386616804,24.547684350232686,spring,lfp9,3,,,,,6000,log-fokker-planck-isotropic
30,252.83467149734497,1.8833669676274039,22.852119360059852,spring,lfp9,3,,,,,6000,log-fokker-planck-isotropic
31,260.9757573604584,1.7779089596502988,20.4562571596741,spring,lfp9,3,,,,,6000,log-fokker-planck-isotropic
32,269.11763191223145,1.6805781903221566,19.497556460946463,spring,lfp9,3,,,,,6000,log-fokker-planck-isotropic
33,277.2592258453369,1.5889638904424108,19.76169469968673,spring,lfp9,3,,,,,6000,log-fokker-planck-isotropic
34,285.4018442630768,1.5042303896627953,17.3390421526686,spring,lfp9,3,,,,,6000,log-fokker-planck-isotropic
35,293.5463263988495,1.4280134298958127,15.522865571483262,spring,lfp9,3,,,,,6000,log-fokker-planck-isotropic
36,301.6923644542694,1.3565550450244888,13.433853576710769,spring,lfp9,3,,,,,6000,log-fokker-planck-isotropic
37,309.8367865085602,1.290590540503798,14.993996292351719,spring,lfp9,3,,,,,6000,log-fokker-planck-isotropic
38,317.9816162586212,1.2263454221773058,12.652728701610268,spring,lfp9,3,,,,,6000,log-fokker-planck-isotropic
39,326.12476325035095,1.1668729747344886,11.234064590279065,spring,lfp9,3,,,,,6000,log-fokker-planck-isotropic
40,334.2687134742737,1.1095309599860514,13.331720583747064,spring,lfp9,3,,,,,6000,log-fokker-planck-isotropic
42,350.5310492515564,1.0104704779064222,9.92460162124512,spring,lfp9,3,,,,,6000,log-fokker-planck-isotropic
46,383.03355145454407,0.8519118404500712,8.842875675295877,spring,lfp9,3,,,,,6000,log-fokker-planck-isotropic
50,415.53446412086487,0.7270456348752838,7.582419074612674,spring,lfp9,3,,,,,6000,log-fokker-planck-isotropic
55,456.15798330307007,0.6080077929769176,6.011543252217621,spring,lfp9,3,,,,,6000,log-fokker-planck-isotropic
61,504.9042880535126,0.4779515480079932,5.05522811473798,spring,lfp9,3,,,,,6000,log-fokker-planck-isotropic
67,553.651426076889,0.36101382008103333,7.319366710999986,spring,lfp9,3,,,,,6000,log-fokker-planck-isotropic
73,602.3937220573425,0.278495447903434,3.169999514886369,spring,lfp9,3,,,,,6000,log-fokker-planck-isotropic
81,667.38263630867,0.2077550435970742,1.9023946645481988,spring,lfp9,3,,,,,6000,log-fokker-planck-isotropic
89,732.3737778663635,0.17356547066071723,0.9511317196219822,spring,lfp9,3,,,,,6000,log-fokker-planck-isotropic
98,805.4815127849579,0.1574956691478004,0.589613866606251,spring,lfp9,3,,,,,6000,log-fokker-planck-isotropic
107,878.5891604423523,0.15164602320545947,0.47460641478581356,spring,lfp9,3,,,,,6000,log-fokker-planck-isotropic
118,967.9408135414124,0.14746264188046979,0.2787097640370817,spring,lfp9,3,,,,,6000,log-fokker-planck-isotropic
130,1065.4199893474579,0.14501463886130928,0.619360432655455,spring,lfp9,3,,,,,6000,log-fokker-planck-isotropic
143,1171.0188114643097,0.13547650282446805,0.18745608672758193,spring,lfp9,3,,,,,6000,log-fokker-planck-isotropic
157,1284.741670370102,0.12239093006457392,0.12450930268540733,spring,lfp9,3,,,,,6000,log-fokker-planck-isotropic
172,1406.597950220108,0.11002325808160562,0.03153650081734678,spring,lfp9,3,,,,,6000,log-fokker-planck-isotropic
190,1552.814011335373,0.09230434803314243,0.02194972785459365,spring,lfp9,3,,,,,6000,log-fokker-planck-isotropic
208,1699.013846874237,0.07682391544512596,0.01108348817532059,spring,lfp9,3,,,,,6000,log-fokker-planck-isotropic
229,1869.5704052448273,0.057397942619332835,0.003463290279269556,spring,lfp9,3,,,,,6000,log-fokker-planck-isotropic
252,2056.5095040798187,0.04000297071091788,0.0017439886422298467,spring,lfp9,3,,,,,6000,log-fokker-planck-isotropic
277,2259.5588595867157,0.025655530478207986,0.0009173112407859168,spring,lfp9,3,,,,,6000,log-fokker-planck-isotropic
305,2486.976752758026,0.016449153365499715,0.00034601849890053896,spring,lfp9,3,,,,,6000,log-fokker-planck-isotropic
335,2730.6472864151,0.010602127405863134,0.00018853373322135153,spring,lfp9,3,,,,,6000,log-fokker-planck-isotropic
369,3006.7866401672363,0.006681665986953451,9.761354579224124e-05,spring,lfp9,3,,,,,6000,log-fokker-planck-isotropic
406,3307.289188861847,0.004605579378258801,0.000978227108467094,spring,lfp9,3,,,,,6000,log-fokker-planck-isotropic
446,3632.19735789299,0.003720398730613667,0.0001973289821514315,spring,lfp9,3,,,,,6000,log-fokker-planck-isotropic
491,3997.6803336143494,0.0030693945719977877,8.128267402298295e-05,spring,lfp9,3,,,,,6000,log-fokker-planck-isotropic
540,4395.621163606644,0.0025811583818497697,3.550319750789218e-05,spring,lfp9,3,,,,,6000,log-fokker-planck-isotropic
594,4834.159653902054,0.0022934826569266918,4.240959313794613e-05,spring,lfp9,3,,,,,6000,log-fokker-planck-isotropic
653,5313.386303424835,0.002090403593963417,3.068746273976022e-05,spring,lfp9,3,,,,,6000,log-fokker-planck-isotropic
718,5841.481351613998,0.0018085754401555058,2.0402633731182053e-05,spring,lfp9,3,,,,,6000,log-fokker-planck-isotropic
738,6003.925043106079,0.0018745190723729365,2.216893246339381e-05,spring,lfp9,3,,,,,6000,log-fokker-planck-isotropic
0,0.8123650550842285,0.9697368169583642,18.53201559537537,spring,p100,1,,,,,10000,poisson
1,1.86967134475708,0.9655879546250851,18.39567401259276,spring,p100,1,,,,,10000,poisson
2,2.6193294525146484,0.9616552125668741,18.21446236848473,spring,p100,1,,,,,10000,poisson
3,3.368941068649292,0.9574836302070615,18.08371903868087,spring,p100,1,,,,,10000,poisson
4,4.1184258460998535,0.9538826600381387,17.896016023067475,spring,p100,1,,,,,10000,poisson
5,4.867422342300415,0.9496177079043839,17.80678743420056,spring,p100,1,,,,,10000,poisson
6,5.6170594692230225,0.9458048149431165,17.636420827711415,spring,p100,1,,,,,10000,poisson
7,6.366726875305176,0.9426353950731265,17.467076808080304,spring,p100,1,,,,,10000,poisson
8,7.1157262325286865,0.9389738589178371,17.3473406592913,spring,p100,1,,,,,10000,poisson
9,7.868080139160156,0.9355842151179995,17.205604713188187,spring,p100,1,,,,,10000,poisson
10,8.627960205078125,0.9322074686013164,17.074974997050386,spring,p100,1,,,,,10000,poisson
11,9.385915279388428,0.9289711847853619,16.915889059475507,spring,p100,1,,,,,10000,poisson
12,10.14371371269226,0.9258578683696206,16.783543069548426,spring,p100,1,,,,,10000,poisson
13,10.90083622932434,0.9226798016469754,16.645623380456414,spring,p100,1,,,,,10000,poisson
14,11.658483743667603,0.9194650639172207,16.538639437541903,spring,p100,1,,,,,10000,poisson
15,12.416554927825928,0.9161299439032895,16.406378418425223,spring,p100,1,,,,,10000,poisson
16,13.174569845199585,0.9126743159587223,16.29281086466223,spring,p100,1,,,,,10000,poisson
17,13.932296991348267,0.9094446503917957,16.15159640799459,spring,p100,1,,,,,10000,poisson
18,14.689440727233887,0.9065885925880882,15.997733049217352,spring,p100,1,,,,,10000,poisson
19,15.445890665054321,0.9031262959638892,15.917963118355049,spring,p100,1,,,,,10000,poisson
20,16.200507164001465,0.8998545478891259,15.790559601411886,spring,p100,1,,,,,10000,poisson
21,16.954769134521484,0.8964083731990214,15.664342817168379,spring,p100,1,,,,,10000,poisson
22,17.709237337112427,0.8931747134768094,15.553465924514503,spring,p100,1,,,,,10000,poisson
23,18.464199781417847,0.8899766677723993,15.41596139560075,spring,p100,1,,,,,10000,poisson
24,19.22092890739441,0.8864282409165437,15.312330716389532,spring,p100,1,,,,,10000,poisson
25,19.977288484573364,0.883136877018997,15.181276748565333,spring,p100,1,,,,,10000,poisson
26,20.734780311584473,0.8798890746590947,15.055909174417057,spring,p100,1,,,,,10000,poisson
27,21.495628833770752,0.8767796359001564,14.922729254486889,spring,p100,1,,,,,10000,poisson
28,22.26446008682251,0.8735966153893442,14.791648109495958,spring,p100,1,,,,,10000,poisson
29,23.03488802909851,0.8705138553146587,14.67187205712976,spring,p100,1,,,,,10000,poisson
30,23.799949884414673,0.8673617117490984,14.546339648685006,spring,p100,1,,,,,10000,poisson
31,24.564913988113403,0.8642132881120311,14.402781593893247,spring,p100,1,,,,,10000,poisson
32,25.3279390335083,0.8604491115252083,14.373731933730086,spring,p100,1,,,,,10000,poisson
33,26.091411352157593,0.8568747382731566,14.21621615098668,spring,p100,1,,,,,10000,poisson
34,26.855015516281128,0.853295646358954,14.144595808827802,spring,p100,1,,,,,10000,poisson
35,27.617979288101196,0.8498103850052887,13.966140471594784,spring,p100,1,,,,,10000,poisson
36,28.380601167678833,0.8462398491350956,13.842160981255239,spring,p100,1,,,,,10000,poisson
37,29.14256238937378,0.8428696611380389,13.70362854459042,spring,p100,1,,,,,10000,poisson
38,29.907037019729614,0.839295685540383,13.61803638821551,spring,p100,1,,,,,10000,poisson
39,30.67504572868347,0.8357120933216317,13.467207916973456,spring,p100,1,,,,,10000,poisson
40,31.437512159347534,0.8319546250979122,13.365308229483306,spring,p100,1,,,,,10000,poisson
42,32.790318727493286,0.8244677420705594,13.135930767672074,spring,p100,1,,,,,10000,poisson
46,35.325284242630005,0.8089133932926966,12.645937347363978,spring,p100,1,,,,,10000,poisson
50,37.862600326538086,0.7928814914790352,12.119332816960052,spring,p100,1,,,,,10000,poisson
55,40.989490032196045,0.7719788632621366,11.429734347192232,spring,p100,1,,,,,10000,poisson
61,44.70610237121582,0.7452471668767359,10.691137731646913,spring,p100,1,,,,,10000,poisson
67,48.431119441986084,0.7165855075013675,9.849477445460348,spring,p100,1,,,,,10000,poisson
73,52.17741084098816,0.6867830797311872,9.057935531762835,spring,p100,1,,,,,10000,poisson
81,57.11971116065979,0.6446798117303929,7.9584531945916455,spring,p100,1,,,,,10000,poisson
89,62.06101846694946,0.6000767118205611,6.879824588614709,spring,p100,1,,,,,10000,poisson
98,67.60135006904602,0.5491788053626054,5.719187345824004,spring,p100,1,,,,,10000,poisson
107,73.13924598693848,0.4960914726620295,4.662139381882685,spring,p100,1,,,,,10000,poisson
118,79.87236618995667,0.42947605129251787,3.5145482161593,spring,p100,1,,,,,10000,poisson
130,87.1988115310669,0.3595608423070417,2.4477534216013654,spring,p100,1,,,,,10000,poisson
143,95.12229466438293,0.2863818815838727,1.5386418815551655,spring,p100,1,,,,,10000,poisson
157,103.65940117835999,0.21561984544909316,0.8677567034165473,spring,p100,1,,,,,10000,poisson
172,112.77170300483704,0.15050564722162824,0.430217916260016,spring,p100,1,,,,,10000,poisson
190,123.67435264587402,0.09081718773691118,0.15455431412346607,spring,p100,1,,,,,10000,poisson
208,134.51783299446106,0.05059852478678759,0.048135365567385124,spring,p100,1,,,,,10000,poisson
229,147.1035351753235,0.03128511066645432,0.007252444306567079,spring,p100,1,,,,,10000,poisson
252,160.88009667396545,0.029113091013699504,0.0007251362196840168,spring,p100,1,,,,,10000,poisson
277,175.831613779068,0.026861469529052297,0.0004320249621517018,spring,p100,1,,,,,10000,poisson
305,192.57602071762085,0.024571265229200934,0.00035252104498093907,spring,p100,1,,,,,10000,poisson
335,210.51255702972412,0.0224735835421744,0.0003000221127137311,spring,p100,1,,,,,10000,poisson
369,230.79811453819275,0.019966402250033197,0.00041982582642264324,spring,p100,1,,,,,10000,poisson
406,252.85030341148376,0.01871268718742579,0.00023894416631561137,spring,p100,1,,,,,10000,poisson
446,276.72140979766846,0.017205873037746903,0.0002191367166911364,spring,p100,1,,,,,10000,poisson
491,303.5275135040283,0.016052690874750496,0.00021048581706207528,spring,p100,1,,,,,10000,poisson
540,332.6864733695984,0.01534534014222137,0.0001628318567132806,spring,p100,1,,,,,10000,poisson
594,364.7783086299896,0.014190290792566783,0.00016065599326524986,spring,p100,1,,,,,10000,poisson
653,399.83501982688904,0.013537754849077656,0.0001258841250955599,spring,p100,1,,,,,10000,poisson
718,438.3458981513977,0.01258046645807243,0.0001072063146312422,spring,p100,1,,,,,10000,poisson
790,480.8027722835541,0.011532025976218292,8.034759578321933e-05,spring,p100,1,,,,,10000,poisson
869,527.3489053249359,0.011007138564657605,7.456864786106397e-05,spring,p100,1,,,,,10000,poisson
956,578.6207625865936,0.010254635814300158,8.04854541071493e-05,spring,p100,1,,,,,10000,poisson
1052,635.1189322471619,0.00976210224653905,5.758612436205753e-05,spring,p100,1,,,,,10000,poisson
1157,696.9318828582764,0.009339820666003277,5.333621258781986e-05,spring,p100,1,,,,,10000,poisson
1272,764.6000640392303,0.008882579807272974,4.9526979392337195e-05,spring,p100,1,,,,,10000,poisson
1400,839.9090819358826,0.00818787674823415,4.5297466865216486e-05,spring,p100,1,,,,,10000,poisson
1539,921.6866445541382,0.0078851435062429,5.326113765150838e-05,spring,p100,1,,,,,10000,poisson
1693,1012.2475438117981,0.007144114740139176,3.31230303635041e-05,spring,p100,1,,,,,10000,poisson
1863,1112.2234394550323,0.0068780935838438865,3.2763310736250287e-05,spring,p100,1,,,,,10000,poisson
2049,1221.5820145606995,0.006544591443028114,3.193950109033653e-05,spring,p100,1,,,,,10000,poisson
2254,1342.1361646652222,0.0061109008360562345,4.270887376380774e-05,spring,p100,1,,,,,10000,poisson
2479,1474.352285861969,0.006196266297134314,2.4853618074452314e-05,spring,p100,1,,,,,10000,poisson
2727,1620.151347875595,0.005720927575865355,2.4161704438038e-05,spring,p100,1,,,,,10000,poisson
3000,1780.582482099533,0.005463597723945169,1.831082273967057e-05,spring,p100,1,,,,,10000,poisson
3299,1956.2013416290283,0.005335585776362357,2.465512489932667e-05,spring,p100,1,,,,,10000,poisson
3629,2150.0330646038055,0.005180456971724011,2.0668271794548066e-05,spring,p100,1,,,,,10000,poisson
3992,2363.198333501816,0.005025304411878429,1.895137987820872e-05,spring,p100,1,,,,,10000,poisson
4391,2597.570251226425,0.004771830294743489,1.4266573658607344e-05,spring,p100,1,,,,,10000,poisson
4831,2856.0426936149597,0.004600481587745028,2.279519004204913e-05,spring,p100,1,,,,,10000,poisson
5314,3139.682367324829,0.004515041887362583,2.0838158231679908e-05,spring,p100,1,,,,,10000,poisson
5845,3451.644579410553,0.0043915042469857245,1.492396518320472e-05,spring,p100,1,,,,,10000,poisson
6429,3794.549246072769,0.004180374541452686,1.896398298899204e-05,spring,p100,1,,,,,10000,poisson
7072,4171.988491773605,0.003953477265622682,1.0200579072295452e-05,spring,p100,1,,,,,10000,poisson
7779,4586.88093829155,0.0039649851850137,1.3459361326648446e-05,spring,p100,1,,,,,10000,poisson
8557,5043.564660072327,0.0038080597616485154,1.1242129898886337e-05,spring,p100,1,,,,,10000,poisson
9413,5546.02986240387,0.0035350456650861096,1.2968167095953836e-05,spring,p100,1,,,,,10000,poisson
10354,6098.256883859634,0.0034304455645409347,1.1238903033159334e-05,spring,p100,1,,,,,10000,poisson
11389,6706.0088930130005,0.0033089670144729926,1.0258975929940974e-05,spring,p100,1,,,,,10000,poisson
12528,7374.126892328262,0.0033075063061698854,8.155603501863989e-06,spring,p100,1,,,,,10000,poisson
13781,8109.20205950737,0.0031464314395293694,7.4041187423060936e-06,spring,p100,1,,,,,10000,poisson
15159,8917.400531291962,0.0029458024682297653,8.305423565328637e-06,spring,p100,1,,,,,10000,poisson
16675,9806.627735853195,0.002824370682016165,6.210410589980248e-06,spring,p100,1,,,,,10000,poisson
17005,10000.413067817688,0.0028401462706065445,5.8430759742317375e-06,spring,p100,1,,,,,10000,poisson
0,0.8382668495178223,0.9700165769076732,18.471769103810335,spring,p100,2,,,,,10000,poisson
1,1.9649698734283447,0.9657299745184846,18.313745567918218,spring,p100,2,,,,,10000,poisson
2,2.7392678260803223,0.9614615100013008,18.171155981752346,spring,p100,2,,,,,10000,poisson
3,3.517515182495117,0.9574713670586639,18.011647799704477,spring,p100,2,,,,,10000,poisson
4,4.296475887298584,0.9533573036994969,17.87014735417621,spring,p100,2,,,,,10000,poisson
5,5.0756964683532715,0.9495713825973243,17.70598359049113,spring,p100,2,,,,,10000,poisson
6,5.8549840450286865,0.945910156269033,17.549862593419537,spring,p100,2,,,,,10000,poisson
7,6.633964538574219,0.942688558662011,17.406667485251134,spring,p100,2,,,,,10000,poisson
8,7.413148403167725,0.9393976364183055,17.275348404111952,spring,p100,2,,,,,10000,poisson
9,8.192075729370117,0.9357374909198861,17.142184958246304,spring,p100,2,,,,,10000,poisson
10,8.970747709274292,0.9319816203748289,17.012124248364163,spring,p100,2,,,,,10000,poisson
11,9.74990177154541,0.9281161497351579,16.886416875434772,spring,p100,2,,,,,10000,poisson
12,10.528802156448364,0.924467142567979,16.724518038317147,spring,p100,2,,,,,10000,poisson
13,11.307962894439697,0.9210068320630775,16.604502658330784,spring,p100,2,,,,,10000,poisson
14,12.08620810508728,0.917738435814542,16.469486600368132,spring,p100,2,,,,,10000,poisson
15,12.865968227386475,0.9140945427392932,16.381225250656623,spring,p100,2,,,,,10000,poisson
16,13.644956827163696,0.9114882920261961,16.196778526021124,spring,p100,2,,,,,10000,poisson
17,14.424251556396484,0.9080033020255383,16.12984962613257,spring,p100,2,,,,,10000,poisson
18,15.202556371688843,0.9052985938865273,15.954256001847751,spring,p100,2,,,,,10000,poisson
19,15.981231212615967,0.9021142823197457,15.844811715001153,spring,p100,2,,,,,10000,poisson
20,16.759384393692017,0.8986127009388242,15.741888623498468,spring,p100,2,,,,,10000,poisson
21,17.538660526275635,0.89536229670485,15.626054418101395,spring,p100,2,,,,,10000,poisson
22,18.316771268844604,0.8924245807387523,15.488046848895342,spring,p100,2,,,,,10000,poisson
23,19.09609580039978,0.8895996181458462,15.343087453683935,spring,p100,2,,,,,10000,poisson
24,19.87522292137146,0.8865136005936848,15.279359000537909,spring,p100,2,,,,,10000,poisson
25,20.653621673583984,0.8833879061543793,15.144973365167417,spring,p100,2,,,,,10000,poisson
26,21.432483911514282,0.8803720511828563,15.025592561224476,spring,p100,2,,,,,10000,poisson
27,22.21047019958496,0.8769611981706723,14.908218841021773,spring,p100,2,,,,,10000,poisson
28,22.988548517227173,0.8737525155397098,14.78944892552669,spring,p100,2,,,,,10000,poisson
29,23.767746686935425,0.8706482657347987,14.677527930089095,spring,p100,2,,,,,10000,poisson
30,24.54651689529419,0.8673795062252463,14.588854594336508,spring,p100,2,,,,,10000,poisson
31,25.325172901153564,0.8639749915058427,14.458592454995541,spring,p100,2,,,,,10000,poisson
32,26.104787588119507,0.8605794080493492,14.347901589935878,spring,p100,2,,,,,10000,poisson
33,26.886964797973633,0.8571774005882474,14.239917442336107,spring,p100,2,,,,,10000,poisson
34,27.681285858154297,0.8537622867304514,14.095618649640635,spring,p100,2,,,,,10000,poisson
35,28.489951372146606,0.8505934939628048,13.97880488988428,spring,p100,2,,,,,10000,poisson
36,29.304693698883057,0.8471986033634098,13.884701955958363,spring,p100,2,,,,,10000,poisson
37,30.121958017349243,0.843791174205503,13.745623787449773,spring,p100,2,,,,,10000,poisson
38,30.946812629699707,0.8403070093465078,13.660408205963048,spring,p100,2,,,,,10000,poisson
39,31.76599955558777,0.8368226082719997,13.505173907695067,spring,p100,2,,,,,10000,poisson
40,32.57455515861511,0.8332400961134013,13.392269936764881,spring,p100,2,,,,,10000,poisson
42,34.01457357406616,0.8258905587032151,13.193954629786184,spring,p100,2,,,,,10000,poisson
46,36.71677589416504,0.8114001992707797,12.686288930569773,spring,p100,2,,,,,10000,poisson
50,39.43378162384033,0.7955687116416448,12.186700133019459,spring,p100,2,,,,,10000,poisson
55,42.798749685287476,0.7746874043348563,11.568405091690174,spring,p100,2,,,,,10000,poisson
61,46.813366651535034,0.7479414593650409,10.782555652844858,spring,p100,2,,,,,10000,poisson
67,50.836649894714355,0.7198781000894154,9.974868914619924,spring,p100,2,,,,,10000,poisson
73,54.892345666885376,0.6905782188171381,9.179064404587447,spring,p100,2,,,,,10000,poisson
81,60.231769323349,0.6501751169799596,8.092214552691768,spring,p100,2,,,,,10000,poisson
89,65.58016228675842,0.6077564573144031,7.0472160095360055,spring,p100,2,,,,,10000,poisson
98,71.58657741546631,0.5574406851356504,5.913297925309228,spring,p100,2,,,,,10000,poisson
107,77.63417315483093,0.5049756088966273,4.8341577793342445,spring,p100,2,,,,,10000,poisson
118,84.9767529964447,0.44069967570282154,3.6699458491269756,spring,p100,2,,,,,10000,poisson
130,92.98752355575562,0.37065143988856186,2.5692597556534005,spring,p100,2,,,,,10000,poisson
143,102.21860599517822,0.298965479359411,1.6810791154544245,spring,p100,2,,,,,10000,poisson
157,112.3013117313385,0.22514112127961314,0.9606922647422432,spring,p100,2,,,,,10000,poisson
172,123.1222653388977,0.15841603528364584,0.4726608830478337,spring,p100,2,,,,,10000,poisson
190,136.08817720413208,0.096824102527345,0.17795148508309053,spring,p100,2,,,,,10000,poisson
208,149.0251305103302,0.05461645570453976,0.0534966269221136,spring,p100,2,,,,,10000,poisson
229,163.9718210697174,0.030543070059621986,0.00872690648741329,spring,p100,2,,,,,10000,poisson
252,180.38544964790344,0.02812104485506936,0.0012140489077207665,spring,p100,2,,,,,10000,poisson
277,198.18836212158203,0.026682804734387573,0.00047957116001940656,spring,p100,2,,,,,10000,poisson
305,218.03980088233948,0.0243259122550271,0.0004179112510598316,spring,p100,2,,,,,10000,poisson
335,239.30835723876953,0.02163006482213657,0.0002597341402878862,spring,p100,2,,,,,10000,poisson
369,263.33310747146606,0.020241299785747575,0.00028190966914755605,spring,p100,2,,,,,10000,poisson
406,289.3005712032318,0.018570050220258406,0.0002053332762622778,spring,p100,2,,,,,10000,poisson
446,317.2984776496887,0.016997069120189643,0.0001942327738397881,spring,p100,2,,,,,10000,poisson
491,348.69459104537964,0.01604534879507429,0.00015398777722494682,spring,p100,2,,,,,10000,poisson
540,382.9263868331909,0.015294491068651769,0.00018697043643938502,spring,p100,2,,,,,10000,poisson
594,420.45061588287354,0.014226628156155968,0.00021058655816883675,spring,p100,2,,,,,10000,poisson
653,461.2233667373657,0.013089033105421921,0.00011167773304185077,spring,p100,2,,,,,10000,poisson
718,505.87074851989746,0.012521032482030583,9.8721608464e-05,spring,p100,2,,,,,10000,poisson
790,555.5135400295258,0.012166505899964672,9.720307638224166e-05,spring,p100,2,,,,,10000,poisson
869,610.2401921749115,0.011352143229191676,0.00010401322554875388,spring,p100,2,,,,,10000,poisson
956,670.6263613700867,0.010825906367838041,8.840082426916472e-05,spring,p100,2,,,,,10000,poisson
1052,737.7817871570587,0.009902244823949195,6.828882861244754e-05,spring,p100,2,,,,,10000,poisson
1157,811.1450290679932,0.009026189826130892,5.817407917618384e-05,spring,p100,2,,,,,10000,poisson
1272,892.2162647247314,0.008774417661394442,5.172589259331794e-05,spring,p100,2,,,,,10000,poisson
1400,984.3048710823059,0.008163372320554712,4.7648445002160983e-05,spring,p100,2,,,,,10000,poisson
1539,1083.1310505867004,0.007792527382818402,5.6490514686829746e-05,spring,p100,2,,,,,10000,poisson
1693,1192.845298051834,0.007413531652083948,4.218870629089937e-05,spring,p100,2,,,,,10000,poisson
1863,1313.4733777046204,0.006970199672704207,3.485845214477265e-05,spring,p100,2,,,,,10000,poisson
2049,1445.7394530773163,0.006512122357441998,3.217645152696574e-05,spring,p100,2,,,,,10000,poisson
2254,1592.2913415431976,0.006288084220118702,4.106926786193573e-05,spring,p100,2,,,,,10000,poisson
2479,1752.9460444450378,0.006015591381156359,2.7136630255590666e-05,spring,p100,2,,,,,10000,poisson
2727,1929.6612317562103,0.0058332342258637536,2.9767437479036858e-05,spring,p100,2,,,,,10000,poisson
3000,2123.4734880924225,0.0056274834953101704,3.217763603890159e-05,spring,p100,2,,,,,10000,poisson
3299,2334.674433708191,0.005582300910171326,2.3171491057335337e-05,spring,p100,2,,,,,10000,poisson
3629,2565.7594451904297,0.0051858689950371,2.3345940125629764e-05,spring,p100,2,,,,,10000,poisson
3992,2818.99040722847,0.0049087212126181995,2.3035688084606727e-05,spring,p100,2,,,,,10000,poisson
4391,3097.8949065208435,0.004987156933250563,1.843895665582862e-05,spring,p100,2,,,,,10000,poisson
4831,3404.361592769623,0.004716235167767414,2.1194550723501562e-05,spring,p100,2,,,,,10000,poisson
5314,3738.0235517024994,0.004480019427556489,1.6438098365030924e-05,spring,p100,2,,,,,10000,poisson
5845,4105.598465681076,0.004376640460395592,1.6659145760792953e-05,spring,p100,2,,,,,10000,poisson
6429,4508.976353406906,0.004173248231363894,2.1979768139261434e-05,spring,p100,2,,,,,10000,poisson
7072,4951.503421545029,0.004185867668047754,1.365035369363635e-05,spring,p100,2,,,,,10000,poisson
7779,5436.786109685898,0.0038888390096826556,1.3517432644005182e-05,spring,p100,2,,,,,10000,poisson
8557,5967.093768596649,0.0037538030142367077,1.3444860840650904e-05,spring,p100,2,,,,,10000,poisson
9413,6538.483790874481,0.0036065696606276945,1.1577998151856134e-05,spring,p100,2,,,,,10000,poisson
10354,7159.818000078201,0.003451478990792137,9.646619631581991e-06,spring,p100,2,,,,,10000,poisson
11389,7839.4998071193695,0.0033119313758740517,1.0374021697101942e-05,spring,p100,2,,,,,10000,poisson
12528,8581.02340388298,0.003174285680625991,9.77375256190733e-06,spring,p100,2,,,,,10000,poisson
13781,9395.522871255875,0.003127774310064144,9.548673806682207e-06,spring,p100,2,,,,,10000,poisson
14728,10000.175929784775,0.0030045808140347022,7.279878618826326e-06,spring,p100,2,,,,,10000,poisson
0,0.8148291110992432,1.0558635559264438,18.227974142514814,spring,p100,3,,,,,10000,poisson
1,1.9406085014343262,1.051727261489972,18.055033320474188,spring,p100,3,,,,,10000,poisson
2,2.695286989212036,1.0472412742895763,17.937849252447347,spring,p100,3,,,,,10000,poisson
3,3.4500572681427,1.0432112772394695,17.771465390300758,spring,p100,3,,,,,10000,poisson
4,4.203567266464233,1.0393722084844461,17.60436677582514,spring,p100,3,,,,,10000,poisson
5,4.957234621047974,1.0352933512985458,17.50388719787298,spring,p100,3,,,,,10000,poisson
6,5.715841293334961,1.0310719612185686,17.363611144504294,spring,p100,3,,,,,10000,poisson
7,6.477701425552368,1.0267451482936807,17.203086384876443,spring,p100,3,,,,,10000,poisson
8,7.239957094192505,1.0225757065566945,17.088956867428543,spring,p100,3,,,,,10000,poisson
9,8.00102186203003,1.018477437733331,16.93817306608497,spring,p100,3,,,,,10000,poisson
10,8.763463735580444,1.0141880491092414,16.80901777988776,spring,p100,3,,,,,10000,poisson
11,9.526484966278076,1.0102500899992977,16.6528264303372,spring,p100,3,,,,,10000,poisson
12,10.28817081451416,1.0069726045465248,16.50804970201353,spring,p100,3,,,,,10000,poisson
13,11.05090880393982,1.003177596836762,16.403966366040624,spring,p100,3,,,,,10000,poisson
14,11.819051265716553,0.999820496312626,16.24676635164828,spring,p100,3,,,,,10000,poisson
15,12.588567972183228,0.9959579313034332,16.135358448864434,spring,p100,3,,,,,10000,poisson
16,13.354138612747192,0.9920111919412312,16.027932412615584,spring,p100,3,,,,,10000,poisson
17,14.119390964508057,0.9885258268712077,15.877469687213353,spring,p100,3,,,,,10000,poisson
18,14.882071495056152,0.9850683293631717,15.73430706514064,spring,p100,3,,,,,10000,poisson
19,15.642407655715942,0.9815846112273106,15.621973959578186,spring,p100,3,,,,,10000,poisson
20,16.401939868927002,0.977823820098432,15.500647354973486,spring,p100,3,,,,,10000,poisson
21,17.16186237335205,0.9741124328747257,15.387444769173399,spring,p100,3,,,,,10000,poisson
22,17.922879934310913,0.9703901479074228,15.256894391594328,spring,p100,3,,,,,10000,poisson
23,18.684791326522827,0.9666104354452482,15.14372589272796,spring,p100,3,,,,,10000,poisson
24,19.445881843566895,0.9631281883853897,15.014504197544095,spring,p100,3,,,,,10000,poisson
25,20.208728551864624,0.9595081203216,14.888763629242016,spring,p100,3,,,,,10000,poisson
26,20.979360818862915,0.9555914506332603,14.782578706089135,spring,p100,3,,,,,10000,poisson
27,21.742625951766968,0.9520264512668616,14.644622919113514,spring,p100,3,,,,,10000,poisson
28,22.505324602127075,0.9484878523630385,14.52397926381448,spring,p100,3,,,,,10000,poisson
29,23.267892599105835,0.9446797840972214,14.434011793249296,spring,p100,3,,,,,10000,poisson
30,24.029739141464233,0.9409099289335646,14.283160266696934,spring,p100,3,,,,,10000,poisson
31,24.79183578491211,0.9368069344125641,14.217260617361948,spring,p100,3,,,,,10000,poisson
32,25.55235457420349,0.9332106568904585,14.035549681250968,spring,p100,3,,,,,10000,poisson
33,26.313623189926147,0.9293789509721168,13.939393689352515,spring,p100,3,,,,,10000,poisson
34,27.074143886566162,0.9254335165752253,13.816224120733981,spring,p100,3,,,,,10000,poisson
35,27.835965156555176,0.9212641846373949,13.725305137010865,spring,p100,3,,,,,10000,poisson
36,28.59791660308838,0.9170976245138585,13.588217995976823,spring,p100,3,,,,,10000,poisson
37,29.359331846237183,0.912695469894227,13.484162720560759,spring,p100,3,,,,,10000,poisson
38,30.121525526046753,0.9085379883227576,13.347961094945248,spring,p100,3,,,,,10000,poisson
39,30.88204312324524,0.9043277628354324,13.21040930506216,spring,p100,3,,,,,10000,poisson
40,31.642850637435913,0.9000566970230471,13.064236926803849,spring,p100,3,,,,,10000,poisson
42,32.995853900909424,0.891580378024449,12.831198906825385,spring,p100,3,,,,,10000,poisson
46,35.5352725982666,0.8733749521781177,12.327350305749455,spring,p100,3,,,,,10000,poisson
50,38.07895803451538,0.8544906625663847,11.791051559507329,spring,p100,3,,,,,10000,poisson
55,41.215412616729736,0.8301963546640417,11.141137935241684,spring,p100,3,,,,,10000,poisson
61,44.94428730010986,0.7992472089657663,10.333240843533526,spring,p100,3,,,,,10000,poisson
67,48.67573380470276,0.767142858176023,9.481867889273307,spring,p100,3,,,,,10000,poisson
73,52.404892444610596,0.7330510122924705,8.677467881271436,spring,p100,3,,,,,10000,poisson
81,57.330188512802124,0.6860839620522312,7.574041484264052,spring,p100,3,,,,,10000,poisson
89,62.27152442932129,0.637085491160539,6.554593047998728,spring,p100,3,,,,,10000,poisson
98,67.80403590202332,0.57993321982605,5.397087972895586,spring,p100,3,,,,,10000,poisson
107,73.33498668670654,0.5218884562221946,4.357655269969157,spring,p100,3,,,,,10000,poisson
118,80.05715847015381,0.4504118671160418,3.241283597509181,spring,p100,3,,,,,10000,poisson
130,87.38068962097168,0.37468983856513416,2.2396330500316157,spring,p100,3,,,,,10000,poisson
143,95.29397249221802,0.2947622179699596,1.394285260238663,spring,p100,3,,,,,10000,poisson
157,103.81102204322815,0.21968467905520003,0.7662089794140803,spring,p100,3,,,,,10000,poisson
172,112.91751480102539,0.15294853309742468,0.36682286247494633,spring,p100,3,,,,,10000,poisson
190,123.84019613265991,0.09004397354462818,0.12970126855963465,spring,p100,3,,,,,10000,poisson
208,134.7546682357788,0.04808036785304393,0.03442774869730797,spring,p100,3,,,,,10000,poisson
229,147.46177434921265,0.031193063574808867,0.0050645858548595685,spring,p100,3,,,,,10000,poisson
252,161.35595870018005,0.029467169134664902,0.0007908093684161234,spring,p100,3,,,,,10000,poisson
277,176.44102597236633,0.02751523679013762,0.0004543037869722014,spring,p100,3,,,,,10000,poisson
305,193.32052159309387,0.024904727101780395,0.00035698747101574785,spring,p100,3,,,,,10000,poisson
335,211.36112475395203,0.02231512457272082,0.00029840137424638156,spring,p100,3,,,,,10000,poisson
369,231.78188490867615,0.02015833978615662,0.000302770777677927,spring,p100,3,,,,,10000,poisson
406,253.99610328674316,0.018687564387972703,0.00024232655439141934,spring,p100,3,,,,,10000,poisson
446,278.00200843811035,0.01752956930144677,0.0002652999855423287,spring,p100,3,,,,,10000,poisson
491,304.97183418273926,0.01649689732613292,0.0002113922812563184,spring,p100,3,,,,,10000,poisson
540,334.31491255760193,0.015432508748860404,0.000184499803252304,spring,p100,3,,,,,10000,poisson
594,366.6468641757965,0.014432715315950901,0.00012510887083344113,spring,p100,3,,,,,10000,poisson
653,401.95383977890015,0.013470844160561504,0.00010312696310447149,spring,p100,3,,,,,10000,poisson
718,440.8216087818146,0.012668673036423064,0.00010130458039858506,spring,p100,3,,,,,10000,poisson
790,483.9020187854767,0.012155283437894343,7.991445092373696e-05,spring,p100,3,,,,,10000,poisson
869,531.1113901138306,0.011157988823146161,8.528817526544917e-05,spring,p100,3,,,,,10000,poisson
956,583.1727247238159,0.010389501602226802,6.550629760172119e-05,spring,p100,3,,,,,10000,poisson
1052,640.5278398990631,0.01001699330777232,6.572006121750181e-05,spring,p100,3,,,,,10000,poisson
1157,703.3830108642578,0.009149964726289329,5.88393189800471e-05,spring,p100,3,,,,,10000,poisson
1272,772.0424253940582,0.008774726274885536,4.9256743025227e-05,spring,p100,3,,,,,10000,poisson
1400,848.446141242981,0.00813220513763316,5.759714972091158e-05,spring,p100,3,,,,,10000,poisson
1539,931.4445900917053,0.007543839951310624,3.6522489845185736e-05,spring,p100,3,,,,,10000,poisson
1693,1023.3810112476349,0.00728165806184433,3.9718112172745974e-05,spring,p100,3,,,,,10000,poisson
1863,1124.7904579639435,0.006854265521131126,3.835526206969615e-05,spring,p100,3,,,,,10000,poisson
2049,1235.7776844501495,0.006389274346937658,3.303142172015737e-05,spring,p100,3,,,,,10000,poisson
2254,1358.0476942062378,0.006145850826054451,2.6448465395569618e-05,spring,p100,3,,,,,10000,poisson
2479,1492.2105205059052,0.006075523591931075,3.4109510724201315e-05,spring,p100,3,,,,,10000,poisson
2727,1640.0566840171814,0.0057435455381912946,2.4566395213457045e-05,spring,p100,3,,,,,10000,poisson
3000,1802.810571193695,0.005473902109176082,2.963426639221991e-05,spring,p100,3,,,,,10000,poisson
3299,1981.0302903652191,0.005437467342361385,2.253139858257213e-05,spring,p100,3,,,,,10000,poisson
3629,2177.6721954345703,0.005051944222360506,2.397536840652653e-05,spring,p100,3,,,,,10000,poisson
3992,2393.9691784381866,0.004948129617156859,2.2277689559655216e-05,spring,p100,3,,,,,10000,poisson
4391,2631.633420944214,0.004868577432625521,2.211776225179029e-05,spring,p100,3,,,,,10000,poisson
4831,2893.8450560569763,0.0045190104868384155,2.0396763628009038e-05,spring,p100,3,,,,,10000,poisson
5314,3181.509152650833,0.004430011107800071,1.7413150627577642e-05,spring,p100,3,,,,,10000,poisson
5845,3497.9510304927826,0.004349658056742265,1.3866143085922104e-05,spring,p100,3,,,,,10000,poisson
6429,3845.8215885162354,0.004178898013864805,1.2539730220609031e-05,spring,p100,3,,,,,10000,poisson
7072,4228.858516454697,0.003949753807596449,1.4754945021974545e-05,spring,p100,3,,,,,10000,poisson
7779,4649.89378619194,0.0038594623096201994,1.030991709343728e-05,spring,p100,3,,,,,10000,poisson
8557,5113.087486505508,0.00377723085504593,1.1196766125812288e-05,spring,p100,3,,,,,10000,poisson
9413,5622.883697986603,0.003608402423329242,8.924877687979394e-06,spring,p100,3,,,,,10000,poisson
10354,6182.972694396973,0.0034431676302658647,1.2283414272149445e-05,spring,p100,3,,,,,10000,poisson
11389,6799.196014642715,0.0033114775851816255,9.34954493153706e-06,spring,p100,3,,,,,10000,poisson
12528,7477.317091226578,0.003098906848633389,6.981620865500496e-06,spring,p100,3,,,,,10000,poisson
13781,8223.107066869736,0.002968515167800772,9.62630633636071e-06,spring,p100,3,,,,,10000,poisson
15159,9043.13396692276,0.0029219264080884233,5.5383458257377366e-06,spring,p100,3,,,,,10000,poisson
16675,9945.286799669266,0.0028356017907385906,6.87313374132626e-06,spring,p100,3,,,,,10000,poisson
16767,10000.1966817379,0.0027811390380742054,7.2844687984528035e-06,spring,p100,3,,,,,10000,poisson
0,0.8118493556976318,1.5955035372055195,124.79941088089237,spring,p5,1,,,,,7000,poisson
1,1.7154712677001953,1.595496400486419,124.61162139830417,spring,p5,1,,,,,7000,poisson
2,2.286789655685425,1.595489950269373,119.25006705309023,spring,p5,1,,,,,7000,poisson
3,2.8572182655334473,1.5954838852172726,121.57682034342375,spring,p5,1,,,,,7000,poisson
4,3.426774740219116,1.5954780473174028,123.9321816328119,spring,p5,1,,,,,7000,poisson
5,3.9988560676574707,1.595472108313447,122.55283070251785,spring,p5,1,,,,,7000,poisson
6,4.568342447280884,1.5954661708688924,127.02935604384105,spring,p5,1,,,,,7000,poisson
7,5.138171195983887,1.5954601606596628,123.46165787527194,spring,p5,1,,,,,7000,poisson
8,5.708151817321777,1.5954539066014148,121.53262214377996,spring,p5,1,,,,,7000,poisson
9,6.280046224594116,1.595447285924914,117.29935701304078,spring,p5,1,,,,,7000,poisson
10,6.850145101547241,1.5954401511279845,124.86173956052443,spring,p5,1,,,,,7000,poisson
11,7.421225547790527,1.5954327852927597,122.87956297272665,spring,p5,1,,,,,7000,poisson
12,7.991658687591553,1.5954249895103578,120.88773712843164,spring,p5,1,,,,,7000,poisson
13,8.563151836395264,1.5954168719768682,123.85330940482402,spring,p5,1,,,,,7000,poisson
14,9.1323401927948,1.5954082502591418,127.67940230948639,spring,p5,1,,,,,7000,poisson
15,9.702664375305176,1.5953993292764044,126.54299413588592,spring,p5,1,,,,,7000,poisson
16,10.2728590965271,1.5953896468703064,125.17057713996691,spring,p5,1,,,,,7000,poisson
17,10.843961000442505,1.5953795646889657,124.99148143893517,spring,p5,1,,,,,7000,poisson
18,11.41501498222351,1.5953690728013874,123.3835093287932,spring,p5,1,,,,,7000,poisson
19,11.984786748886108,1.5953581052088965,124.56924961260457,spring,p5,1,,,,,7000,poisson
20,12.555004358291626,1.5953468351841062,121.34949686006915,spring,p5,1,,,,,7000,poisson
21,13.127092361450195,1.5953349381211182,119.35730859381457,spring,p5,1,,,,,7000,poisson
22,13.697315216064453,1.595322363527442,123.23672172973103,spring,p5,1,,,,,7000,poisson
23,14.269161701202393,1.5953092387481385,123.12127700436469,spring,p5,1,,,,,7000,poisson
24,14.840240955352783,1.5952956792603152,123.15712712231903,spring,p5,1,,,,,7000,poisson
25,15.413540840148926,1.5952817769226972,123.66917836838006,spring,p5,1,,,,,7000,poisson
26,15.982297658920288,1.595267354358759,127.29669668841117,spring,p5,1,,,,,7000,poisson
27,16.553876876831055,1.5952524043708523,126.7838469599654,spring,p5,1,,,,,7000,poisson
28,17.124122858047485,1.595237007832918,123.66595038598972,spring,p5,1,,,,,7000,poisson
29,17.69526195526123,1.5952209571583669,123.43927925430296,spring,p5,1,,,,,7000,poisson
30,18.265236616134644,1.5952043522240233,122.80054103586183,spring,p5,1,,,,,7000,poisson
31,18.835870265960693,1.5951871582994623,119.99489123119604,spring,p5,1,,,,,7000,poisson
32,19.407599449157715,1.595169051516611,119.43188998638672,spring,p5,1,,,,,7000,poisson
33,19.9820077419281,1.5951501093564957,128.84293493377112,spring,p5,1,,,,,7000,poisson
34,20.55254292488098,1.5951304094399457,118.64024187297773,spring,p5,1,,,,,7000,poisson
35,21.123960256576538,1.5951097957379954,125.62257280401046,spring,p5,1,,,,,7000,poisson
36,21.695371866226196,1.5950879420865696,122.66211156527528,spring,p5,1,,,,,7000,poisson
37,22.266316413879395,1.5950650735157323,123.50653204519469,spring,p5,1,,,,,7000,poisson
38,22.83724069595337,1.5950412441095985,123.61596816817836,spring,p5,1,,,,,7000,poisson
39,23.40999174118042,1.5950161927007647,121.30387193183883,spring,p5,1,,,,,7000,poisson
40,23.98245596885681,1.5949897784524472,126.03614207599493,spring,p5,1,,,,,7000,poisson
42,25.119712114334106,1.5949328843674317,122.06879678801998,spring,p5,1,,,,,7000,poisson
46,27.392096757888794,1.594800612412517,131.25556423838378,spring,p5,1,,,,,7000,poisson
50,29.668275833129883,1.5946446237024288,124.3723985644149,spring,p5,1,,,,,7000,poisson
55,32.50883412361145,1.5944191880650629,124.22207489157721,spring,p5,1,,,,,7000,poisson
61,35.91366171836853,1.5941048654222982,122.84625700635634,spring,p5,1,,,,,7000,poisson
67,39.320820569992065,1.5937347546650098,128.51507059537576,spring,p5,1,,,,,7000,poisson
73,42.730130434036255,1.5932955574428833,126.22640129516806,spring,p5,1,,,,,7000,poisson
81,47.2751669883728,1.5925822641596439,124.2883570588804,spring,p5,1,,,,,7000,poisson
89,51.81764602661133,1.59169191180907,120.68683773736326,spring,p5,1,,,,,7000,poisson
98,56.92951488494873,1.5904299176385095,123.63036368222704,spring,p5,1,,,,,7000,poisson
107,62.038630962371826,1.5888012956156543,120.97654724755043,spring,p5,1,,,,,7000,poisson
118,68.27939987182617,1.586179713290204,123.65321409745727,spring,p5,1,,,,,7000,poisson
130,75.08825087547302,1.5822631046970208,121.7823387186567,spring,p5,1,,,,,7000,poisson
143,82.46380877494812,1.5763157175096032,120.60393422955782,spring,p5,1,,,,,7000,poisson
157,90.41071796417236,1.567024730683318,120.61805420823205,spring,p5,1,,,,,7000,poisson
172,98.92173171043396,1.5522704970998844,116.42258488440076,spring,p5,1,,,,,7000,poisson
190,109.1413311958313,1.5259021963598303,114.12025232181007,spring,p5,1,,,,,7000,poisson
208,119.36048102378845,1.4859344183758536,109.2017225046899,spring,p5,1,,,,,7000,poisson
229,131.27779483795166,1.4141386601407409,98.97816971398065,spring,p5,1,,,,,7000,poisson
252,144.3329713344574,1.302416157938568,80.9037198899708,spring,p5,1,,,,,7000,poisson
277,158.51494646072388,1.1589017463207545,65.575598070028,spring,p5,1,,,,,7000,poisson
305,174.4045488834381,0.9859776315869785,47.961510985720544,spring,p5,1,,,,,7000,poisson
335,191.42782855033875,0.7747464074859587,29.5285071196976,spring,p5,1,,,,,7000,poisson
369,210.71419191360474,0.4525738771368636,10.484440055529687,spring,p5,1,,,,,7000,poisson
406,231.69329166412354,0.08910473201069628,0.4195145946591057,spring,p5,1,,,,,7000,poisson
446,254.37347149848938,0.006537241226939177,0.0022729283863938536,spring,p5,1,,,,,7000,poisson
491,279.8917236328125,0.0005143162953373475,6.424958518200449e-06,spring,p5,1,,,,,7000,poisson
540,307.6814649105072,0.0002492615426688613,8.438803777892384e-08,spring,p5,1,,,,,7000,poisson
594,338.2926905155182,6.450205495691544e-05,1.0855718301210016e-08,spring,p5,1,,,,,7000,poisson
653,371.7647602558136,3.36361874889744e-05,1.2431780241942428e-09,spring,p5,1,,,,,7000,poisson
718,408.61679100990295,1.918030003560685e-05,3.0656976294590064e-10,spring,p5,1,,,,,7000,poisson
790,449.43795442581177,6.43897027663354e-06,7.918748031897788e-11,spring,p5,1,,,,,7000,poisson
869,494.22404623031616,4.718314135973712e-06,3.7020529550116984e-11,spring,p5,1,,,,,7000,poisson
956,543.5500755310059,5.146616724599395e-06,4.308118404350295e-11,spring,p5,1,,,,,7000,poisson
1052,597.9759480953217,2.16936267500902e-06,1.1317011791409808e-11,spring,p5,1,,,,,7000,poisson
1157,657.4987409114838,3.218515976657813e-06,1.0490091713667126e-11,spring,p5,1,,,,,7000,poisson
1272,722.6721613407135,9.897486908034705e-07,7.087116331461548e-12,spring,p5,1,,,,,7000,poisson
1400,795.2143850326538,1.7891547348733093e-06,6.1304372901229775e-12,spring,p5,1,,,,,7000,poisson
1539,873.9690034389496,1.3872450500903833e-06,5.888717839246e-12,spring,p5,1,,,,,7000,poisson
1693,961.1845622062683,6.419526443833075e-07,3.4176668358184154e-12,spring,p5,1,,,,,7000,poisson
1863,1057.4778339862823,1.3854717247069977e-06,5.148054320238894e-12,spring,p5,1,,,,,7000,poisson
2049,1162.810899734497,6.800786013914866e-07,3.1261347184564283e-12,spring,p5,1,,,,,7000,poisson
2254,1278.882874250412,6.622430402208878e-07,3.3465824435237654e-12,spring,p5,1,,,,,7000,poisson
2479,1406.3197994232178,5.228166449982868e-07,3.164532268977195e-12,spring,p5,1,,,,,7000,poisson
2727,1546.7165567874908,6.936419122325491e-07,4.38275753143672e-12,spring,p5,1,,,,,7000,poisson
3000,1701.2281637191772,4.4958873955760303e-07,2.4354497809049835e-12,spring,p5,1,,,,,7000,poisson
3299,1870.5078127384186,1.117313033321408e-06,2.9017089748022824e-12,spring,p5,1,,,,,7000,poisson
3629,2057.295971632004,7.322532783496358e-07,2.6008300588544058e-12,spring,p5,1,,,,,7000,poisson
3992,2262.8766577243805,3.810034707392092e-07,2.54729753843005e-12,spring,p5,1,,,,,7000,poisson
4391,2488.8475666046143,8.610060063260797e-07,2.1873285655312305e-12,spring,p5,1,,,,,7000,poisson
4831,2738.0249485969543,3.8699657171560627e-07,1.7154062367710333e-12,spring,p5,1,,,,,7000,poisson
5314,3011.4566745758057,3.141970971422233e-07,1.4559860594105221e-12,spring,p5,1,,,,,7000,poisson
5845,3312.265323162079,4.00267913233574e-07,1.851491882140035e-12,spring,p5,1,,,,,7000,poisson
6429,3643.099092721939,6.387357407830182e-07,2.1394731859223487e-12,spring,p5,1,,,,,7000,poisson
7072,4007.348330259323,4.708962630157969e-07,1.5271035778405433e-12,spring,p5,1,,,,,7000,poisson
7779,4407.89533662796,5.087827886477619e-07,1.911092474860193e-12,spring,p5,1,,,,,7000,poisson
8557,4848.650586366653,2.6674948370822257e-07,1.1817958054414454e-12,spring,p5,1,,,,,7000,poisson
9413,5333.660343408585,2.7915380411171024e-07,1.3285140851993053e-12,spring,p5,1,,,,,7000,poisson
10354,5866.937874555588,5.895886222819784e-07,1.3040910668129875e-12,spring,p5,1,,,,,7000,poisson
11389,6453.3646359443665,6.265752744549008e-07,1.7114841278833035e-12,spring,p5,1,,,,,7000,poisson
12355,7000.3445200920105,3.766821190250923e-07,1.2022774340805094e-12,spring,p5,1,,,,,7000,poisson
0,0.8128693103790283,1.5974666551766052,125.73075180603173,spring,p5,2,,,,,7000,poisson
1,1.7137868404388428,1.597459022592124,122.6591416507108,spring,p5,2,,,,,7000,poisson
2,2.2804226875305176,1.5974517066546432,129.2395159596497,spring,p5,2,,,,,7000,poisson
3,2.856694459915161,1.5974450325050409,129.58284444176758,spring,p5,2,,,,,7000,poisson
4,3.4261960983276367,1.597438546364736,122.16709867282353,spring,p5,2,,,,,7000,poisson
5,3.993839979171753,1.5974320116679164,126.7884146626978,spring,p5,2,,,,,7000,poisson
6,4.560582399368286,1.5974252492140386,123.36033801903609,spring,p5,2,,,,,7000,poisson
7,5.127351522445679,1.5974184647741982,121.29015646985074,spring,p5,2,,,,,7000,poisson
8,5.693689346313477,1.5974113493700393,127.12740625607003,spring,p5,2,,,,,7000,poisson
9,6.262012243270874,1.5974041084021904,120.65267806969024,spring,p5,2,,,,,7000,poisson
10,6.827805042266846,1.5973967766046457,124.47134925360339,spring,p5,2,,,,,7000,poisson
11,7.396956443786621,1.5973892390893443,122.10833879137206,spring,p5,2,,,,,7000,poisson
12,7.967411279678345,1.5973813105867176,125.03339902003255,spring,p5,2,,,,,7000,poisson
13,8.535017967224121,1.5973729984408416,122.93030427211949,spring,p5,2,,,,,7000,poisson
14,9.100855827331543,1.5973644751100244,125.59115327011358,spring,p5,2,,,,,7000,poisson
15,9.666590452194214,1.597355858497628,128.8784458388449,spring,p5,2,,,,,7000,poisson
16,10.232284784317017,1.5973466566327164,127.2242656308862,spring,p5,2,,,,,7000,poisson
17,10.800546169281006,1.5973371604888862,126.0415165142653,spring,p5,2,,,,,7000,poisson
18,11.36676025390625,1.5973272072588431,126.94686660647146,spring,p5,2,,,,,7000,poisson
19,11.932507991790771,1.5973168018622717,125.85710549665787,spring,p5,2,,,,,7000,poisson
20,12.499859809875488,1.5973059955605176,122.4294970791701,spring,p5,2,,,,,7000,poisson
21,13.066886901855469,1.5972950040663063,117.649031963289,spring,p5,2,,,,,7000,poisson
22,13.631629228591919,1.5972834366208146,122.56364040394969,spring,p5,2,,,,,7000,poisson
23,14.19833755493164,1.5972715780542988,125.69642945667523,spring,p5,2,,,,,7000,poisson
24,14.764278888702393,1.5972593734723601,123.11025449659897,spring,p5,2,,,,,7000,poisson
25,15.332151174545288,1.5972473082229093,121.28875856889368,spring,p5,2,,,,,7000,poisson
26,15.897427320480347,1.5972346009359497,117.47290451380792,spring,p5,2,,,,,7000,poisson
27,16.463561296463013,1.597221667296832,121.24550926237688,spring,p5,2,,,,,7000,poisson
28,17.029595136642456,1.5972083955162637,121.54240904538375,spring,p5,2,,,,,7000,poisson
29,17.59687352180481,1.597194798855418,121.81096415298218,spring,p5,2,,,,,7000,poisson
30,18.164268016815186,1.5971807748537676,125.83144364632541,spring,p5,2,,,,,7000,poisson
31,18.731250762939453,1.5971667055281877,122.13558487177427,spring,p5,2,,,,,7000,poisson
32,19.298279523849487,1.5971523203533098,123.83260981774693,spring,p5,2,,,,,7000,poisson
33,19.865727424621582,1.5971373468092882,122.51187725134469,spring,p5,2,,,,,7000,poisson
34,20.4322726726532,1.5971221647507798,124.18977696577295,spring,p5,2,,,,,7000,poisson
35,20.998717308044434,1.5971062768124877,121.46175369663982,spring,p5,2,,,,,7000,poisson
36,21.581785678863525,1.5970900809988338,117.07618958830174,spring,p5,2,,,,,7000,poisson
37,22.14787530899048,1.5970732049008698,122.13159214968535,spring,p5,2,,,,,7000,poisson
38,22.717134952545166,1.5970560214384244,124.7763978540993,spring,p5,2,,,,,7000,poisson
39,23.284018516540527,1.5970380382017837,128.3693650426455,spring,p5,2,,,,,7000,poisson
40,23.851313591003418,1.5970196608333578,123.28935459598229,spring,p5,2,,,,,7000,poisson
42,24.98076367378235,1.596980917470471,123.36807146756199,spring,p5,2,,,,,7000,poisson
46,27.234970092773438,1.5968933671601941,125.06985037584161,spring,p5,2,,,,,7000,poisson
50,29.49087429046631,1.5967943428415696,123.99571768442117,spring,p5,2,,,,,7000,poisson
55,32.306867599487305,1.5966497840692861,126.97404255126457,spring,p5,2,,,,,7000,poisson
61,35.693541049957275,1.5964458543127225,129.51034022312294,spring,p5,2,,,,,7000,poisson
67,39.07514238357544,1.5961981412787187,120.62820211633624,spring,p5,2,,,,,7000,poisson
73,42.4815309047699,1.5958892555218809,127.36079285393382,spring,p5,2,,,,,7000,poisson
81,47.02474594116211,1.5953611135608112,125.5671424448504,spring,p5,2,,,,,7000,poisson
89,51.580589056015015,1.594656465270797,125.46104047861516,spring,p5,2,,,,,7000,poisson
98,56.696110010147095,1.5935830503621982,121.27941240665373,spring,p5,2,,,,,7000,poisson
107,61.80413794517517,1.5921158649493226,121.37910151913275,spring,p5,2,,,,,7000,poisson
118,68.04120087623596,1.589665611230993,121.82340958231201,spring,p5,2,,,,,7000,poisson
130,74.84856534004211,1.585928415773825,123.92548342355717,spring,p5,2,,,,,7000,poisson
143,82.2944598197937,1.5801339178628844,119.92211755740584,spring,p5,2,,,,,7000,poisson
157,90.24842500686646,1.5711060245032995,114.21198325019022,spring,p5,2,,,,,7000,poisson
172,98.75959992408752,1.5571102162133832,118.99397561276933,spring,p5,2,,,,,7000,poisson
190,108.97856998443604,1.5324225595302878,112.54990947985534,spring,p5,2,,,,,7000,poisson
208,119.18787956237793,1.496544832276919,105.61803970102258,spring,p5,2,,,,,7000,poisson
229,131.10758447647095,1.4349659614200245,98.09639253433808,spring,p5,2,,,,,7000,poisson
252,144.1528332233429,1.3337194481159884,88.38994228983645,spring,p5,2,,,,,7000,poisson
277,158.3230755329132,1.1916635632602095,69.8235435371514,spring,p5,2,,,,,7000,poisson
305,174.21913814544678,1.017127485923376,52.36516221994825,spring,p5,2,,,,,7000,poisson
335,191.24123239517212,0.7687346690237795,29.46470452121945,spring,p5,2,,,,,7000,poisson
369,210.5264925956726,0.32069718201399294,5.142737680843728,spring,p5,2,,,,,7000,poisson
406,231.49432373046875,0.03247255996578885,0.055736941132243166,spring,p5,2,,,,,7000,poisson
446,254.38224005699158,0.0023906626249421445,0.0002909729495113919,spring,p5,2,,,,,7000,poisson
491,279.9313225746155,0.00016456629404183607,8.564805054316691e-07,spring,p5,2,,,,,7000,poisson
540,307.706805229187,7.40908658462996e-05,2.8090815265188927e-08,spring,p5,2,,,,,7000,poisson
594,338.33255529403687,7.081542896223422e-05,2.6172153763388186e-08,spring,p5,2,,,,,7000,poisson
653,371.7723970413208,5.1876705635689856e-05,1.714515163624232e-08,spring,p5,2,,,,,7000,poisson
718,408.6132709980011,3.685630044779191e-05,8.313756341331922e-09,spring,p5,2,,,,,7000,poisson
790,449.42908453941345,1.4670411747730528e-05,1.7612948051684196e-09,spring,p5,2,,,,,7000,poisson
869,494.5092930793762,6.902732897676701e-06,2.3167717555500596e-10,spring,p5,2,,,,,7000,poisson
956,543.9692215919495,2.320508576964394e-06,3.140576320837213e-11,spring,p5,2,,,,,7000,poisson
1052,598.421745300293,1.5269127029099443e-06,1.3167917517263639e-11,spring,p5,2,,,,,7000,poisson
1157,657.916077375412,7.473621867995728e-07,5.248809819463281e-12,spring,p5,2,,,,,7000,poisson
1272,723.3998217582703,7.332210131828807e-07,5.878242553975223e-12,spring,p5,2,,,,,7000,poisson
1400,795.9017548561096,9.649894255639157e-07,3.509220633651112e-12,spring,p5,2,,,,,7000,poisson
1539,874.7119903564453,6.176317313171404e-07,3.709994882093171e-12,spring,p5,2,,,,,7000,poisson
1693,961.9211218357086,6.547442321988136e-07,2.579452749810249e-12,spring,p5,2,,,,,7000,poisson
1863,1058.2579972743988,1.4927079231780937e-06,3.88061898894674e-12,spring,p5,2,,,,,7000,poisson
2049,1163.9314608573914,1.0900374659723062e-06,3.5743532675385606e-12,spring,p5,2,,,,,7000,poisson
2254,1280.3631739616394,5.681311660625864e-07,1.950898489506213e-12,spring,p5,2,,,,,7000,poisson
2479,1407.8068690299988,3.8212911251664727e-07,2.14421051810688e-12,spring,p5,2,,,,,7000,poisson
2727,1548.3254070281982,9.631829782047683e-07,1.9353939833588045e-12,spring,p5,2,,,,,7000,poisson
3000,1703.0136406421661,1.0032593720370225e-06,2.0534266006264836e-12,spring,p5,2,,,,,7000,poisson
3299,1872.593058347702,3.5921241333857814e-07,2.020423537454334e-12,spring,p5,2,,,,,7000,poisson
3629,2059.742278575897,8.075261386663957e-07,1.7422307347978705e-12,spring,p5,2,,,,,7000,poisson
3992,2265.4612040519714,7.221717733718256e-07,1.6461199354583258e-12,spring,p5,2,,,,,7000,poisson
4391,2493.0065910816193,5.144292162379608e-07,1.4885516449890579e-12,spring,p5,2,,,,,7000,poisson
4831,2742.491208791733,2.0600880621404762e-07,1.4456499367185516e-12,spring,p5,2,,,,,7000,poisson
5314,3016.0769469738007,1.0125385828303142e-06,1.590284734249285e-12,spring,p5,2,,,,,7000,poisson
5845,3316.8550674915314,3.090800008517389e-07,1.1440055644807055e-12,spring,p5,2,,,,,7000,poisson
6429,3647.707176923752,4.120772636261971e-07,1.1921954826352122e-12,spring,p5,2,,,,,7000,poisson
7072,4012.1166620254517,3.3256010485001044e-07,1.3063622225290962e-12,spring,p5,2,,,,,7000,poisson
7779,4413.099313735962,5.851508898727534e-07,1.278090566112108e-12,spring,p5,2,,,,,7000,poisson
8557,4853.913690328598,2.2695691442382206e-07,1.2341791986197506e-12,spring,p5,2,,,,,7000,poisson
9413,5342.456759214401,3.078972783288029e-07,1.2379984275377708e-12,spring,p5,2,,,,,7000,poisson
10354,5882.288022994995,4.4123100537668946e-07,1.1893258605923104e-12,spring,p5,2,,,,,7000,poisson
11389,6476.246755838394,1.1944778121233499e-07,1.3514338153256187e-12,spring,p5,2,,,,,7000,poisson
12296,7000.120182991028,6.762784339085093e-07,1.1601161684091397e-12,spring,p5,2,,,,,7000,poisson
0,0.8214781284332275,1.5696442740860495,122.1390913161856,spring,p5,3,,,,,7000,poisson
1,1.7319259643554688,1.569638105872375,119.88417015280727,spring,p5,3,,,,,7000,poisson
2,2.302757978439331,1.569631806876404,123.80539782146995,spring,p5,3,,,,,7000,poisson
3,2.8847174644470215,1.5696256615861277,119.95128401420925,spring,p5,3,,,,,7000,poisson
4,3.4606781005859375,1.5696196112560787,124.5521964083655,spring,p5,3,,,,,7000,poisson
5,4.036623954772949,1.5696134152363042,122.19634317919179,spring,p5,3,,,,,7000,poisson
6,4.61842679977417,1.5696071457023693,123.00498063491243,spring,p5,3,,,,,7000,poisson
7,5.19385552406311,1.5696007550252318,119.4651694122896,spring,p5,3,,,,,7000,poisson
8,5.7699689865112305,1.5695944774329638,123.18928249777265,spring,p5,3,,,,,7000,poisson
9,6.349044561386108,1.5695883588733546,124.9588912990564,spring,p5,3,,,,,7000,poisson
10,6.92540979385376,1.5695822878486723,120.475824312046,spring,p5,3,,,,,7000,poisson
11,7.502436637878418,1.5695763594256955,127.86078115638668,spring,p5,3,,,,,7000,poisson
12,8.079093933105469,1.5695700616012176,123.63908402892193,spring,p5,3,,,,,7000,poisson
13,8.658745050430298,1.5695638584779836,118.05572273634235,spring,p5,3,,,,,7000,poisson
14,9.234692096710205,1.569557480739909,121.70163329618458,spring,p5,3,,,,,7000,poisson
15,9.811057090759277,1.569550995006543,123.38114707445756,spring,p5,3,,,,,7000,poisson
16,10.387837648391724,1.5695444731284607,121.94574891463876,spring,p5,3,,,,,7000,poisson
17,10.965489864349365,1.5695380021777028,121.42541442818923,spring,p5,3,,,,,7000,poisson
18,11.541076421737671,1.5695314624902494,122.43906437334185,spring,p5,3,,,,,7000,poisson
19,12.117031574249268,1.569524866532117,122.29261800419344,spring,p5,3,,,,,7000,poisson
20,12.692927837371826,1.5695179414444698,121.0232570057363,spring,p5,3,,,,,7000,poisson
21,13.271009922027588,1.5695108517679006,117.32968810121429,spring,p5,3,,,,,7000,poisson
22,13.84708285331726,1.5695038461470427,118.96806463913543,spring,p5,3,,,,,7000,poisson
23,14.423865795135498,1.5694966453775687,122.83139257280283,spring,p5,3,,,,,7000,poisson
24,15.000772714614868,1.5694894118668639,123.2309038794798,spring,p5,3,,,,,7000,poisson
25,15.581865787506104,1.5694821659809204,125.84694080013094,spring,p5,3,,,,,7000,poisson
26,16.15580415725708,1.5694743164756177,127.40381119400557,spring,p5,3,,,,,7000,poisson
27,16.73206615447998,1.569466366046872,123.08141041630402,spring,p5,3,,,,,7000,poisson
28,17.308183193206787,1.5694584286915891,120.96623723663632,spring,p5,3,,,,,7000,poisson
29,17.88480257987976,1.5694504299249703,121.57662666354652,spring,p5,3,,,,,7000,poisson
30,18.463727712631226,1.5694417619359526,125.17863051432,spring,p5,3,,,,,7000,poisson
31,19.03997230529785,1.5694328397110415,123.34795392638883,spring,p5,3,,,,,7000,poisson
32,19.61738896369934,1.5694233651337166,117.69408888006846,spring,p5,3,,,,,7000,poisson
33,20.193439960479736,1.5694135988961222,121.34473252402904,spring,p5,3,,,,,7000,poisson
34,20.769105911254883,1.569403534071211,119.67914238447595,spring,p5,3,,,,,7000,poisson
35,21.345149755477905,1.5693929140267144,122.23729742306338,spring,p5,3,,,,,7000,poisson
36,21.92138385772705,1.569381668910985,120.80785293217204,spring,p5,3,,,,,7000,poisson
37,22.497875928878784,1.5693698170971853,125.3704462039258,spring,p5,3,,,,,7000,poisson
38,23.074681043624878,1.5693576347008151,125.06797676192376,spring,p5,3,,,,,7000,poisson
39,23.650877952575684,1.5693444494790525,124.84092303319075,spring,p5,3,,,,,7000,poisson
40,24.226861715316772,1.569330327444302,128.03129642552074,spring,p5,3,,,,,7000,poisson
42,25.37535572052002,1.5692999668979752,123.37067652407775,spring,p5,3,,,,,7000,poisson
46,27.667043924331665,1.5692285545669358,128.68915651820217,spring,p5,3,,,,,7000,poisson
50,29.959081411361694,1.5691431062693053,126.30928926185794,spring,p5,3,,,,,7000,poisson
55,32.819430351257324,1.5690177744879432,119.1261059826152,spring,p5,3,,,,,7000,poisson
61,36.25410223007202,1.5688423530608206,123.11981043703689,spring,p5,3,,,,,7000,poisson
67,39.68546223640442,1.5686257810660353,122.45849179538459,spring,p5,3,,,,,7000,poisson
73,43.12038040161133,1.5683526295125922,119.39501022780058,spring,p5,3,,,,,7000,poisson
81,47.69523215293884,1.5678730396242138,127.26093101833902,spring,p5,3,,,,,7000,poisson
89,52.27866721153259,1.5672208027429326,123.65136748093063,spring,p5,3,,,,,7000,poisson
98,57.438265323638916,1.5662082119662395,125.65057862607652,spring,p5,3,,,,,7000,poisson
107,62.59629821777344,1.564821475799174,124.22657416625988,spring,p5,3,,,,,7000,poisson
118,68.92466950416565,1.562421100894915,121.01044816723767,spring,p5,3,,,,,7000,poisson
130,75.85022163391113,1.5586143331637596,118.90168283005927,spring,p5,3,,,,,7000,poisson
143,83.34233403205872,1.5526491116288257,117.8749497707278,spring,p5,3,,,,,7000,poisson
157,91.42245602607727,1.5433426724138553,125.67054855584557,spring,p5,3,,,,,7000,poisson
172,100.07769989967346,1.5290292854972953,120.40358834879474,spring,p5,3,,,,,7000,poisson
190,110.45629620552063,1.5038042617323537,110.95695784769288,spring,p5,3,,,,,7000,poisson
208,120.84021091461182,1.4663541756891372,108.03035342150602,spring,p5,3,,,,,7000,poisson
229,132.9467258453369,1.4000973515193054,103.37593589078192,spring,p5,3,,,,,7000,poisson
252,146.2347481250763,1.2956288331143662,80.08265862819778,spring,p5,3,,,,,7000,poisson
277,160.65842962265015,1.158508072109085,67.76017002752035,spring,p5,3,,,,,7000,poisson
305,176.81042647361755,0.9994439983132487,50.456168233909615,spring,p5,3,,,,,7000,poisson
335,194.12908124923706,0.8042651465087398,33.119830250088626,spring,p5,3,,,,,7000,poisson
369,213.75252604484558,0.4690808838173236,11.447291176635037,spring,p5,3,,,,,7000,poisson
406,235.08685517311096,0.08563234167320644,0.4209948211161441,spring,p5,3,,,,,7000,poisson
446,258.15137934684753,0.0060804394061836796,0.0022045468145321942,spring,p5,3,,,,,7000,poisson
491,284.09118270874023,0.0005058179474107118,5.929290940595019e-06,spring,p5,3,,,,,7000,poisson
540,312.3530538082123,0.00025446518835038504,4.469161036462116e-08,spring,p5,3,,,,,7000,poisson
594,343.4780309200287,0.00011707663196132777,1.4006455857198344e-08,spring,p5,3,,,,,7000,poisson
653,377.54232263565063,3.849026964170829e-05,5.658020361917835e-09,spring,p5,3,,,,,7000,poisson
718,415.04049277305603,3.129582277341984e-05,1.1714239947137258e-09,spring,p5,3,,,,,7000,poisson
790,456.5520648956299,1.2811768883438375e-05,3.657482276049557e-10,spring,p5,3,,,,,7000,poisson
869,502.08897614479065,9.033405760759625e-06,1.6468312379535457e-10,spring,p5,3,,,,,7000,poisson
956,552.2436006069183,7.796698769456273e-06,7.32653310485034e-11,spring,p5,3,,,,,7000,poisson
1052,607.5779552459717,3.3928612635727467e-06,4.0598134146073074e-11,spring,p5,3,,,,,7000,poisson
1157,668.1071417331696,2.0659375622287278e-06,1.882148328528779e-11,spring,p5,3,,,,,7000,poisson
1272,734.4579560756683,2.421012502990747e-06,2.5898386633379344e-11,spring,p5,3,,,,,7000,poisson
1400,808.2950925827026,2.7401897740402044e-06,8.32408621817259e-12,spring,p5,3,,,,,7000,poisson
1539,888.4792079925537,1.539704457143991e-06,1.5099513541811542e-11,spring,p5,3,,,,,7000,poisson
1693,977.3765621185303,2.816640420817184e-06,8.358440239738615e-12,spring,p5,3,,,,,7000,poisson
1863,1075.6179888248444,1.6699696523855664e-06,4.4099075698099424e-12,spring,p5,3,,,,,7000,poisson
2049,1183.11781001091,8.36815505631181e-07,5.817983451975637e-12,spring,p5,3,,,,,7000,poisson
2254,1301.2257931232452,9.202945296596433e-07,3.654559808606577e-12,spring,p5,3,,,,,7000,poisson
2479,1430.9075043201447,2.0379042494325366e-06,6.82804139619266e-12,spring,p5,3,,,,,7000,poisson
2727,1573.8575813770294,1.3001052215591894e-06,4.0469185872945865e-12,spring,p5,3,,,,,7000,poisson
3000,1731.3565287590027,6.888811580058002e-07,2.4873480398151856e-12,spring,p5,3,,,,,7000,poisson
3299,1903.7221167087555,5.582834926115474e-07,1.9223344255173523e-12,spring,p5,3,,,,,7000,poisson
3629,2093.9295139312744,1.2853593576998416e-06,1.9825824639739018e-12,spring,p5,3,,,,,7000,poisson
3992,2303.077821969986,6.18423607115764e-07,1.5719479035667868e-12,spring,p5,3,,,,,7000,poisson
4391,2533.0897600650787,5.394587295976169e-07,3.011790191646436e-12,spring,p5,3,,,,,7000,poisson
4831,2786.638208627701,3.24657862939216e-07,1.6208853396738302e-12,spring,p5,3,,,,,7000,poisson
5314,3065.0141785144806,3.7196179324090723e-07,1.6589396900835759e-12,spring,p5,3,,,,,7000,poisson
5845,3370.958190202713,3.5075476539872066e-07,2.1999261932788196e-12,spring,p5,3,,,,,7000,poisson
6429,3707.5633239746094,3.1527750498247833e-07,1.5383123054112823e-12,spring,p5,3,,,,,7000,poisson
7072,4077.964736223221,5.060385969546247e-07,1.3095853397181066e-12,spring,p5,3,,,,,7000,poisson
7779,4485.890214204788,2.1384048661984723e-07,2.1999839471556764e-12,spring,p5,3,,,,,7000,poisson
8557,4934.538668632507,3.240276181791528e-07,1.3525329097379359e-12,spring,p5,3,,,,,7000,poisson
9413,5428.98567533493,3.9209453846212964e-07,1.3045410970885119e-12,spring,p5,3,,,,,7000,poisson
10354,5971.392320871353,2.6787722976581455e-07,1.5663375915043805e-12,spring,p5,3,,,,,7000,poisson
11389,6567.924880504608,2.179685534741889e-07,1.3522431740550808e-12,spring,p5,3,,,,,7000,poisson
12139,7000.490749835968,2.228744088206261e-07,1.060721134566227e-12,spring,p5,3,,,,,7000,poisson
0,6.38218092918396,1.8077654802322065,2.842923544649264,ssspring,heat4,1,,,,,3000,heat
1,12.79058051109314,1.730407801003088,2.7830081165226304,ssspring,heat4,1,,,,,3000,heat
2,18.956350088119507,2.0005066422842,2.3991636100985274,ssspring,heat4,1,,,,,3000,heat
3,25.121978998184204,1.8806968949043805,3.047361646121767,ssspring,heat4,1,,,,,3000,heat
4,31.28907060623169,1.7589532146703881,2.6818076609846613,ssspring,heat4,1,,,,,3000,heat
5,37.456544160842896,1.6504048545376762,2.315705403224108,ssspring,heat4,1,,,,,3000,heat
6,43.668352127075195,1.5491881415196842,2.0218838943463515,ssspring,heat4,1,,,,,3000,heat
7,49.89007329940796,1.4398547749105803,1.816991500636755,ssspring,heat4,1,,,,,3000,heat
8,56.1014940738678,1.322979905358846,1.5722688308406174,ssspring,heat4,1,,,,,3000,heat
9,62.31526970863342,1.2139505247145468,1.4124367889975473,ssspring,heat4,1,,,,,3000,heat
10,68.52868151664734,1.1136886594759305,1.1507272836860194,ssspring,heat4,1,,,,,3000,heat
11,74.73989820480347,1.0023180860689123,0.9986913787279726,ssspring,heat4,1,,,,,3000,heat
12,80.95249462127686,0.9069997600454376,0.8262454436634782,ssspring,heat4,1,,,,,3000,heat
13,87.16369342803955,0.8117826307561266,0.6816163119884295,ssspring,heat4,1,,,,,3000,heat
14,93.37599778175354,0.7258993698110037,0.5524746029704515,ssspring,heat4,1,,,,,3000,heat
15,99.59007596969604,0.6462936097927278,0.43913041940469716,ssspring,heat4,1,,,,,3000,heat
16,105.80746102333069,0.5697179773974099,0.3536101778507491,ssspring,heat4,1,,,,,3000,heat
17,112.0207154750824,0.4974014528899338,0.2833941363306164,ssspring,heat4,1,,,,,3000,heat
18,118.23301386833191,0.43064468136697487,0.20609683642799953,ssspring,heat4,1,,,,,3000,heat
19,124.44719743728638,0.36921619829972535,0.15208740636740833,ssspring,heat4,1,,,,,3000,heat
20,130.6580171585083,0.3146803294118374,0.10820101568382165,ssspring,heat4,1,,,,,3000,heat
21,136.87191581726074,0.27027235680654216,0.07979889354228588,ssspring,heat4,1,,,,,3000,heat
22,143.08379912376404,0.23100985481992678,0.06155452889955002,ssspring,heat4,1,,,,,3000,heat
23,149.29570651054382,0.19940391827297163,0.04458817149794888,ssspring,heat4,1,,,,,3000,heat
24,155.50604128837585,0.17118666999209364,0.0350066896794873,ssspring,heat4,1,,,,,3000,heat
25,161.7246217727661,0.14621907758014074,0.026132543959814156,ssspring,heat4,1,,,,,3000,heat
26,167.93608140945435,0.12482316676305806,0.01815445001112797,ssspring,heat4,1,,,,,3000,heat
27,174.1483473777771,0.10724261297972816,0.01373189312479455,ssspring,heat4,1,,,,,3000,heat
28,180.3590714931488,0.09202214138358016,0.010183493945447318,ssspring,heat4,1,,,,,3000,heat
29,186.57368683815002,0.07896189636113883,0.007486813649414497,ssspring,heat4,1,,,,,3000,heat
30,192.79157876968384,0.0677659829578418,0.005670743905840014,ssspring,heat4,1,,,,,3000,heat
31,199.00646042823792,0.05834792493345229,0.003951747594795213,ssspring,heat4,1,,,,,3000,heat
32,205.2178773880005,0.0499468612476959,0.0031253233430736413,ssspring,heat4,1,,,,,3000,heat
33,211.4282832145691,0.04275244701077727,0.002262317912809676,ssspring,heat4,1,,,,,3000,heat
34,217.6413538455963,0.03669886906997405,0.0015884929947134329,ssspring,heat4,1,,,,,3000,heat
35,223.85990691184998,0.031567175076979904,0.0012102928754372134,ssspring,heat4,1,,,,,3000,heat
36,230.07731986045837,0.027051864472210543,0.0008973603898910953,ssspring,heat4,1,,,,,3000,heat
37,236.2904133796692,0.02297055202482752,0.0006587808928145397,ssspring,heat4,1,,,,,3000,heat
38,242.50913977622986,0.01952293738567692,0.0004893973206661281,ssspring,heat4,1,,,,,3000,heat
39,248.72203302383423,0.016567639950462267,0.00036472647910316226,ssspring,heat4,1,,,,,3000,heat
40,254.9356598854065,0.014120641451648862,0.0002539366363442334,ssspring,heat4,1,,,,,3000,heat
42,267.34413862228394,0.010300024169569093,0.0001384885533048316,ssspring,heat4,1,,,,,3000,heat
46,292.128803730011,0.0055972100855709115,4.1281136934743e-05,ssspring,heat4,1,,,,,3000,heat
50,316.9102973937988,0.0028704646062383066,1.0947416851494883e-05,ssspring,heat4,1,,,,,3000,heat
55,347.88323283195496,0.0012811045189370387,2.361359424199052e-06,ssspring,heat4,1,,,,,3000,heat
61,385.07569217681885,0.0005287356524815241,3.552489363352503e-07,ssspring,heat4,1,,,,,3000,heat
67,422.2526385784149,0.00033008341735812034,1.3785540882357078e-07,ssspring,heat4,1,,,,,3000,heat
73,459.4371886253357,0.0001977672007032933,5.264630831622362e-08,ssspring,heat4,1,,,,,3000,heat
81,508.9822995662689,0.00011152461635500321,1.3827478442589898e-08,ssspring,heat4,1,,,,,3000,heat
89,558.5291392803192,8.118343900610598e-05,9.476933157118364e-09,ssspring,heat4,1,,,,,3000,heat
98,614.2650520801544,6.11547594108709e-05,5.042906631011181e-09,ssspring,heat4,1,,,,,3000,heat
107,670.0082569122314,4.1010757236573096e-05,1.779859945922217e-09,ssspring,heat4,1,,,,,3000,heat
118,738.1413860321045,2.0340220603074404e-05,1.1727648899182907e-09,ssspring,heat4,1,,,,,3000,heat
130,812.4595682621002,1.2767558543191229e-05,3.8229276770116857e-10,ssspring,heat4,1,,,,,3000,heat
143,892.9763967990875,9.615835579428415e-06,2.409052694851025e-10,ssspring,heat4,1,,,,,3000,heat
157,979.6639199256897,1.3042103839140557e-05,2.7637097023309456e-10,ssspring,heat4,1,,,,,3000,heat
172,1072.5503170490265,8.784791401189962e-06,1.1467565579380443e-10,ssspring,heat4,1,,,,,3000,heat
190,1184.0020587444305,6.394878859639409e-06,9.383358823603056e-11,ssspring,heat4,1,,,,,3000,heat
208,1295.4651901721954,5.70322552478104e-06,8.022429380740694e-11,ssspring,heat4,1,,,,,3000,heat
229,1425.4836883544922,5.784071223731094e-06,7.239149850977349e-11,ssspring,heat4,1,,,,,3000,heat
252,1567.9082469940186,5.126177886518348e-06,6.730678997615721e-11,ssspring,heat4,1,,,,,3000,heat
277,1722.7022008895874,4.495268249202017e-06,7.38212947600081e-11,ssspring,heat4,1,,,,,3000,heat
305,1896.05757522583,4.5129328105756e-06,4.2151981690296636e-11,ssspring,heat4,1,,,,,3000,heat
335,2081.8004338741302,3.942278577123547e-06,3.525205041280366e-11,ssspring,heat4,1,,,,,3000,heat
369,2292.323651790619,3.2797123206352907e-06,2.396945365426497e-11,ssspring,heat4,1,,,,,3000,heat
406,2521.4208855628967,2.9269768001537303e-06,2.6646241548532717e-11,ssspring,heat4,1,,,,,3000,heat
446,2769.059591770172,3.0692187538878455e-06,2.3009249413901607e-11,ssspring,heat4,1,,,,,3000,heat
484,3004.327994823456,2.565800764811049e-06,1.812824042567947e-11,ssspring,heat4,1,,,,,3000,heat
0,6.193846702575684,1.570297290489224,2.7349332628467895,ssspring,heat4,2,,,,,3000,heat
1,12.382973194122314,1.4979901008177965,2.2574682837996063,ssspring,heat4,2,,,,,3000,heat
2,18.346654415130615,1.6346135925294036,1.885174865845156,ssspring,heat4,2,,,,,3000,heat
3,24.31597900390625,1.5705434504125715,2.1299791233422583,ssspring,heat4,2,,,,,3000,heat
4,30.28455138206482,1.4942356035145468,2.0178155773971667,ssspring,heat4,2,,,,,3000,heat
5,36.25345206260681,1.4245172542187072,1.7977506254511806,ssspring,heat4,2,,,,,3000,heat
6,42.22162652015686,1.3411185506902057,1.6253801999729496,ssspring,heat4,2,,,,,3000,heat
7,48.19956302642822,1.2494389341687029,1.4395629016560216,ssspring,heat4,2,,,,,3000,heat
8,54.21470856666565,1.1584872936412738,1.3119755393040002,ssspring,heat4,2,,,,,3000,heat
9,60.23006343841553,1.079238363498806,1.0823639378008394,ssspring,heat4,2,,,,,3000,heat
10,66.24252343177795,0.990969901272761,0.9627344452378884,ssspring,heat4,2,,,,,3000,heat
11,72.25733065605164,0.895129415966533,0.7824518748064385,ssspring,heat4,2,,,,,3000,heat
12,78.26949906349182,0.8007950885146217,0.6686642687121841,ssspring,heat4,2,,,,,3000,heat
13,84.29269909858704,0.7103371801144316,0.5216655025003549,ssspring,heat4,2,,,,,3000,heat
14,90.31630897521973,0.6168382449527215,0.4135873792089707,ssspring,heat4,2,,,,,3000,heat
15,96.38049840927124,0.5297275256861804,0.3272480643464005,ssspring,heat4,2,,,,,3000,heat
16,102.45409607887268,0.45605373212401745,0.24546307920161736,ssspring,heat4,2,,,,,3000,heat
17,108.52042770385742,0.39809125357915714,0.17332300358924768,ssspring,heat4,2,,,,,3000,heat
18,114.5906970500946,0.35176989165538614,0.1339964314656393,ssspring,heat4,2,,,,,3000,heat
19,120.66025280952454,0.3133970998055107,0.10090126703645179,ssspring,heat4,2,,,,,3000,heat
20,126.7301676273346,0.2743387680812225,0.08031722836370873,ssspring,heat4,2,,,,,3000,heat
21,132.79877090454102,0.23951218551184467,0.0664033604346206,ssspring,heat4,2,,,,,3000,heat
22,138.86672019958496,0.20825256500327785,0.04873721646988926,ssspring,heat4,2,,,,,3000,heat
23,144.93368554115295,0.1801953278863282,0.03497985983343896,ssspring,heat4,2,,,,,3000,heat
24,151.00327324867249,0.15501238852684598,0.027628968502481345,ssspring,heat4,2,,,,,3000,heat
25,157.06975483894348,0.13269335448348452,0.020702944914325113,ssspring,heat4,2,,,,,3000,heat
26,163.13498497009277,0.11338956744961193,0.015656058196864726,ssspring,heat4,2,,,,,3000,heat
27,169.23509216308594,0.09716777682743066,0.011313749857925976,ssspring,heat4,2,,,,,3000,heat
28,175.3477430343628,0.08331663681825564,0.00846647648869353,ssspring,heat4,2,,,,,3000,heat
29,181.46400618553162,0.0713978194455117,0.005974308613522406,ssspring,heat4,2,,,,,3000,heat
30,187.58021116256714,0.06167329348677599,0.00455932206188643,ssspring,heat4,2,,,,,3000,heat
31,193.69486021995544,0.05333921036561837,0.003558174574745616,ssspring,heat4,2,,,,,3000,heat
32,199.80988478660583,0.046277043715775734,0.002578330105041848,ssspring,heat4,2,,,,,3000,heat
33,205.9238407611847,0.04006580172263635,0.002006807053489443,ssspring,heat4,2,,,,,3000,heat
34,212.03881430625916,0.03463964495945964,0.0014351180010156628,ssspring,heat4,2,,,,,3000,heat
35,218.1526117324829,0.029847841469687778,0.0011217714099938413,ssspring,heat4,2,,,,,3000,heat
36,224.26525473594666,0.02578170281356054,0.0007890196911888662,ssspring,heat4,2,,,,,3000,heat
37,230.37776899337769,0.022375028774390696,0.0006016950773969312,ssspring,heat4,2,,,,,3000,heat
38,236.4917595386505,0.019496485886702573,0.00047019797627322925,ssspring,heat4,2,,,,,3000,heat
39,242.60519576072693,0.01690783803303628,0.00036741436914382476,ssspring,heat4,2,,,,,3000,heat
40,248.71982407569885,0.014620562709032463,0.0002736565531464703,ssspring,heat4,2,,,,,3000,heat
42,260.93301367759705,0.01108333257238778,0.00014743650927828426,ssspring,heat4,2,,,,,3000,heat
46,285.3273284435272,0.0062050576241437175,4.745901156669941e-05,ssspring,heat4,2,,,,,3000,heat
50,309.7320911884308,0.003585677547544915,1.5865571403238386e-05,ssspring,heat4,2,,,,,3000,heat
55,340.23147654533386,0.0017373948490892138,4.0057160388999035e-06,ssspring,heat4,2,,,,,3000,heat
61,376.8574788570404,0.0007860064498417992,7.075580953180208e-07,ssspring,heat4,2,,,,,3000,heat
67,413.46817922592163,0.00044498897599609563,2.5029767787021063e-07,ssspring,heat4,2,,,,,3000,heat
73,450.0675194263458,0.00026012856131039686,8.398374893946546e-08,ssspring,heat4,2,,,,,3000,heat
81,498.8512749671936,0.00014710976994018065,2.6949618711225432e-08,ssspring,heat4,2,,,,,3000,heat
89,547.9555406570435,9.110952959065213e-05,1.2761553213562278e-08,ssspring,heat4,2,,,,,3000,heat
98,603.2929100990295,7.79267750884678e-05,9.580384178787336e-09,ssspring,heat4,2,,,,,3000,heat
107,658.6121227741241,3.29364772732557e-05,2.380947315625118e-09,ssspring,heat4,2,,,,,3000,heat
118,726.2444460391998,1.875313270938975e-05,7.216125942542237e-10,ssspring,heat4,2,,,,,3000,heat
130,800.0108029842377,1.8261488142591832e-05,7.336508758039624e-10,ssspring,heat4,2,,,,,3000,heat
143,879.9063608646393,1.0611834413608475e-05,2.2830134460192825e-10,ssspring,heat4,2,,,,,3000,heat
157,965.3440325260162,1.0183162730202273e-05,1.6103210913330378e-10,ssspring,heat4,2,,,,,3000,heat
172,1056.7854900360107,9.320281742147452e-06,1.9593287532203612e-10,ssspring,heat4,2,,,,,3000,heat
190,1167.4102408885956,7.086747345218518e-06,1.3781931456853848e-10,ssspring,heat4,2,,,,,3000,heat
208,1278.0526084899902,6.9781646228773205e-06,2.5519774022415987e-10,ssspring,heat4,2,,,,,3000,heat
229,1406.2802734375,6.789157086034638e-06,8.221019347076837e-11,ssspring,heat4,2,,,,,3000,heat
252,1546.7021822929382,7.705993502891273e-06,1.3128178974594168e-10,ssspring,heat4,2,,,,,3000,heat
277,1700.319560289383,5.635892471667044e-06,8.653285812195276e-11,ssspring,heat4,2,,,,,3000,heat
305,1871.5123040676117,4.830197909537695e-06,6.52467565798094e-11,ssspring,heat4,2,,,,,3000,heat
335,2053.4770500659943,4.829079707579799e-06,7.530975684273852e-11,ssspring,heat4,2,,,,,3000,heat
369,2259.057137966156,4.815226954247562e-06,5.341277066090107e-11,ssspring,heat4,2,,,,,3000,heat
406,2482.7886452674866,3.554045594011921e-06,3.943731654844308e-11,ssspring,heat4,2,,,,,3000,heat
446,2724.799186706543,4.901921243637249e-06,6.648471676447634e-11,ssspring,heat4,2,,,,,3000,heat
491,2996.9449853897095,3.530667097387906e-06,2.6566251655904436e-11,ssspring,heat4,2,,,,,3000,heat
492,3003.009084701538,3.539249680528575e-06,2.531822412783949e-11,ssspring,heat4,2,,,,,3000,heat
0,6.253607749938965,1.9518483238322493,2.857640869636638,ssspring,heat4,3,,,,,3000,heat
1,12.453699827194214,1.7147927353440446,3.178804076800819,ssspring,heat4,3,,,,,3000,heat
2,18.428797245025635,1.6881128733208441,2.251949834251669,ssspring,heat4,3,,,,,3000,heat
3,24.40421175956726,1.5196279316251586,2.2576462776714785,ssspring,heat4,3,,,,,3000,heat
4,30.410486459732056,1.3768890266241187,1.9953593702344001,ssspring,heat4,3,,,,,3000,heat
5,36.43166184425354,1.2990925120982963,1.610533997835599,ssspring,heat4,3,,,,,3000,heat
6,42.44672727584839,1.2219825303819711,1.5720328533913013,ssspring,heat4,3,,,,,3000,heat
7,48.462363481521606,1.1358220760144249,1.388398962678269,ssspring,heat4,3,,,,,3000,heat
8,54.476001501083374,1.046183612155361,1.17728493875765,ssspring,heat4,3,,,,,3000,heat
9,60.492511510849,0.9642125126006014,1.0218942110284868,ssspring,heat4,3,,,,,3000,heat
10,66.50623941421509,0.8783517635076302,0.8292155272851409,ssspring,heat4,3,,,,,3000,heat
11,72.51884865760803,0.7891723435083071,0.7343595023747216,ssspring,heat4,3,,,,,3000,heat
12,78.5314588546753,0.6958819415377939,0.5969877185164321,ssspring,heat4,3,,,,,3000,heat
13,84.58904838562012,0.6051561114840869,0.45525214330995445,ssspring,heat4,3,,,,,3000,heat
14,90.64943218231201,0.5169670811076553,0.3572613143405736,ssspring,heat4,3,,,,,3000,heat
15,96.71496200561523,0.44561387333472935,0.2619925182842285,ssspring,heat4,3,,,,,3000,heat
16,102.77875232696533,0.3776605850813571,0.2024344844490482,ssspring,heat4,3,,,,,3000,heat
17,108.84190583229065,0.317540669284813,0.15376575930594266,ssspring,heat4,3,,,,,3000,heat
18,114.90548205375671,0.2690486583342746,0.1067453344098921,ssspring,heat4,3,,,,,3000,heat
19,120.96974086761475,0.23207809925250444,0.07567276207134141,ssspring,heat4,3,,,,,3000,heat
20,127.07837176322937,0.19901646171457146,0.054862522089389056,ssspring,heat4,3,,,,,3000,heat
21,133.19069695472717,0.1707588938417378,0.041319208541614943,ssspring,heat4,3,,,,,3000,heat
22,139.3008735179901,0.14663573025028082,0.03325936775199945,ssspring,heat4,3,,,,,3000,heat
23,145.41314673423767,0.1254730463131181,0.023501340138156405,ssspring,heat4,3,,,,,3000,heat
24,151.52449417114258,0.10697202160986408,0.018124157600996692,ssspring,heat4,3,,,,,3000,heat
25,157.65886807441711,0.09195288014539481,0.013112717114925895,ssspring,heat4,3,,,,,3000,heat
26,163.81935596466064,0.07814937016884826,0.009584204179294597,ssspring,heat4,3,,,,,3000,heat
27,169.98132014274597,0.06650274640805609,0.0071277724902183886,ssspring,heat4,3,,,,,3000,heat
28,176.1433925628662,0.056553878574531334,0.005179347698304671,ssspring,heat4,3,,,,,3000,heat
29,182.30914092063904,0.048303331160121685,0.004097355766694634,ssspring,heat4,3,,,,,3000,heat
30,188.5048999786377,0.04108346506248832,0.0029362468865225594,ssspring,heat4,3,,,,,3000,heat
31,194.71816992759705,0.03534106817960589,0.0020615790644143957,ssspring,heat4,3,,,,,3000,heat
32,200.96393179893494,0.030552121873523838,0.0016035515956226954,ssspring,heat4,3,,,,,3000,heat
33,207.2072193622589,0.026320721606672405,0.0011889754400330483,ssspring,heat4,3,,,,,3000,heat
34,213.45766043663025,0.02262423149559971,0.0009152708086907582,ssspring,heat4,3,,,,,3000,heat
35,219.7333014011383,0.019650896607841202,0.0006799259912029275,ssspring,heat4,3,,,,,3000,heat
36,226.01461386680603,0.017065686836618278,0.00046719793750929386,ssspring,heat4,3,,,,,3000,heat
37,232.2901966571808,0.014687859669372175,0.0003434191363695431,ssspring,heat4,3,,,,,3000,heat
38,238.59674382209778,0.012751595901926987,0.00027761890737239937,ssspring,heat4,3,,,,,3000,heat
39,244.88704633712769,0.011041738397727638,0.0001977483811885989,ssspring,heat4,3,,,,,3000,heat
40,251.1891734600067,0.009461545428377894,0.000153686408512102,ssspring,heat4,3,,,,,3000,heat
42,263.7939796447754,0.007054877386486933,7.980178139196917e-05,ssspring,heat4,3,,,,,3000,heat
46,288.96082854270935,0.003914822828830526,2.3983891296459598e-05,ssspring,heat4,3,,,,,3000,heat
50,314.135986328125,0.0020826412819437393,6.95585949554858e-06,ssspring,heat4,3,,,,,3000,heat
55,345.581618309021,0.0008795510372385257,1.2769426177548234e-06,ssspring,heat4,3,,,,,3000,heat
61,383.2876965999603,0.00035422734588332,1.9151159214887406e-07,ssspring,heat4,3,,,,,3000,heat
67,420.99427318573,0.00021815431173417222,6.764078899687995e-08,ssspring,heat4,3,,,,,3000,heat
73,458.6481285095215,0.00015580553267184827,2.920829678979896e-08,ssspring,heat4,3,,,,,3000,heat
81,508.84603929519653,0.00011532529726716355,1.4435188635438286e-08,ssspring,heat4,3,,,,,3000,heat
89,558.9989001750946,7.211652592399325e-05,6.450669414880777e-09,ssspring,heat4,3,,,,,3000,heat
98,615.3920016288757,5.751761569026232e-05,6.496223725595479e-09,ssspring,heat4,3,,,,,3000,heat
107,671.7720065116882,4.140900157429042e-05,2.3261855287569915e-09,ssspring,heat4,3,,,,,3000,heat
118,740.64741563797,2.2995211168069287e-05,9.669637468054418e-10,ssspring,heat4,3,,,,,3000,heat
130,815.7850830554962,1.0783303311824231e-05,2.6921058812904705e-10,ssspring,heat4,3,,,,,3000,heat
143,896.7356359958649,1.2343420442287631e-05,2.1817011996170686e-10,ssspring,heat4,3,,,,,3000,heat
157,983.9330990314484,9.170801374369272e-06,2.2730331337701633e-10,ssspring,heat4,3,,,,,3000,heat
172,1077.904022693634,7.572714354232907e-06,1.2617533302438522e-10,ssspring,heat4,3,,,,,3000,heat
190,1189.8568098545074,8.019022489938643e-06,5.270181840971202e-10,ssspring,heat4,3,,,,,3000,heat
208,1302.2998707294464,6.758591609508593e-06,1.0598903584445771e-10,ssspring,heat4,3,,,,,3000,heat
229,1433.064529657364,7.238871442720196e-06,8.170787662997415e-11,ssspring,heat4,3,,,,,3000,heat
252,1576.9416460990906,6.892142140224598e-06,7.778710581645544e-11,ssspring,heat4,3,,,,,3000,heat
277,1733.49920296669,5.949217775331556e-06,7.530782701654714e-11,ssspring,heat4,3,,,,,3000,heat
305,1906.8115923404694,5.021587985101228e-06,7.901526324929617e-11,ssspring,heat4,3,,,,,3000,heat
335,2090.6340425014496,4.444611120495602e-06,4.8715593432402936e-11,ssspring,heat4,3,,,,,3000,heat
369,2297.7717714309692,4.641730675121614e-06,4.985982565918283e-11,ssspring,heat4,3,,,,,3000,heat
406,2523.3400585651398,3.7235938515694967e-06,3.394375480810384e-11,ssspring,heat4,3,,,,,3000,heat
446,2767.10599899292,3.6060650718333204e-06,2.993458354618606e-11,ssspring,heat4,3,,,,,3000,heat
485,3004.8130288124084,3.086753081732861e-06,1.7766583802677505e-11,ssspring,heat4,3,,,,,3000,heat
0,8.275496244430542,31.928983823926735,1098.7978572872114,ssspring,lfp9,1,,,,,6000,log-fokker-planck-isotropic
1,16.53774905204773,27.119436927194325,854.8653143087913,ssspring,lfp9,1,,,,,6000,log-fokker-planck-isotropic
2,24.59983730316162,21.154131905405002,665.1335974732041,ssspring,lfp9,1,,,,,6000,log-fokker-planck-isotropic
3,32.69545221328735,16.07484426698972,470.4551383981393,ssspring,lfp9,1,,,,,6000,log-fokker-planck-isotropic
4,40.78493356704712,12.651684544504498,332.24689940535444,ssspring,lfp9,1,,,,,6000,log-fokker-planck-isotropic
5,48.87608766555786,10.159559926636463,262.7658357288581,ssspring,lfp9,1,,,,,6000,log-fokker-planck-isotropic
6,56.97095441818237,8.349937700899922,189.15078766336896,ssspring,lfp9,1,,,,,6000,log-fokker-planck-isotropic
7,65.06681752204895,6.882676461681103,151.69214831481534,ssspring,lfp9,1,,,,,6000,log-fokker-planck-isotropic
8,73.21479344367981,5.65208784794515,113.92862780113774,ssspring,lfp9,1,,,,,6000,log-fokker-planck-isotropic
9,81.3800311088562,4.682515220688751,86.36043751877558,ssspring,lfp9,1,,,,,6000,log-fokker-planck-isotropic
10,89.53687024116516,3.9652130244764057,65.91310208953779,ssspring,lfp9,1,,,,,6000,log-fokker-planck-isotropic
11,97.69657611846924,3.439723231690959,56.27441314359179,ssspring,lfp9,1,,,,,6000,log-fokker-planck-isotropic
12,105.85166931152344,3.037238819241204,45.53261288968274,ssspring,lfp9,1,,,,,6000,log-fokker-planck-isotropic
13,114.00923824310303,2.737304655005006,38.37126704243306,ssspring,lfp9,1,,,,,6000,log-fokker-planck-isotropic
14,122.16570448875427,2.524381079859999,35.24150548059614,ssspring,lfp9,1,,,,,6000,log-fokker-planck-isotropic
15,130.3209719657898,2.368430992671559,27.29061968880707,ssspring,lfp9,1,,,,,6000,log-fokker-planck-isotropic
16,138.47547721862793,2.240362646196911,24.861349590042714,ssspring,lfp9,1,,,,,6000,log-fokker-planck-isotropic
17,146.63174200057983,2.1030998988237513,25.742847914233288,ssspring,lfp9,1,,,,,6000,log-fokker-planck-isotropic
18,154.79045295715332,2.012111566074842,24.136184956139317,ssspring,lfp9,1,,,,,6000,log-fokker-planck-isotropic
19,162.94614434242249,1.9096555479638202,20.11709613597582,ssspring,lfp9,1,,,,,6000,log-fokker-planck-isotropic
20,171.1024534702301,1.7809220905597132,18.868855332363964,ssspring,lfp9,1,,,,,6000,log-fokker-planck-isotropic
21,179.2595283985138,1.666933530586236,17.320550849718014,ssspring,lfp9,1,,,,,6000,log-fokker-planck-isotropic
22,187.41757035255432,1.5634870578237219,15.690751179115475,ssspring,lfp9,1,,,,,6000,log-fokker-planck-isotropic
23,195.57203197479248,1.4654259737383883,19.146255572665098,ssspring,lfp9,1,,,,,6000,log-fokker-planck-isotropic
24,203.72596859931946,1.3737333044961981,13.93659783095932,ssspring,lfp9,1,,,,,6000,log-fokker-planck-isotropic
25,211.8857340812683,1.288429179200752,13.115027209316622,ssspring,lfp9,1,,,,,6000,log-fokker-planck-isotropic
26,220.04289770126343,1.2039153898189294,10.973919450566957,ssspring,lfp9,1,,,,,6000,log-fokker-planck-isotropic
27,228.2007029056549,1.1314177913502919,12.327263526408665,ssspring,lfp9,1,,,,,6000,log-fokker-planck-isotropic
28,236.35833263397217,1.0539755765735819,10.188727898715413,ssspring,lfp9,1,,,,,6000,log-fokker-planck-isotropic
29,244.51549315452576,0.976857478441576,7.957082812826137,ssspring,lfp9,1,,,,,6000,log-fokker-planck-isotropic
30,252.67501831054688,0.9340616690792514,7.530506651431768,ssspring,lfp9,1,,,,,6000,log-fokker-planck-isotropic
31,260.83248019218445,0.8782338097217958,7.4845595689039826,ssspring,lfp9,1,,,,,6000,log-fokker-planck-isotropic
32,268.98851323127747,0.8143939663550993,6.552174738622247,ssspring,lfp9,1,,,,,6000,log-fokker-planck-isotropic
33,277.1449246406555,0.7520896840840723,8.254650790925893,ssspring,lfp9,1,,,,,6000,log-fokker-planck-isotropic
34,285.2988820075989,0.7105813070866853,4.817520865642325,ssspring,lfp9,1,,,,,6000,log-fokker-planck-isotropic
35,293.45487809181213,0.6728301739279297,4.545516918761747,ssspring,lfp9,1,,,,,6000,log-fokker-planck-isotropic
36,301.6112959384918,0.6438337977384199,4.417622359653073,ssspring,lfp9,1,,,,,6000,log-fokker-planck-isotropic
37,309.76617789268494,0.60711228845432,4.533304889470206,ssspring,lfp9,1,,,,,6000,log-fokker-planck-isotropic
38,317.92356061935425,0.5762396471855198,3.070263981217336,ssspring,lfp9,1,,,,,6000,log-fokker-planck-isotropic
39,326.07923316955566,0.5468851993044973,2.5375120206570734,ssspring,lfp9,1,,,,,6000,log-fokker-planck-isotropic
40,334.23954153060913,0.5199788696755413,2.0071174832741154,ssspring,lfp9,1,,,,,6000,log-fokker-planck-isotropic
42,350.5292778015137,0.4814179994372527,1.6803901725026342,ssspring,lfp9,1,,,,,6000,log-fokker-planck-isotropic
46,383.0972909927368,0.44436787941032924,1.0881278336358866,ssspring,lfp9,1,,,,,6000,log-fokker-planck-isotropic
50,415.66864037513733,0.3913648590180955,0.7662576370026668,ssspring,lfp9,1,,,,,6000,log-fokker-planck-isotropic
55,456.3738582134247,0.34473688121683244,0.32448857290112304,ssspring,lfp9,1,,,,,6000,log-fokker-planck-isotropic
61,505.22758412361145,0.32442936131094574,0.14608910112281115,ssspring,lfp9,1,,,,,6000,log-fokker-planck-isotropic
67,554.0683181285858,0.2679349171769146,0.11417909602582223,ssspring,lfp9,1,,,,,6000,log-fokker-planck-isotropic
73,602.9049136638641,0.24122042156566492,0.07011702268246686,ssspring,lfp9,1,,,,,6000,log-fokker-planck-isotropic
81,668.0178678035736,0.21871098272355222,0.05830078615231084,ssspring,lfp9,1,,,,,6000,log-fokker-planck-isotropic
89,733.125342130661,0.20009076095885672,0.05396498341146844,ssspring,lfp9,1,,,,,6000,log-fokker-planck-isotropic
98,806.3717067241669,0.17778669419371446,0.037270930933990365,ssspring,lfp9,1,,,,,6000,log-fokker-planck-isotropic
107,879.6132075786591,0.1237280918961655,0.024133038899402003,ssspring,lfp9,1,,,,,6000,log-fokker-planck-isotropic
118,969.1182744503021,0.06868653552517835,0.00501376593307429,ssspring,lfp9,1,,,,,6000,log-fokker-planck-isotropic
130,1066.8194901943207,0.04036861007636109,0.0018637640819302215,ssspring,lfp9,1,,,,,6000,log-fokker-planck-isotropic
143,1172.616261959076,0.027116629668191956,0.0008914995687986514,ssspring,lfp9,1,,,,,6000,log-fokker-planck-isotropic
157,1286.539205789566,0.017639234541849447,0.0006157654139984285,ssspring,lfp9,1,,,,,6000,log-fokker-planck-isotropic
172,1408.6018288135529,0.011076754454419763,0.00020683350234661425,ssspring,lfp9,1,,,,,6000,log-fokker-planck-isotropic
190,1555.076648235321,0.0076799954791285565,0.00012089880774541098,ssspring,lfp9,1,,,,,6000,log-fokker-planck-isotropic
208,1701.529479265213,0.006163535880755943,6.296425434208902e-05,ssspring,lfp9,1,,,,,6000,log-fokker-planck-isotropic
229,1872.410816192627,0.00524217569883734,7.166542962368739e-05,ssspring,lfp9,1,,,,,6000,log-fokker-planck-isotropic
252,2059.548721551895,0.004635021940119709,6.204809350124627e-05,ssspring,lfp9,1,,,,,6000,log-fokker-planck-isotropic
277,2263.0049505233765,0.004481521761347507,4.5213549410783614e-05,ssspring,lfp9,1,,,,,6000,log-fokker-planck-isotropic
305,2490.829832792282,0.003738201759317645,0.0008961962846879396,ssspring,lfp9,1,,,,,6000,log-fokker-planck-isotropic
335,2734.914345264435,0.004148620395505041,3.955084018659132e-05,ssspring,lfp9,1,,,,,6000,log-fokker-planck-isotropic
369,3011.5401060581207,0.003336108669362225,2.280853216262152e-05,ssspring,lfp9,1,,,,,6000,log-fokker-planck-isotropic
406,3312.5946819782257,0.0034716223345124552,1.4057295141811094e-05,ssspring,lfp9,1,,,,,6000,log-fokker-planck-isotropic
446,3638.027188539505,0.003470963195163046,2.2189651619861748e-05,ssspring,lfp9,1,,,,,6000,log-fokker-planck-isotropic
491,4004.505989074707,0.002752342021937192,1.993041052260742e-05,ssspring,lfp9,1,,,,,6000,log-fokker-planck-isotropic
540,4403.60665845871,0.002095500603964893,1.092302529007052e-05,ssspring,lfp9,1,,,,,6000,log-fokker-planck-isotropic
594,4845.825818061829,0.0019186915964068206,9.433175100673836e-06,ssspring,lfp9,1,,,,,6000,log-fokker-planck-isotropic
653,5328.023355722427,0.001586439953597085,3.130835643618186e-05,ssspring,lfp9,1,,,,,6000,log-fokker-planck-isotropic
718,5857.905309438705,0.0016592752063766486,6.147315946324381e-06,ssspring,lfp9,1,,,,,6000,log-fokker-planck-isotropic
736,6004.462371110916,0.0015538082980637226,8.870964838464122e-06,ssspring,lfp9,1,,,,,6000,log-fokker-planck-isotropic
0,8.728877067565918,32.329393737904766,1092.522107524148,ssspring,lfp9,2,,,,,6000,log-fokker-planck-isotropic
1,17.607988834381104,28.117812579314577,851.2989747309135,ssspring,lfp9,2,,,,,6000,log-fokker-planck-isotropic
2,25.662065982818604,22.40903534723743,724.7978732847838,ssspring,lfp9,2,,,,,6000,log-fokker-planck-isotropic
3,33.693047761917114,17.932780340225698,533.7782192301918,ssspring,lfp9,2,,,,,6000,log-fokker-planck-isotropic
4,41.755338191986084,14.141201480862145,385.76397366838773,ssspring,lfp9,2,,,,,6000,log-fokker-planck-isotropic
5,49.82951283454895,11.124408791260297,287.47983375863726,ssspring,lfp9,2,,,,,6000,log-fokker-planck-isotropic
6,57.9225218296051,8.979076571082967,212.70122511627457,ssspring,lfp9,2,,,,,6000,log-fokker-planck-isotropic
7,66.01629161834717,7.329091790910646,162.64452375717528,ssspring,lfp9,2,,,,,6000,log-fokker-planck-isotropic
8,74.14331483840942,6.117970770727164,129.18531286920626,ssspring,lfp9,2,,,,,6000,log-fokker-planck-isotropic
9,82.23375463485718,5.1263003825883,114.34918444014431,ssspring,lfp9,2,,,,,6000,log-fokker-planck-isotropic
10,90.36598753929138,4.431858820791178,96.28891577074774,ssspring,lfp9,2,,,,,6000,log-fokker-planck-isotropic
11,98.4618833065033,3.9263150489852237,87.64598099571096,ssspring,lfp9,2,,,,,6000,log-fokker-planck-isotropic
12,106.55720329284668,3.572092975072921,87.86935665787577,ssspring,lfp9,2,,,,,6000,log-fokker-planck-isotropic
13,114.66230511665344,3.297945704146244,87.96480655581834,ssspring,lfp9,2,,,,,6000,log-fokker-planck-isotropic
14,122.75762486457825,3.122076938700122,89.45917006517503,ssspring,lfp9,2,,,,,6000,log-fokker-planck-isotropic
15,130.8494794368744,2.9884668598531867,89.9225057705394,ssspring,lfp9,2,,,,,6000,log-fokker-planck-isotropic
16,138.94165587425232,2.8984254690470883,90.5576647886659,ssspring,lfp9,2,,,,,6000,log-fokker-planck-isotropic
17,147.03211379051208,2.782891802074164,102.31051168695593,ssspring,lfp9,2,,,,,6000,log-fokker-planck-isotropic
18,155.1241796016693,2.7220752722104624,95.77904706301382,ssspring,lfp9,2,,,,,6000,log-fokker-planck-isotropic
19,163.21174097061157,2.6352764963422173,97.04288049317697,ssspring,lfp9,2,,,,,6000,log-fokker-planck-isotropic
20,171.31283926963806,2.5986201232576245,99.43577141151391,ssspring,lfp9,2,,,,,6000,log-fokker-planck-isotropic
21,179.41332340240479,2.5199348220314794,96.7206761729137,ssspring,lfp9,2,,,,,6000,log-fokker-planck-isotropic
22,187.50481867790222,2.4717766182217633,89.15892843018774,ssspring,lfp9,2,,,,,6000,log-fokker-planck-isotropic
23,195.59440994262695,2.423689266368519,113.56680624473381,ssspring,lfp9,2,,,,,6000,log-fokker-planck-isotropic
24,203.6828591823578,2.4070879048593987,91.00702617798272,ssspring,lfp9,2,,,,,6000,log-fokker-planck-isotropic
25,211.77405667304993,2.3881275809266294,90.70538937456533,ssspring,lfp9,2,,,,,6000,log-fokker-planck-isotropic
26,219.86176681518555,2.3666542692298913,78.16583903920444,ssspring,lfp9,2,,,,,6000,log-fokker-planck-isotropic
27,227.9537365436554,2.3426618155472982,80.47693525957449,ssspring,lfp9,2,,,,,6000,log-fokker-planck-isotropic
28,236.0931432247162,2.326578267793963,70.4863122092797,ssspring,lfp9,2,,,,,6000,log-fokker-planck-isotropic
29,244.2337930202484,2.3031776323270807,69.78253246810168,ssspring,lfp9,2,,,,,6000,log-fokker-planck-isotropic
30,252.33025455474854,2.2514877087665996,64.46082154779644,ssspring,lfp9,2,,,,,6000,log-fokker-planck-isotropic
31,260.4335286617279,2.221932304726453,65.91939511608021,ssspring,lfp9,2,,,,,6000,log-fokker-planck-isotropic
32,268.5404489040375,2.201814140177148,67.53784875287974,ssspring,lfp9,2,,,,,6000,log-fokker-planck-isotropic
33,276.6311180591583,2.1589426988990974,48.672281467249306,ssspring,lfp9,2,,,,,6000,log-fokker-planck-isotropic
34,284.72355222702026,2.102640661210723,48.485481681167904,ssspring,lfp9,2,,,,,6000,log-fokker-planck-isotropic
35,292.81983065605164,2.0911629074499425,44.036202760337645,ssspring,lfp9,2,,,,,6000,log-fokker-planck-isotropic
36,300.9082033634186,2.051772367677758,40.458602406874725,ssspring,lfp9,2,,,,,6000,log-fokker-planck-isotropic
37,309.00728726387024,2.021960213491896,36.42269555097171,ssspring,lfp9,2,,,,,6000,log-fokker-planck-isotropic
38,317.1328549385071,1.9812685698941124,35.42605807151636,ssspring,lfp9,2,,,,,6000,log-fokker-planck-isotropic
39,325.22302412986755,1.9349216737411052,34.395669986060966,ssspring,lfp9,2,,,,,6000,log-fokker-planck-isotropic
40,333.31625962257385,1.9111323514749585,29.19043952135197,ssspring,lfp9,2,,,,,6000,log-fokker-planck-isotropic
42,349.48230600357056,1.8110623497716358,24.63308813250099,ssspring,lfp9,2,,,,,6000,log-fokker-planck-isotropic
46,381.78130078315735,1.6594252185113652,20.078580697278735,ssspring,lfp9,2,,,,,6000,log-fokker-planck-isotropic
50,414.09406995773315,1.4985335836658134,14.609131273766845,ssspring,lfp9,2,,,,,6000,log-fokker-planck-isotropic
55,454.46696615219116,1.2313684550739001,8.050571268586934,ssspring,lfp9,2,,,,,6000,log-fokker-planck-isotropic
61,503.00393295288086,0.9815819048488597,3.9088918031757798,ssspring,lfp9,2,,,,,6000,log-fokker-planck-isotropic
67,551.4543220996857,0.8203322277015704,2.1106669517435996,ssspring,lfp9,2,,,,,6000,log-fokker-planck-isotropic
73,599.9416651725769,0.6849167665668034,1.1625647756586384,ssspring,lfp9,2,,,,,6000,log-fokker-planck-isotropic
81,664.5240132808685,0.6135879258114489,0.7113927807691633,ssspring,lfp9,2,,,,,6000,log-fokker-planck-isotropic
89,729.1181347370148,0.5465575117798803,0.4211593614900462,ssspring,lfp9,2,,,,,6000,log-fokker-planck-isotropic
98,802.2656695842743,0.42078046448036327,0.22635357628681496,ssspring,lfp9,2,,,,,6000,log-fokker-planck-isotropic
107,877.6237483024597,0.2674701482211786,0.09794794823610638,ssspring,lfp9,2,,,,,6000,log-fokker-planck-isotropic
118,966.4650738239288,0.13839549465837367,0.0387151820537753,ssspring,lfp9,2,,,,,6000,log-fokker-planck-isotropic
130,1063.3670015335083,0.08631808736158426,0.02304718008656602,ssspring,lfp9,2,,,,,6000,log-fokker-planck-isotropic
143,1168.3945105075836,0.053491121779053644,0.009148047141183752,ssspring,lfp9,2,,,,,6000,log-fokker-planck-isotropic
157,1281.405259847641,0.038329004815751716,0.00443880359513434,ssspring,lfp9,2,,,,,6000,log-fokker-planck-isotropic
172,1402.5008549690247,0.030975961471440067,0.0024850759482651676,ssspring,lfp9,2,,,,,6000,log-fokker-planck-isotropic
190,1547.878756761551,0.022406174736537048,0.0012584646318227499,ssspring,lfp9,2,,,,,6000,log-fokker-planck-isotropic
208,1693.3511662483215,0.014647864514341696,0.0009868851973109357,ssspring,lfp9,2,,,,,6000,log-fokker-planck-isotropic
229,1863.0028913021088,0.011322252290615781,0.0017925972617643337,ssspring,lfp9,2,,,,,6000,log-fokker-planck-isotropic
252,2048.6813583374023,0.007752584753414772,0.0006818992085441458,ssspring,lfp9,2,,,,,6000,log-fokker-planck-isotropic
277,2250.6835803985596,0.006826986551276057,0.00020130604105639903,ssspring,lfp9,2,,,,,6000,log-fokker-planck-isotropic
305,2476.9844188690186,0.005757314046703658,0.00017670168037363121,ssspring,lfp9,2,,,,,6000,log-fokker-planck-isotropic
335,2719.2124733924866,0.004694021311657607,0.00011236280947467055,ssspring,lfp9,2,,,,,6000,log-fokker-planck-isotropic
369,2993.851142644882,0.00347791843668728,5.932786377837039e-05,ssspring,lfp9,2,,,,,6000,log-fokker-planck-isotropic
406,3292.599395751953,0.003199148025756738,7.436351697627026e-05,ssspring,lfp9,2,,,,,6000,log-fokker-planck-isotropic
446,3615.574998140335,0.002599969955110668,7.61460900529615e-05,ssspring,lfp9,2,,,,,6000,log-fokker-planck-isotropic
491,3978.917251586914,0.002637542388573429,2.3776404326723175e-05,ssspring,lfp9,2,,,,,6000,log-fokker-planck-isotropic
540,4374.637469530106,0.0024064719223639334,1.0663812584062955e-05,ssspring,lfp9,2,,,,,6000,log-fokker-planck-isotropic
594,4810.541134119034,0.0020665196890744825,6.618583825887293e-06,ssspring,lfp9,2,,,,,6000,log-fokker-planck-isotropic
653,5287.144685745239,0.001583102311711598,7.408425391363611e-06,ssspring,lfp9,2,,,,,6000,log-fokker-planck-isotropic
718,5811.8374173641205,0.0013628241055905518,5.634897843102712e-06,ssspring,lfp9,2,,,,,6000,log-fokker-planck-isotropic
742,6005.6723465919495,0.001563180826086312,4.3696803212429095e-06,ssspring,lfp9,2,,,,,6000,log-fokker-planck-isotropic
0,8.301578283309937,32.690799788838376,1116.9843632313004,ssspring,lfp9,3,,,,,6000,log-fokker-planck-isotropic
1,16.515216588974,26.347839655646077,854.3945143238832,ssspring,lfp9,3,,,,,6000,log-fokker-planck-isotropic
2,24.496548652648926,20.506345019908768,648.1565539324206,ssspring,lfp9,3,,,,,6000,log-fokker-planck-isotropic
3,32.52496910095215,16.505539603943447,450.07896922865973,ssspring,lfp9,3,,,,,6000,log-fokker-planck-isotropic
4,40.55192947387695,13.44519849007594,348.5352624090309,ssspring,lfp9,3,,,,,6000,log-fokker-planck-isotropic
5,48.57880640029907,10.609923441965124,276.5902645976713,ssspring,lfp9,3,,,,,6000,log-fokker-planck-isotropic
6,56.6027626991272,8.60213646746541,192.73869786137578,ssspring,lfp9,3,,,,,6000,log-fokker-planck-isotropic
7,64.62609934806824,6.858486444553675,153.97118839269257,ssspring,lfp9,3,,,,,6000,log-fokker-planck-isotropic
8,72.69690608978271,5.5465507625546975,114.32091843097706,ssspring,lfp9,3,,,,,6000,log-fokker-planck-isotropic
9,80.78654980659485,4.5975212545851,89.72191244385364,ssspring,lfp9,3,,,,,6000,log-fokker-planck-isotropic
10,88.88036060333252,3.94783351478497,72.045126183559,ssspring,lfp9,3,,,,,6000,log-fokker-planck-isotropic
11,96.97184538841248,3.45868099386588,62.05321629218086,ssspring,lfp9,3,,,,,6000,log-fokker-planck-isotropic
12,105.06052803993225,3.1011658278669816,59.354425990923815,ssspring,lfp9,3,,,,,6000,log-fokker-planck-isotropic
13,113.14947867393494,2.835364917080486,53.073029584760086,ssspring,lfp9,3,,,,,6000,log-fokker-planck-isotropic
14,121.24149584770203,2.657030061616971,51.71785366709442,ssspring,lfp9,3,,,,,6000,log-fokker-planck-isotropic
15,129.33315253257751,2.514314620639486,51.83780097994844,ssspring,lfp9,3,,,,,6000,log-fokker-planck-isotropic
16,137.4222366809845,2.3822498967820858,44.68402957262447,ssspring,lfp9,3,,,,,6000,log-fokker-planck-isotropic
17,145.51370358467102,2.2913848479673553,52.692933761987604,ssspring,lfp9,3,,,,,6000,log-fokker-planck-isotropic
18,153.60806560516357,2.2174835189517794,40.86841091115524,ssspring,lfp9,3,,,,,6000,log-fokker-planck-isotropic
19,161.6961851119995,2.1587856212214755,63.1933709395181,ssspring,lfp9,3,,,,,6000,log-fokker-planck-isotropic
20,169.7857117652893,2.0477978464470246,41.41971625137459,ssspring,lfp9,3,,,,,6000,log-fokker-planck-isotropic
21,177.87435293197632,1.943122154994847,58.17784385408316,ssspring,lfp9,3,,,,,6000,log-fokker-planck-isotropic
22,185.96001029014587,1.8409474178834004,33.92794717294117,ssspring,lfp9,3,,,,,6000,log-fokker-planck-isotropic
23,194.04708003997803,1.7578370073550371,32.38809518140293,ssspring,lfp9,3,,,,,6000,log-fokker-planck-isotropic
24,202.13431119918823,1.6814163524309844,31.855616428620895,ssspring,lfp9,3,,,,,6000,log-fokker-planck-isotropic
25,210.22019934654236,1.5794601992657236,33.121005982295884,ssspring,lfp9,3,,,,,6000,log-fokker-planck-isotropic
26,218.30794525146484,1.4816624904877742,34.43534317674901,ssspring,lfp9,3,,,,,6000,log-fokker-planck-isotropic
27,226.39677906036377,1.3782221454445807,37.70335505961301,ssspring,lfp9,3,,,,,6000,log-fokker-planck-isotropic
28,234.48421955108643,1.2664034012305438,17.858583234905836,ssspring,lfp9,3,,,,,6000,log-fokker-planck-isotropic
29,242.5704734325409,1.182010497629043,20.49039941167248,ssspring,lfp9,3,,,,,6000,log-fokker-planck-isotropic
30,250.65745043754578,1.1008677020635134,44.63844582649994,ssspring,lfp9,3,,,,,6000,log-fokker-planck-isotropic
31,258.74269700050354,1.0234620425630985,21.22575496602358,ssspring,lfp9,3,,,,,6000,log-fokker-planck-isotropic
32,266.828528881073,0.945395217886729,19.96810456493125,ssspring,lfp9,3,,,,,6000,log-fokker-planck-isotropic
33,274.9140729904175,0.8814115000983204,25.110004364093214,ssspring,lfp9,3,,,,,6000,log-fokker-planck-isotropic
34,282.9998598098755,0.8199319773443517,16.949365965330575,ssspring,lfp9,3,,,,,6000,log-fokker-planck-isotropic
35,291.0847647190094,0.7686541760989666,12.052992487543206,ssspring,lfp9,3,,,,,6000,log-fokker-planck-isotropic
36,299.17023062705994,0.7179825936920907,14.727686809706602,ssspring,lfp9,3,,,,,6000,log-fokker-planck-isotropic
37,307.25759530067444,0.6806296367333734,26.80589427296341,ssspring,lfp9,3,,,,,6000,log-fokker-planck-isotropic
38,315.34225153923035,0.6432019424968215,14.682150972907984,ssspring,lfp9,3,,,,,6000,log-fokker-planck-isotropic
39,323.4274456501007,0.6052191041714479,7.441468400192515,ssspring,lfp9,3,,,,,6000,log-fokker-planck-isotropic
40,331.514967918396,0.5745174669823336,17.14425918895019,ssspring,lfp9,3,,,,,6000,log-fokker-planck-isotropic
42,347.66636872291565,0.5142007946744865,5.423113426375397,ssspring,lfp9,3,,,,,6000,log-fokker-planck-isotropic
46,379.9519636631012,0.40274098211421516,4.775198157441539,ssspring,lfp9,3,,,,,6000,log-fokker-planck-isotropic
50,412.2349214553833,0.35936632366628507,1.6320040784582746,ssspring,lfp9,3,,,,,6000,log-fokker-planck-isotropic
55,452.58644580841064,0.38853361739252973,1.286082531112823,ssspring,lfp9,3,,,,,6000,log-fokker-planck-isotropic
61,501.0179228782654,0.4445397176941707,0.5014970776144425,ssspring,lfp9,3,,,,,6000,log-fokker-planck-isotropic
67,549.4369552135468,0.40268183389465884,0.31921117230956564,ssspring,lfp9,3,,,,,6000,log-fokker-planck-isotropic
73,597.8520655632019,0.35927072794626475,0.26656456024840314,ssspring,lfp9,3,,,,,6000,log-fokker-planck-isotropic
81,662.3912358283997,0.32202137653761603,0.20216065557682433,ssspring,lfp9,3,,,,,6000,log-fokker-planck-isotropic
89,726.9379513263702,0.27369773127387076,0.10460842249373137,ssspring,lfp9,3,,,,,6000,log-fokker-planck-isotropic
98,799.5470538139343,0.2257173809243351,0.07650971334299524,ssspring,lfp9,3,,,,,6000,log-fokker-planck-isotropic
107,872.155312538147,0.12855891686954207,0.028023191310866627,ssspring,lfp9,3,,,,,6000,log-fokker-planck-isotropic
118,960.8961477279663,0.06311336202836193,0.00985831336671635,ssspring,lfp9,3,,,,,6000,log-fokker-planck-isotropic
130,1057.6989815235138,0.035126571269455245,0.0033329615980642333,ssspring,lfp9,3,,,,,6000,log-fokker-planck-isotropic
143,1162.571620941162,0.024536772922225145,0.0015442882629119322,ssspring,lfp9,3,,,,,6000,log-fokker-planck-isotropic
157,1275.5114679336548,0.016569423399939352,0.0011477996932342104,ssspring,lfp9,3,,,,,6000,log-fokker-planck-isotropic
172,1396.5215742588043,0.011246704316918587,0.0004096911376567122,ssspring,lfp9,3,,,,,6000,log-fokker-planck-isotropic
190,1541.7286667823792,0.009012576854361777,0.0002512176614424712,ssspring,lfp9,3,,,,,6000,log-fokker-planck-isotropic
208,1686.9328536987305,0.006735358783454856,0.0002498992993187684,ssspring,lfp9,3,,,,,6000,log-fokker-planck-isotropic
229,1856.3356807231903,0.005613471084485092,0.00010770084717814723,ssspring,lfp9,3,,,,,6000,log-fokker-planck-isotropic
252,2041.865608215332,0.004917713371282371,0.0001903771934419186,ssspring,lfp9,3,,,,,6000,log-fokker-planck-isotropic
277,2243.5337011814117,0.004205700226929062,6.658204353826103e-05,ssspring,lfp9,3,,,,,6000,log-fokker-planck-isotropic
305,2469.402014732361,0.0031624569935993735,4.682527354990454e-05,ssspring,lfp9,3,,,,,6000,log-fokker-planck-isotropic
335,2711.3907203674316,0.0028632778600745424,3.652912657151625e-05,ssspring,lfp9,3,,,,,6000,log-fokker-planck-isotropic
369,2985.6360256671906,0.0033279761892024513,3.1525452886616197e-05,ssspring,lfp9,3,,,,,6000,log-fokker-planck-isotropic
406,3284.0928387641907,0.003228544872556975,0.002716471283035004,ssspring,lfp9,3,,,,,6000,log-fokker-planck-isotropic
446,3606.75412607193,0.0032121549219466285,0.0006369284995974126,ssspring,lfp9,3,,,,,6000,log-fokker-planck-isotropic
491,3969.7446269989014,0.002914575267734214,3.1921960934142196e-05,ssspring,lfp9,3,,,,,6000,log-fokker-planck-isotropic
540,4365.131137609482,0.0022316784847307342,1.3258317436080735e-05,ssspring,lfp9,3,,,,,6000,log-fokker-planck-isotropic
594,4800.586708545685,0.0016130382843593566,3.055258810278361e-05,ssspring,lfp9,3,,,,,6000,log-fokker-planck-isotropic
653,5276.514662742615,0.0013955740459928236,1.8965997463516066e-05,ssspring,lfp9,3,,,,,6000,log-fokker-planck-isotropic
718,5800.917850255966,0.0013589457685770218,5.815643658495067e-06,ssspring,lfp9,3,,,,,6000,log-fokker-planck-isotropic
743,6003.422302484512,0.0012781944541585507,4.314096622398832e-06,ssspring,lfp9,3,,,,,6000,log-fokker-planck-isotropic
0,1.0719599723815918,0.9697368169583642,18.53201559537537,ssspring,p100,1,,,,,10000,poisson
1,2.192643642425537,0.9655879546250851,18.39567401259276,ssspring,p100,1,,,,,10000,poisson
2,3.2769131660461426,0.9616552125668741,18.21446236848473,ssspring,p100,1,,,,,10000,poisson
3,4.357903957366943,0.9574836302070615,18.08371903868087,ssspring,p100,1,,,,,10000,poisson
4,5.439198970794678,0.9538826600381387,17.896016023067475,ssspring,p100,1,,,,,10000,poisson
5,6.5217814445495605,0.9496177079043839,17.80678743420056,ssspring,p100,1,,,,,10000,poisson
6,7.6030495166778564,0.9458048149431165,17.636420827711415,ssspring,p100,1,,,,,10000,poisson
7,8.683400630950928,0.9426353950731265,17.467076808080304,ssspring,p100,1,,,,,10000,poisson
8,9.763929843902588,0.9389738589178371,17.3473406592913,ssspring,p100,1,,,,,10000,poisson
9,10.848249673843384,0.9355842151179995,17.205604713188187,ssspring,p100,1,,,,,10000,poisson
10,11.94687819480896,0.9322074686013163,17.074974997050386,ssspring,p100,1,,,,,10000,poisson
11,13.03208589553833,0.9289711847853619,16.915889059475507,ssspring,p100,1,,,,,10000,poisson
12,14.116771936416626,0.9258578683696206,16.783543069548426,ssspring,p100,1,,,,,10000,poisson
13,15.19993257522583,0.9226798016469753,16.645623380456414,ssspring,p100,1,,,,,10000,poisson
14,16.281272172927856,0.9194650639172207,16.538639437541903,ssspring,p100,1,,,,,10000,poisson
15,17.363452434539795,0.9161299439032895,16.406378418425227,ssspring,p100,1,,,,,10000,poisson
16,18.447213411331177,0.9126743159587223,16.29281086466223,ssspring,p100,1,,,,,10000,poisson
17,19.5298330783844,0.9094446503917957,16.15159640799459,ssspring,p100,1,,,,,10000,poisson
18,20.613147497177124,0.9065885925880882,15.997733049217352,ssspring,p100,1,,,,,10000,poisson
19,21.69614887237549,0.9031262959638892,15.917963118355049,ssspring,p100,1,,,,,10000,poisson
20,22.779064893722534,0.8998545478891259,15.790559601411886,ssspring,p100,1,,,,,10000,poisson
21,23.86118721961975,0.8964083731990214,15.664342817168379,ssspring,p100,1,,,,,10000,poisson
22,24.94390344619751,0.8931747134768094,15.553465924514503,ssspring,p100,1,,,,,10000,poisson
23,26.026634693145752,0.8899766677723993,15.41596139560075,ssspring,p100,1,,,,,10000,poisson
24,27.109931468963623,0.8864282409165437,15.312330716389532,ssspring,p100,1,,,,,10000,poisson
25,28.19641351699829,0.8831368770189969,15.181276748565333,ssspring,p100,1,,,,,10000,poisson
26,29.287756204605103,0.8798890746590946,15.055909174417057,ssspring,p100,1,,,,,10000,poisson
27,30.37907600402832,0.8767796359001563,14.922729254486889,ssspring,p100,1,,,,,10000,poisson
28,31.4692599773407,0.8735966153893442,14.791648109495958,ssspring,p100,1,,,,,10000,poisson
29,32.55990505218506,0.8705138553146589,14.671872057129761,ssspring,p100,1,,,,,10000,poisson
30,33.65058660507202,0.8673617117490984,14.546339648685008,ssspring,p100,1,,,,,10000,poisson
31,34.7412223815918,0.8642132881120311,14.402781593893247,ssspring,p100,1,,,,,10000,poisson
32,35.83040523529053,0.8604491115252084,14.373731933730086,ssspring,p100,1,,,,,10000,poisson
33,36.92083144187927,0.8568747382731566,14.21621615098668,ssspring,p100,1,,,,,10000,poisson
34,38.01080346107483,0.853295646358954,14.144595808827802,ssspring,p100,1,,,,,10000,poisson
35,39.10050964355469,0.8498103850052887,13.966140471594784,ssspring,p100,1,,,,,10000,poisson
36,40.189533948898315,0.8462398491350958,13.842160981255239,ssspring,p100,1,,,,,10000,poisson
37,41.27880668640137,0.8428696611380389,13.703628544590417,ssspring,p100,1,,,,,10000,poisson
38,42.3684618473053,0.8392956855403831,13.618036388215508,ssspring,p100,1,,,,,10000,poisson
39,43.45737099647522,0.8357120933216318,13.467207916973454,ssspring,p100,1,,,,,10000,poisson
40,44.54670786857605,0.8319546250979122,13.365308229483306,ssspring,p100,1,,,,,10000,poisson
42,46.5549213886261,0.8244677420705595,13.135930767672072,ssspring,p100,1,,,,,10000,poisson
46,50.402958393096924,0.8089133932926965,12.645937347363978,ssspring,p100,1,,,,,10000,poisson
50,54.25100564956665,0.7928814914790352,12.119332816960052,ssspring,p100,1,,,,,10000,poisson
55,59.01836919784546,0.7719788632621366,11.429734347192232,ssspring,p100,1,,,,,10000,poisson
61,64.734539270401,0.7452623410483205,10.691137731646911,ssspring,p100,1,,,,,10000,poisson
67,70.42538166046143,0.7171365934185394,9.861765283476032,ssspring,p100,1,,,,,10000,poisson
73,76.11195206642151,0.6886942764494568,9.102787828297624,ssspring,p100,1,,,,,10000,poisson
81,83.63545036315918,0.6497429288840122,8.074845787436857,ssspring,p100,1,,,,,10000,poisson
89,91.16272640228271,0.6098308463292499,7.094160010134117,ssspring,p100,1,,,,,10000,poisson
98,99.61022186279297,0.5656592120023188,6.061708931301852,ssspring,p100,1,,,,,10000,poisson
107,108.05442357063293,0.5209391643356323,5.136293655913884,ssspring,p100,1,,,,,10000,poisson
118,118.33405709266663,0.4661205993082419,4.130546413997704,ssspring,p100,1,,,,,10000,poisson
130,129.53471159934998,0.4091706983842971,3.1728244714642866,ssspring,p100,1,,,,,10000,poisson
143,141.65410995483398,0.34908496373817777,2.299775302232199,ssspring,p100,1,,,,,10000,poisson
157,154.70370960235596,0.28913812272931433,1.5797158938168834,ssspring,p100,1,,,,,10000,poisson
172,168.67037320137024,0.22987662853141783,1.018942429684858,ssspring,p100,1,,,,,10000,poisson
190,185.5072479248047,0.16803345090374153,0.550775032690383,ssspring,p100,1,,,,,10000,poisson
208,202.36304020881653,0.11580826906421404,0.2759408289863778,ssspring,p100,1,,,,,10000,poisson
229,222.00050044059753,0.07058471367833784,0.09873087024220664,ssspring,p100,1,,,,,10000,poisson
252,243.4889349937439,0.039419545162457346,0.023922594610175103,ssspring,p100,1,,,,,10000,poisson
277,266.83298349380493,0.027072271635310112,0.0033955733435898855,ssspring,p100,1,,,,,10000,poisson
305,292.9675118923187,0.024805078983291613,0.0005274604831600317,ssspring,p100,1,,,,,10000,poisson
335,320.94432067871094,0.0236218922657008,0.000400270265211836,ssspring,p100,1,,,,,10000,poisson
369,352.63155722618103,0.021328103919320936,0.00046866301731987456,ssspring,p100,1,,,,,10000,poisson
406,387.09375858306885,0.0197495170055395,0.0002627691847116309,ssspring,p100,1,,,,,10000,poisson
446,424.3390443325043,0.0182117375327354,0.0002803915821572237,ssspring,p100,1,,,,,10000,poisson
491,466.21379137039185,0.016845104553714213,0.00025081892051659024,ssspring,p100,1,,,,,10000,poisson
540,512.1199035644531,0.01593014072597015,0.00019347903615393502,ssspring,p100,1,,,,,10000,poisson
594,562.0243022441864,0.014419330759356927,0.00016236624775999793,ssspring,p100,1,,,,,10000,poisson
653,616.8884975910187,0.013405798357090635,0.00010369248558985788,ssspring,p100,1,,,,,10000,poisson
718,677.3315057754517,0.012355489881645332,9.96181620607856e-05,ssspring,p100,1,,,,,10000,poisson
790,744.279411315918,0.011311468293183202,7.370860742431696e-05,ssspring,p100,1,,,,,10000,poisson
869,817.6862139701843,0.010752087623680682,7.752923081102764e-05,ssspring,p100,1,,,,,10000,poisson
956,898.5029788017273,0.009691518887361573,7.54095055005672e-05,ssspring,p100,1,,,,,10000,poisson
1052,987.6495361328125,0.009282053111776137,5.387298171016149e-05,ssspring,p100,1,,,,,10000,poisson
1157,1085.1552226543427,0.008840797349954849,5.090146105358545e-05,ssspring,p100,1,,,,,10000,poisson
1272,1191.9704194068909,0.008276806098046551,5.036355304319668e-05,ssspring,p100,1,,,,,10000,poisson
1400,1310.781162261963,0.0076424511209386295,3.4377081839694655e-05,ssspring,p100,1,,,,,10000,poisson
1539,1439.758173942566,0.007257110718175958,4.625169826442234e-05,ssspring,p100,1,,,,,10000,poisson
1693,1582.6810715198517,0.0067783675402604045,3.1417091782428284e-05,ssspring,p100,1,,,,,10000,poisson
1863,1740.3835098743439,0.006384194627678091,2.9264460961197415e-05,ssspring,p100,1,,,,,10000,poisson
2049,1912.964367389679,0.005990327275012675,2.5387696544151868e-05,ssspring,p100,1,,,,,10000,poisson
2254,2103.190997362137,0.005730152198932936,3.459990069321424e-05,ssspring,p100,1,,,,,10000,poisson
2479,2311.9348447322845,0.005653323726724443,2.0452311851818064e-05,ssspring,p100,1,,,,,10000,poisson
2727,2542.039116859436,0.005311569471641948,2.3526148703281335e-05,ssspring,p100,1,,,,,10000,poisson
3000,2795.6385350227356,0.00497458187936461,1.531929549930638e-05,ssspring,p100,1,,,,,10000,poisson
3299,3072.6095898151398,0.004745964158525227,1.9176697335594976e-05,ssspring,p100,1,,,,,10000,poisson
3629,3378.53884100914,0.0045642741927328645,1.6577930281204582e-05,ssspring,p100,1,,,,,10000,poisson
3992,3715.384288549423,0.0046575873050129285,1.5049538264848467e-05,ssspring,p100,1,,,,,10000,poisson
4391,4085.6437542438507,0.00433519724352875,9.302518264630325e-06,ssspring,p100,1,,,,,10000,poisson
4831,4493.481748342514,0.004291498670891411,1.7288101630017503e-05,ssspring,p100,1,,,,,10000,poisson
5314,4941.274628400803,0.004206189267706995,1.5731671463750692e-05,ssspring,p100,1,,,,,10000,poisson
5845,5433.606019735336,0.004019892946510682,1.2134199839178408e-05,ssspring,p100,1,,,,,10000,poisson
6429,5975.143877029419,0.003844575528002609,1.62171846849585e-05,ssspring,p100,1,,,,,10000,poisson
7072,6571.4825603961945,0.003704768830974735,9.13921107314927e-06,ssspring,p100,1,,,,,10000,poisson
7779,7227.119295835495,0.003660149709146486,1.1603531190387902e-05,ssspring,p100,1,,,,,10000,poisson
8557,7948.42297577858,0.003531503481975049,8.905022436987737e-06,ssspring,p100,1,,,,,10000,poisson
9413,8742.214845657349,0.0032941595468517168,9.868078414526933e-06,ssspring,p100,1,,,,,10000,poisson
10354,9614.927716255188,0.0031782726713970844,8.187731169781148e-06,ssspring,p100,1,,,,,10000,poisson
10770,10000.893066167831,0.0031529748590273694,8.862445716589597e-06,ssspring,p100,1,,,,,10000,poisson
0,1.0966973304748535,0.9700165769076732,18.471769103810335,ssspring,p100,2,,,,,10000,poisson
1,2.2232184410095215,0.9657299745184846,18.313745567918218,ssspring,p100,2,,,,,10000,poisson
2,3.2871272563934326,0.9614615100013008,18.171155981752346,ssspring,p100,2,,,,,10000,poisson
3,4.355564117431641,0.9574713670586639,18.011647799704477,ssspring,p100,2,,,,,10000,poisson
4,5.419124364852905,0.9533573036994969,17.87014735417621,ssspring,p100,2,,,,,10000,poisson
5,6.483015060424805,0.9495713825973243,17.70598359049113,ssspring,p100,2,,,,,10000,poisson
6,7.546502113342285,0.945910156269033,17.549862593419537,ssspring,p100,2,,,,,10000,poisson
7,8.612819194793701,0.942688558662011,17.406667485251134,ssspring,p100,2,,,,,10000,poisson
8,9.688889026641846,0.9393976364183055,17.275348404111956,ssspring,p100,2,,,,,10000,poisson
9,10.7625892162323,0.9357374909198861,17.142184958246304,ssspring,p100,2,,,,,10000,poisson
10,11.836631536483765,0.9319816203748289,17.012124248364163,ssspring,p100,2,,,,,10000,poisson
11,12.909729480743408,0.9281161497351579,16.886416875434772,ssspring,p100,2,,,,,10000,poisson
12,13.982577085494995,0.924467142567979,16.724518038317147,ssspring,p100,2,,,,,10000,poisson
13,15.056061029434204,0.9210068320630775,16.604502658330784,ssspring,p100,2,,,,,10000,poisson
14,16.130269527435303,0.917738435814542,16.469486600368135,ssspring,p100,2,,,,,10000,poisson
15,17.202457904815674,0.9140945427392932,16.381225250656623,ssspring,p100,2,,,,,10000,poisson
16,18.275647401809692,0.911488292026196,16.196778526021124,ssspring,p100,2,,,,,10000,poisson
17,19.348926067352295,0.9080033020255383,16.12984962613257,ssspring,p100,2,,,,,10000,poisson
18,20.421531438827515,0.9052985938865273,15.954256001847751,ssspring,p100,2,,,,,10000,poisson
19,21.49392557144165,0.9021142823197456,15.844811715001153,ssspring,p100,2,,,,,10000,poisson
20,22.566852569580078,0.8986127009388241,15.741888623498468,ssspring,p100,2,,,,,10000,poisson
21,23.63989782333374,0.89536229670485,15.626054418101395,ssspring,p100,2,,,,,10000,poisson
22,24.712135314941406,0.8924245807387523,15.488046848895342,ssspring,p100,2,,,,,10000,poisson
23,25.785382509231567,0.8895996181458462,15.343087453683935,ssspring,p100,2,,,,,10000,poisson
24,26.85738778114319,0.8865136005936847,15.279359000537909,ssspring,p100,2,,,,,10000,poisson
25,27.929926872253418,0.8833879061543792,15.144973365167417,ssspring,p100,2,,,,,10000,poisson
26,29.002959728240967,0.8803720511828562,15.025592561224476,ssspring,p100,2,,,,,10000,poisson
27,30.075246810913086,0.8769611981706722,14.908218841021773,ssspring,p100,2,,,,,10000,poisson
28,31.14752960205078,0.8737525155397098,14.78944892552669,ssspring,p100,2,,,,,10000,poisson
29,32.21969556808472,0.8706482657347986,14.677527930089093,ssspring,p100,2,,,,,10000,poisson
30,33.29526209831238,0.8673795062252462,14.588854594336508,ssspring,p100,2,,,,,10000,poisson
31,34.37605428695679,0.8639749915058426,14.458592454995541,ssspring,p100,2,,,,,10000,poisson
32,35.45703077316284,0.8605794080493492,14.347901589935878,ssspring,p100,2,,,,,10000,poisson
33,36.537562131881714,0.8571774005882473,14.239917442336107,ssspring,p100,2,,,,,10000,poisson
34,37.619102001190186,0.8537622867304514,14.095618649640635,ssspring,p100,2,,,,,10000,poisson
35,38.69977569580078,0.8505934939628046,13.978804889884275,ssspring,p100,2,,,,,10000,poisson
36,39.781837701797485,0.8471986033634097,13.884701955958363,ssspring,p100,2,,,,,10000,poisson
37,40.86136984825134,0.8437911742055029,13.745623787449773,ssspring,p100,2,,,,,10000,poisson
38,41.940972089767456,0.8403070093465077,13.660408205963048,ssspring,p100,2,,,,,10000,poisson
39,43.020941734313965,0.8368226082719996,13.505173907695067,ssspring,p100,2,,,,,10000,poisson
40,44.10077142715454,0.8332400961134011,13.392269936764881,ssspring,p100,2,,,,,10000,poisson
42,46.09387540817261,0.825890558703215,13.193954629786184,ssspring,p100,2,,,,,10000,poisson
46,49.91127133369446,0.8114001992707796,12.686288930569773,ssspring,p100,2,,,,,10000,poisson
50,53.728750467300415,0.7955687116416447,12.186700133019457,ssspring,p100,2,,,,,10000,poisson
55,58.4571430683136,0.7746874043348561,11.568405091690174,ssspring,p100,2,,,,,10000,poisson
61,64.12163996696472,0.7479407628027754,10.782555652844858,ssspring,p100,2,,,,,10000,poisson
67,69.78742671012878,0.7198536775953457,9.974337603765576,ssspring,p100,2,,,,,10000,poisson
73,75.47258806228638,0.690493875203485,9.177111237220124,ssspring,p100,2,,,,,10000,poisson
81,82.99617552757263,0.6499543144293756,8.08708461147897,ssspring,p100,2,,,,,10000,poisson
89,90.51884055137634,0.6073291118705069,7.037734608788872,ssspring,p100,2,,,,,10000,poisson
98,99.00921177864075,0.5577210072060964,5.915708834586369,ssspring,p100,2,,,,,10000,poisson
107,107.5184211730957,0.5081804530668064,4.889438439657954,ssspring,p100,2,,,,,10000,poisson
118,117.8801965713501,0.4499616116828263,3.8205446522075492,ssspring,p100,2,,,,,10000,poisson
130,129.16977381706238,0.3887640697598513,2.8273040141020993,ssspring,p100,2,,,,,10000,poisson
143,141.384530544281,0.3273081895393843,2.0217428991805,ssspring,p100,2,,,,,10000,poisson
157,154.5290949344635,0.26444353911056356,1.3289415875827106,ssspring,p100,2,,,,,10000,poisson
172,168.60163712501526,0.20551546558672024,0.8023384542918081,ssspring,p100,2,,,,,10000,poisson
190,185.45100355148315,0.146138385715709,0.41663779282656643,ssspring,p100,2,,,,,10000,poisson
208,202.32630681991577,0.09901320220313467,0.1944547626177332,ssspring,p100,2,,,,,10000,poisson
229,221.96586894989014,0.058323087638111386,0.06777345558102196,ssspring,p100,2,,,,,10000,poisson
252,243.46885991096497,0.034728006431556095,0.01645980598054976,ssspring,p100,2,,,,,10000,poisson
277,266.8117563724518,0.0266314819794325,0.0020702962829385312,ssspring,p100,2,,,,,10000,poisson
305,292.92916989326477,0.02482983935781643,0.00047043512166975983,ssspring,p100,2,,,,,10000,poisson
335,320.89491605758667,0.022984407915967023,0.00033946006484300513,ssspring,p100,2,,,,,10000,poisson
369,352.56974363327026,0.021848382435340027,0.0003025637234230151,ssspring,p100,2,,,,,10000,poisson
406,387.0202088356018,0.019866284516372398,0.0002410184714969952,ssspring,p100,2,,,,,10000,poisson
446,424.25021529197693,0.017794020661107586,0.00023068996285970962,ssspring,p100,2,,,,,10000,poisson
491,466.1107687950134,0.01700669485463304,0.0002079904251854934,ssspring,p100,2,,,,,10000,poisson
540,512.000236749649,0.015609318370280283,0.0002078380629870535,ssspring,p100,2,,,,,10000,poisson
594,561.922199010849,0.014521343623276466,0.00020484387506892316,ssspring,p100,2,,,,,10000,poisson
653,616.7916479110718,0.01297054511789729,0.00010577817655486405,ssspring,p100,2,,,,,10000,poisson
718,677.2021253108978,0.012291246996420663,0.00010587040976067372,ssspring,p100,2,,,,,10000,poisson
790,744.1205947399139,0.011944171178374785,0.00011410108506054755,ssspring,p100,2,,,,,10000,poisson
869,817.5167305469513,0.010906844316116038,8.668413786999779e-05,ssspring,p100,2,,,,,10000,poisson
956,898.3219742774963,0.010254398516205973,7.78237416767196e-05,ssspring,p100,2,,,,,10000,poisson
1052,987.452437877655,0.009366129850145885,7.570036537610509e-05,ssspring,p100,2,,,,,10000,poisson
1157,1084.9586071968079,0.008356781727574016,4.5461736483584924e-05,ssspring,p100,2,,,,,10000,poisson
1272,1191.7368268966675,0.007923001802537575,5.12193847417764e-05,ssspring,p100,2,,,,,10000,poisson
1400,1310.518536567688,0.007480824829206266,4.573871990489854e-05,ssspring,p100,2,,,,,10000,poisson
1539,1439.5445380210876,0.007111047776380183,4.3701927113200786e-05,ssspring,p100,2,,,,,10000,poisson
1693,1582.4519345760345,0.006780099916386246,3.569312618513953e-05,ssspring,p100,2,,,,,10000,poisson
1863,1740.2438299655914,0.00638340147769509,2.9977330076343775e-05,ssspring,p100,2,,,,,10000,poisson
2049,1912.7341170310974,0.006006228725080994,3.2188955354380496e-05,ssspring,p100,2,,,,,10000,poisson
2254,2102.9540033340454,0.0058075643372085565,2.6623037304963317e-05,ssspring,p100,2,,,,,10000,poisson
2479,2311.7032856941223,0.00553567959917006,2.525287815982802e-05,ssspring,p100,2,,,,,10000,poisson
2727,2541.8528575897217,0.005307831171903972,2.1908868744803547e-05,ssspring,p100,2,,,,,10000,poisson
3000,2795.434711933136,0.005152345102811942,2.4096206343821063e-05,ssspring,p100,2,,,,,10000,poisson
3299,3072.320715904236,0.005020387688157633,1.824027451908582e-05,ssspring,p100,2,,,,,10000,poisson
3629,3378.316314935684,0.004729103671077521,1.8355439879809457e-05,ssspring,p100,2,,,,,10000,poisson
3992,3715.0118913650513,0.004396682010653413,1.6598954340450713e-05,ssspring,p100,2,,,,,10000,poisson
4391,4085.058010339737,0.004494006703002679,1.4748660058996862e-05,ssspring,p100,2,,,,,10000,poisson
4831,4493.199149847031,0.004215813837105678,1.5102780721441023e-05,ssspring,p100,2,,,,,10000,poisson
5314,4941.103808403015,0.004059631300788268,1.4575052555612916e-05,ssspring,p100,2,,,,,10000,poisson
5845,5433.350785732269,0.003938726585453514,1.2397253095649673e-05,ssspring,p100,2,,,,,10000,poisson
6429,5974.951336860657,0.003764429414297749,1.6482729577937336e-05,ssspring,p100,2,,,,,10000,poisson
7072,6571.325477361679,0.0037748615731381325,1.0635062845024136e-05,ssspring,p100,2,,,,,10000,poisson
7779,7226.799446821213,0.003550452489041196,1.0859047667462068e-05,ssspring,p100,2,,,,,10000,poisson
8557,7948.193596601486,0.0033822301140742565,1.0731779966050011e-05,ssspring,p100,2,,,,,10000,poisson
9413,8741.697586774826,0.003230390004945428,9.168103757681865e-06,ssspring,p100,2,,,,,10000,poisson
10354,9613.864730358124,0.0031385918415202385,6.381164151616908e-06,ssspring,p100,2,,,,,10000,poisson
10770,10000.063144922256,0.0031980479396276277,7.644168202925343e-06,ssspring,p100,2,,,,,10000,poisson
0,1.0656380653381348,1.0558635559264438,18.227974142514814,ssspring,p100,3,,,,,10000,poisson
1,2.186528444290161,1.051727261489972,18.055033320474188,ssspring,p100,3,,,,,10000,poisson
2,3.2620022296905518,1.0472412742895763,17.937849252447347,ssspring,p100,3,,,,,10000,poisson
3,4.3422956466674805,1.0432112772394695,17.771465390300758,ssspring,p100,3,,,,,10000,poisson
4,5.422990798950195,1.0393722084844461,17.60436677582514,ssspring,p100,3,,,,,10000,poisson
5,6.503763675689697,1.0352933512985458,17.50388719787298,ssspring,p100,3,,,,,10000,poisson
6,7.583901882171631,1.0310719612185686,17.363611144504297,ssspring,p100,3,,,,,10000,poisson
7,8.663922309875488,1.0267451482936807,17.203086384876443,ssspring,p100,3,,,,,10000,poisson
8,9.744402647018433,1.0225757065566945,17.088956867428543,ssspring,p100,3,,,,,10000,poisson
9,10.825486660003662,1.018477437733331,16.93817306608497,ssspring,p100,3,,,,,10000,poisson
10,11.904836416244507,1.0141880491092414,16.80901777988776,ssspring,p100,3,,,,,10000,poisson
11,12.984989404678345,1.0102500899992977,16.6528264303372,ssspring,p100,3,,,,,10000,poisson
12,14.065494298934937,1.0069726045465248,16.50804970201353,ssspring,p100,3,,,,,10000,poisson
13,15.14546275138855,1.003177596836762,16.403966366040624,ssspring,p100,3,,,,,10000,poisson
14,16.2244074344635,0.999820496312626,16.24676635164828,ssspring,p100,3,,,,,10000,poisson
15,17.303698539733887,0.9959579313034332,16.135358448864434,ssspring,p100,3,,,,,10000,poisson
16,18.383265018463135,0.9920111919412312,16.027932412615584,ssspring,p100,3,,,,,10000,poisson
17,19.4631507396698,0.9885258268712078,15.877469687213353,ssspring,p100,3,,,,,10000,poisson
18,20.54381823539734,0.9850683293631717,15.734307065140642,ssspring,p100,3,,,,,10000,poisson
19,21.623657703399658,0.9815846112273106,15.621973959578186,ssspring,p100,3,,,,,10000,poisson
20,22.703558683395386,0.977823820098432,15.500647354973486,ssspring,p100,3,,,,,10000,poisson
21,23.782901763916016,0.9741124328747258,15.387444769173399,ssspring,p100,3,,,,,10000,poisson
22,24.863798141479492,0.9703901479074228,15.256894391594328,ssspring,p100,3,,,,,10000,poisson
23,25.943883419036865,0.9666104354452482,15.143725892727959,ssspring,p100,3,,,,,10000,poisson
24,27.023301362991333,0.9631281883853896,15.014504197544095,ssspring,p100,3,,,,,10000,poisson
25,28.102927684783936,0.9595081203216,14.888763629242016,ssspring,p100,3,,,,,10000,poisson
26,29.18321180343628,0.9555914506332603,14.782578706089136,ssspring,p100,3,,,,,10000,poisson
27,30.263351440429688,0.9520264512668615,14.644622919113514,ssspring,p100,3,,,,,10000,poisson
28,31.34281277656555,0.9484878523630385,14.52397926381448,ssspring,p100,3,,,,,10000,poisson
29,32.42244911193848,0.9446797840972215,14.434011793249296,ssspring,p100,3,,,,,10000,poisson
30,33.50182509422302,0.9409099289335646,14.283160266696934,ssspring,p100,3,,,,,10000,poisson
31,34.58117961883545,0.9368069344125641,14.217260617361948,ssspring,p100,3,,,,,10000,poisson
32,35.66486859321594,0.9332106568904585,14.035549681250968,ssspring,p100,3,,,,,10000,poisson
33,36.753931283950806,0.9293789509721168,13.939393689352515,ssspring,p100,3,,,,,10000,poisson
34,37.842397928237915,0.9254335165752253,13.816224120733981,ssspring,p100,3,,,,,10000,poisson
35,38.930328607559204,0.9212641846373948,13.725305137010865,ssspring,p100,3,,,,,10000,poisson
36,40.018776178359985,0.9170976245138583,13.588217995976821,ssspring,p100,3,,,,,10000,poisson
37,41.10681128501892,0.912695469894227,13.484162720560759,ssspring,p100,3,,,,,10000,poisson
38,42.19468593597412,0.9085379883227573,13.347961094945248,ssspring,p100,3,,,,,10000,poisson
39,43.28255772590637,0.9043277628354323,13.21040930506216,ssspring,p100,3,,,,,10000,poisson
40,44.3718638420105,0.9000566970230469,13.064236926803849,ssspring,p100,3,,,,,10000,poisson
42,46.37839365005493,0.8915803780244489,12.831198906825385,ssspring,p100,3,,,,,10000,poisson
46,50.22412633895874,0.8733749521781176,12.327350305749453,ssspring,p100,3,,,,,10000,poisson
50,54.06977820396423,0.8544906625663845,11.791051559507329,ssspring,p100,3,,,,,10000,poisson
55,58.83305597305298,0.8301963546640416,11.141137935241684,ssspring,p100,3,,,,,10000,poisson
61,64.53751540184021,0.7992677815874999,10.333240843533524,ssspring,p100,3,,,,,10000,poisson
67,70.21986865997314,0.7677825171460557,9.494489884145512,ssspring,p100,3,,,,,10000,poisson
73,75.90171241760254,0.735257849515762,8.723551124902913,ssspring,p100,3,,,,,10000,poisson
81,83.42207908630371,0.6918267408081565,7.692237287290313,ssspring,p100,3,,,,,10000,poisson
89,90.94140648841858,0.6480314332085502,6.769135822698009,ssspring,p100,3,,,,,10000,poisson
98,99.38236093521118,0.5984384028890894,5.736869802306497,ssspring,p100,3,,,,,10000,poisson
107,107.8222827911377,0.5494367931517397,4.823262745460051,ssspring,p100,3,,,,,10000,poisson
118,118.09886002540588,0.4904528439001364,3.8390214806021494,ssspring,p100,3,,,,,10000,poisson
130,129.2974145412445,0.42837265750526254,2.9329210502970398,ssspring,p100,3,,,,,10000,poisson
143,141.41315126419067,0.36277183833693344,2.1109508661423813,ssspring,p100,3,,,,,10000,poisson
157,154.4495725631714,0.2983411216579132,1.423781107953085,ssspring,p100,3,,,,,10000,poisson
172,168.40535306930542,0.2360664067825479,0.8921819998119146,ssspring,p100,3,,,,,10000,poisson
190,185.11917233467102,0.1699046843761712,0.4749623451828549,ssspring,p100,3,,,,,10000,poisson
208,201.83306789398193,0.11530633425172863,0.22561920568583255,ssspring,p100,3,,,,,10000,poisson
229,221.30650639533997,0.06952049229472615,0.079894416572453,ssspring,p100,3,,,,,10000,poisson
252,242.61537098884583,0.039727770042948946,0.019360921431219782,ssspring,p100,3,,,,,10000,poisson
277,265.7646527290344,0.029024346005763885,0.0027618667979668046,ssspring,p100,3,,,,,10000,poisson
305,291.6696970462799,0.02587153229052017,0.000467465488832563,ssspring,p100,3,,,,,10000,poisson
335,319.411509513855,0.023890310650970515,0.0003303436715109883,ssspring,p100,3,,,,,10000,poisson
369,350.8316113948822,0.02179359683817093,0.00035438823575123724,ssspring,p100,3,,,,,10000,poisson
406,385.009646654129,0.0203918394863062,0.00029744891186217026,ssspring,p100,3,,,,,10000,poisson
446,421.9416902065277,0.018971397298478913,0.0002868693449422819,ssspring,p100,3,,,,,10000,poisson
491,463.4734010696411,0.01728796244073712,0.00024355132762609742,ssspring,p100,3,,,,,10000,poisson
540,508.99894523620605,0.015964344787845322,0.00019426789187359012,ssspring,p100,3,,,,,10000,poisson
594,558.483060836792,0.014666122582482049,0.0001227428910649114,ssspring,p100,3,,,,,10000,poisson
653,612.8760099411011,0.013411930926952705,0.00012097208685374014,ssspring,p100,3,,,,,10000,poisson
718,672.8071668148041,0.012701525195499636,9.825633494163075e-05,ssspring,p100,3,,,,,10000,poisson
790,739.2771046161652,0.011960602989260114,9.182053536883361e-05,ssspring,p100,3,,,,,10000,poisson
869,812.0614550113678,0.010893226942890815,8.094367146896478e-05,ssspring,p100,3,,,,,10000,poisson
956,892.2615160942078,0.009953215976201617,7.163639868650395e-05,ssspring,p100,3,,,,,10000,poisson
1052,980.7451152801514,0.009554656569347512,5.5052744190824105e-05,ssspring,p100,3,,,,,10000,poisson
1157,1077.447969198227,0.008436479987311512,5.243611801041159e-05,ssspring,p100,3,,,,,10000,poisson
1272,1183.3492414951324,0.007969845107241132,5.188886369865105e-05,ssspring,p100,3,,,,,10000,poisson
1400,1301.1877756118774,0.007191706277777604,3.8690451434121615e-05,ssspring,p100,3,,,,,10000,poisson
1539,1429.1833639144897,0.00686765790135911,3.0887615365996804e-05,ssspring,p100,3,,,,,10000,poisson
1693,1570.9620728492737,0.0064056115717515995,3.326379471877967e-05,ssspring,p100,3,,,,,10000,poisson
1863,1727.4789271354675,0.006170320936830879,3.0607138762965345e-05,ssspring,p100,3,,,,,10000,poisson
2049,1898.6284635066986,0.005888092648274707,2.619300111725217e-05,ssspring,p100,3,,,,,10000,poisson
2254,2087.2578916549683,0.005723884380719062,2.3155329423733515e-05,ssspring,p100,3,,,,,10000,poisson
2479,2294.3316645622253,0.005637597267985537,2.7910148842151846e-05,ssspring,p100,3,,,,,10000,poisson
2727,2522.5553345680237,0.005330521483796651,1.7104923387658e-05,ssspring,p100,3,,,,,10000,poisson
3000,2774.019734144211,0.005122051494235426,2.369539529899216e-05,ssspring,p100,3,,,,,10000,poisson
3299,3048.6703341007233,0.005033100617119111,1.8758840789816915e-05,ssspring,p100,3,,,,,10000,poisson
3629,3352.238093852997,0.00468632232650929,1.9762697533274198e-05,ssspring,p100,3,,,,,10000,poisson
3992,3686.3026843070984,0.004499778307170865,1.6571275893852927e-05,ssspring,p100,3,,,,,10000,poisson
4391,4053.1952252388,0.004477510123857218,1.781552781160603e-05,ssspring,p100,3,,,,,10000,poisson
4831,4457.821959495544,0.00411681802801237,1.607508413427542e-05,ssspring,p100,3,,,,,10000,poisson
5314,4901.930752277374,0.004047291233702895,1.3727716499300848e-05,ssspring,p100,3,,,,,10000,poisson
5845,5390.317679405212,0.003923689534182676,1.0917216545140386e-05,ssspring,p100,3,,,,,10000,poisson
6429,5927.634258747101,0.0037828299225830314,1.0059712207554311e-05,ssspring,p100,3,,,,,10000,poisson
7072,6518.929951906204,0.0035892457264131536,1.1476690291334923e-05,ssspring,p100,3,,,,,10000,poisson
7779,7169.041769742966,0.0035880305213030032,8.546777454973995e-06,ssspring,p100,3,,,,,10000,poisson
8557,7884.334691762924,0.003403001760576799,8.09920426827135e-06,ssspring,p100,3,,,,,10000,poisson
9413,8671.501540899277,0.0032604758521779745,6.463364801486986e-06,ssspring,p100,3,,,,,10000,poisson
10354,9537.122153520584,0.0031423254115645416,9.668949996095542e-06,ssspring,p100,3,,,,,10000,poisson
10858,10000.691198825836,0.0030443084825680137,8.720176166200647e-06,ssspring,p100,3,,,,,10000,poisson
0,0.809326171875,1.595846985841848,124.79941088089237,ssspring,p5,1,,,,,7000,poisson
1,1.743201494216919,1.5813156635115049,124.30233678787174,ssspring,p5,1,,,,,7000,poisson
2,2.3436696529388428,1.5970079734531968,117.7132349384153,ssspring,p5,1,,,,,7000,poisson
3,2.9499106407165527,1.600758780718312,119.88113087892062,ssspring,p5,1,,,,,7000,poisson
4,3.5435855388641357,1.5897424323997482,121.6955782803855,ssspring,p5,1,,,,,7000,poisson
5,4.1372435092926025,1.5812147145135664,119.32625729058047,ssspring,p5,1,,,,,7000,poisson
6,4.730273008346558,1.5759757792927387,122.23727835141773,ssspring,p5,1,,,,,7000,poisson
7,5.323303461074829,1.5650127342598639,117.18278916003702,ssspring,p5,1,,,,,7000,poisson
8,5.918038368225098,1.544462127164469,113.24708129007534,ssspring,p5,1,,,,,7000,poisson
9,6.511173725128174,1.518713627563516,106.74183112436948,ssspring,p5,1,,,,,7000,poisson
10,7.103283166885376,1.4880683914878392,110.48219379613654,ssspring,p5,1,,,,,7000,poisson
11,7.6975202560424805,1.452353945458448,104.99517049312169,ssspring,p5,1,,,,,7000,poisson
12,8.296926498413086,1.4126008685284168,98.89665419943951,ssspring,p5,1,,,,,7000,poisson
13,8.906620979309082,1.3645792629643596,96.11556544617979,ssspring,p5,1,,,,,7000,poisson
14,9.500081062316895,1.3087872732802062,92.92051959721893,ssspring,p5,1,,,,,7000,poisson
15,10.094760179519653,1.2445577624105228,85.09815602101094,ssspring,p5,1,,,,,7000,poisson
16,10.688049554824829,1.1730354463843087,76.36486091619136,ssspring,p5,1,,,,,7000,poisson
17,11.282549381256104,1.0953132896852253,67.6554091900673,ssspring,p5,1,,,,,7000,poisson
18,11.876816272735596,1.004078947103647,57.832442642067036,ssspring,p5,1,,,,,7000,poisson
19,12.46903133392334,0.8935676390330087,49.00312293414179,ssspring,p5,1,,,,,7000,poisson
20,13.061262130737305,0.7704025623863607,38.608240033930585,ssspring,p5,1,,,,,7000,poisson
21,13.654289245605469,0.6381571890821954,29.225650699706893,ssspring,p5,1,,,,,7000,poisson
22,14.245978832244873,0.5123790545334631,21.722231320293822,ssspring,p5,1,,,,,7000,poisson
23,14.838162899017334,0.3968017483626789,14.399719853736416,ssspring,p5,1,,,,,7000,poisson
24,15.434269666671753,0.3114663032430307,8.87504575768516,ssspring,p5,1,,,,,7000,poisson
25,16.02482533454895,0.24963146561405977,5.5163440288829415,ssspring,p5,1,,,,,7000,poisson
26,16.617273330688477,0.20035266665853535,3.499003851999237,ssspring,p5,1,,,,,7000,poisson
27,17.20960760116577,0.16134108040514217,2.15066233250898,ssspring,p5,1,,,,,7000,poisson
28,17.800329446792603,0.13299322688417167,1.288624799074462,ssspring,p5,1,,,,,7000,poisson
29,18.391908645629883,0.10680602173493454,0.7938390666752397,ssspring,p5,1,,,,,7000,poisson
30,18.98473882675171,0.08635756308460665,0.48022074026383166,ssspring,p5,1,,,,,7000,poisson
31,19.57718515396118,0.07589224437930667,0.2872976454013386,ssspring,p5,1,,,,,7000,poisson
32,20.168957471847534,0.06623921269911427,0.17882223923450455,ssspring,p5,1,,,,,7000,poisson
33,20.760194778442383,0.057571273279422484,0.11923271282762214,ssspring,p5,1,,,,,7000,poisson
34,21.353541612625122,0.04885836035590106,0.068104880810965,ssspring,p5,1,,,,,7000,poisson
35,21.94900894165039,0.042282643838872105,0.04440734246949139,ssspring,p5,1,,,,,7000,poisson
36,22.542308807373047,0.03308480913774795,0.027286130330067975,ssspring,p5,1,,,,,7000,poisson
37,23.1359543800354,0.025078395088884316,0.017122442473990095,ssspring,p5,1,,,,,7000,poisson
38,23.7297945022583,0.01899067778351226,0.010481883612497063,ssspring,p5,1,,,,,7000,poisson
39,24.32315158843994,0.01513999961055045,0.006242256504477701,ssspring,p5,1,,,,,7000,poisson
40,24.915690183639526,0.012449472779145302,0.004096238489998636,ssspring,p5,1,,,,,7000,poisson
42,26.106071710586548,0.009050008286980868,0.0015704784383032827,ssspring,p5,1,,,,,7000,poisson
46,28.48136281967163,0.004813890281286105,0.0002854611525872909,ssspring,p5,1,,,,,7000,poisson
50,30.858261108398438,0.002437425184081681,7.936086063480859e-05,ssspring,p5,1,,,,,7000,poisson
55,33.82225298881531,0.0026355437853723355,2.9988199002268912e-05,ssspring,p5,1,,,,,7000,poisson
61,37.40661311149597,0.0011292489065945588,8.297849067443788e-06,ssspring,p5,1,,,,,7000,poisson
67,40.97008442878723,0.0007241612567533789,4.493028067152707e-06,ssspring,p5,1,,,,,7000,poisson
73,44.530041456222534,0.0008031715659675378,3.904720686712194e-06,ssspring,p5,1,,,,,7000,poisson
81,49.27215099334717,0.001179532164125626,7.350522165386508e-06,ssspring,p5,1,,,,,7000,poisson
89,54.01516675949097,0.001396015101412971,1.1361671638647527e-05,ssspring,p5,1,,,,,7000,poisson
98,59.36389493942261,0.002390578978847342,2.0370188459575873e-05,ssspring,p5,1,,,,,7000,poisson
107,64.69585108757019,0.002148121184979094,1.4242790595072402e-05,ssspring,p5,1,,,,,7000,poisson
118,71.20862746238708,0.0011861698887756513,5.331850267774891e-06,ssspring,p5,1,,,,,7000,poisson
130,78.31532740592957,0.0005792594055654032,1.4387476228928507e-06,ssspring,p5,1,,,,,7000,poisson
143,86.01051330566406,0.000472527277279165,7.513145012846808e-07,ssspring,p5,1,,,,,7000,poisson
157,94.32313919067383,0.0007183215940068984,1.0599362127341991e-06,ssspring,p5,1,,,,,7000,poisson
172,103.21017813682556,0.0002409570429737872,1.4159675997571059e-07,ssspring,p5,1,,,,,7000,poisson
190,113.87491273880005,0.0001721484455139753,5.953224452538034e-08,ssspring,p5,1,,,,,7000,poisson
208,124.61428236961365,0.00016718364173781854,4.045556727531893e-08,ssspring,p5,1,,,,,7000,poisson
229,137.1523880958557,0.00012930092750124963,2.6718075685265294e-08,ssspring,p5,1,,,,,7000,poisson
252,150.88850712776184,0.00010144315875228447,1.4117157036351958e-08,ssspring,p5,1,,,,,7000,poisson
277,165.8123495578766,0.0001756607281739573,3.653390931409521e-08,ssspring,p5,1,,,,,7000,poisson
305,182.52291417121887,7.095561568015276e-05,1.3674330698994398e-08,ssspring,p5,1,,,,,7000,poisson
335,200.42909455299377,5.347524266282548e-05,1.3162047387304555e-08,ssspring,p5,1,,,,,7000,poisson
369,220.74266362190247,0.00019675187307100636,3.646412231393524e-08,ssspring,p5,1,,,,,7000,poisson
406,242.85085439682007,0.00026930763076700323,6.535839649297834e-08,ssspring,p5,1,,,,,7000,poisson
446,266.7237300872803,0.0003639727760549881,1.1158337191517627e-07,ssspring,p5,1,,,,,7000,poisson
491,293.577965259552,0.00019810070622166447,3.504861303237267e-08,ssspring,p5,1,,,,,7000,poisson
540,322.8094778060913,0.00017296947421762773,2.0611559513011673e-08,ssspring,p5,1,,,,,7000,poisson
594,355.00490617752075,0.00016978538422656228,2.059234560660805e-08,ssspring,p5,1,,,,,7000,poisson
653,390.2140648365021,0.0001341228138231147,1.2062014200798028e-08,ssspring,p5,1,,,,,7000,poisson
718,428.9771738052368,4.0306172154020555e-05,1.5920394756486743e-09,ssspring,p5,1,,,,,7000,poisson
790,471.9324460029602,2.9177712739888975e-05,8.922823959145463e-10,ssspring,p5,1,,,,,7000,poisson
869,519.059198141098,8.058354231996512e-06,3.256123162829329e-10,ssspring,p5,1,,,,,7000,poisson
956,570.9493284225464,1.4112077167173038e-05,2.7279407684469993e-10,ssspring,p5,1,,,,,7000,poisson
1052,628.2096514701843,5.251047240645433e-06,1.8394388478922055e-10,ssspring,p5,1,,,,,7000,poisson
1157,690.8480772972107,7.4938282588645555e-06,1.6502634621488896e-10,ssspring,p5,1,,,,,7000,poisson
1272,759.5706548690796,4.69823717979792e-06,1.5122751397257718e-10,ssspring,p5,1,,,,,7000,poisson
1400,836.0666546821594,9.75058074148168e-06,1.7814740101125503e-10,ssspring,p5,1,,,,,7000,poisson
1539,919.1238133907318,5.078421781544651e-06,1.3427977312663754e-10,ssspring,p5,1,,,,,7000,poisson
1693,1010.9718716144562,1.061164692726584e-05,1.5235709184790186e-10,ssspring,p5,1,,,,,7000,poisson
1863,1112.3844811916351,6.59651763749501e-06,1.228241221625231e-10,ssspring,p5,1,,,,,7000,poisson
2049,1223.3620331287384,4.1103043019076285e-06,1.0399331237174535e-10,ssspring,p5,1,,,,,7000,poisson
2254,1345.9857292175293,3.6053858675143907e-06,9.170773067700531e-11,ssspring,p5,1,,,,,7000,poisson
2479,1480.62628531456,4.010072917335541e-06,8.373686784551338e-11,ssspring,p5,1,,,,,7000,poisson
2727,1629.028433561325,4.907814088374282e-06,8.702472801580297e-11,ssspring,p5,1,,,,,7000,poisson
3000,1791.912493944168,5.2484387987253295e-06,8.064200227243399e-11,ssspring,p5,1,,,,,7000,poisson
3299,1970.2142899036407,3.0593551100711773e-06,6.582988286250477e-11,ssspring,p5,1,,,,,7000,poisson
3629,2167.0499086380005,4.212157800479734e-06,7.272807024070717e-11,ssspring,p5,1,,,,,7000,poisson
3992,2383.5611610412598,2.9249234097698096e-06,6.279971876869512e-11,ssspring,p5,1,,,,,7000,poisson
4391,2621.666851758957,2.7707965472062357e-06,6.087347198595856e-11,ssspring,p5,1,,,,,7000,poisson
4831,2884.1637575626373,2.840449390729778e-06,5.1232150046853856e-11,ssspring,p5,1,,,,,7000,poisson
5314,3172.753303050995,3.841779657973067e-06,5.517465751155855e-11,ssspring,p5,1,,,,,7000,poisson
5845,3489.3729984760284,2.935118815784925e-06,4.7327859680122057e-11,ssspring,p5,1,,,,,7000,poisson
6429,3837.785591840744,2.739405403521673e-06,4.326635804444283e-11,ssspring,p5,1,,,,,7000,poisson
7072,4221.071617126465,2.270002825281725e-06,3.643270040064082e-11,ssspring,p5,1,,,,,7000,poisson
7779,4643.278342008591,2.208386951945724e-06,3.65814076197256e-11,ssspring,p5,1,,,,,7000,poisson
8557,5107.368445396423,2.1308266929006864e-06,3.167143274644097e-11,ssspring,p5,1,,,,,7000,poisson
9413,5618.98260641098,2.0354945723928556e-06,3.16824528747764e-11,ssspring,p5,1,,,,,7000,poisson
10354,6180.80557179451,2.5522652771357347e-06,2.9749543182511045e-11,ssspring,p5,1,,,,,7000,poisson
11389,6797.8069269657135,1.908178765471752e-06,2.789837463938066e-11,ssspring,p5,1,,,,,7000,poisson
11729,7000.430830478668,2.1518720524382383e-06,2.6517214486546237e-11,ssspring,p5,1,,,,,7000,poisson
0,0.8224096298217773,1.5836408130802602,125.73075180603173,ssspring,p5,2,,,,,7000,poisson
1,1.770355463027954,1.5738254407489276,122.68429369905051,ssspring,p5,2,,,,,7000,poisson
2,2.3947324752807617,1.5695921269286153,128.2086430891926,ssspring,p5,2,,,,,7000,poisson
3,3.0118234157562256,1.567983835565007,128.02624178493537,ssspring,p5,2,,,,,7000,poisson
4,3.632617712020874,1.566617848741119,120.39973014953674,ssspring,p5,2,,,,,7000,poisson
5,4.254792213439941,1.558087092448073,124.05732932215203,ssspring,p5,2,,,,,7000,poisson
6,4.876883029937744,1.5479170531105293,119.32328084182134,ssspring,p5,2,,,,,7000,poisson
7,5.509930849075317,1.5360592691185198,115.74332932873699,ssspring,p5,2,,,,,7000,poisson
8,6.144541501998901,1.5205982114609806,119.38272926454704,ssspring,p5,2,,,,,7000,poisson
9,6.791462421417236,1.5001682444347957,110.9402649749218,ssspring,p5,2,,,,,7000,poisson
10,7.44977331161499,1.4757390397720198,111.53717299883623,ssspring,p5,2,,,,,7000,poisson
11,8.11827540397644,1.4462355008181933,106.03303426173713,ssspring,p5,2,,,,,7000,poisson
12,8.772002220153809,1.410950054375335,104.38288059796646,ssspring,p5,2,,,,,7000,poisson
13,9.450146913528442,1.3695118866175418,97.77535592626627,ssspring,p5,2,,,,,7000,poisson
14,10.115541934967041,1.3196849259706442,94.15657982098043,ssspring,p5,2,,,,,7000,poisson
15,10.781395673751831,1.2608821926637406,89.95209554066724,ssspring,p5,2,,,,,7000,poisson
16,11.45570182800293,1.1923571425088049,81.29807496816989,ssspring,p5,2,,,,,7000,poisson
17,12.143029689788818,1.1136195645466735,72.32186379278671,ssspring,p5,2,,,,,7000,poisson
18,12.843352794647217,1.0227771593963646,63.83851964250013,ssspring,p5,2,,,,,7000,poisson
19,13.501142024993896,0.920274497465537,53.8403683252043,ssspring,p5,2,,,,,7000,poisson
20,14.207548141479492,0.8059531439075094,42.93149861526693,ssspring,p5,2,,,,,7000,poisson
21,14.867188930511475,0.6839244983771077,32.29230682906305,ssspring,p5,2,,,,,7000,poisson
22,15.545834302902222,0.5573866400830774,24.933526437217704,ssspring,p5,2,,,,,7000,poisson
23,16.24424910545349,0.42893891574633036,17.674931243736733,ssspring,p5,2,,,,,7000,poisson
24,16.89769697189331,0.3231239210489542,10.950998616206702,ssspring,p5,2,,,,,7000,poisson
25,17.603278636932373,0.24752674286043339,6.630551471960618,ssspring,p5,2,,,,,7000,poisson
26,18.289646863937378,0.19171452385505353,3.9628044278925927,ssspring,p5,2,,,,,7000,poisson
27,18.999154329299927,0.1488537798513528,2.52484242224359,ssspring,p5,2,,,,,7000,poisson
28,19.662142038345337,0.1173907914169071,1.5545793035040707,ssspring,p5,2,,,,,7000,poisson
29,20.37488293647766,0.09191421968365919,0.9657909555092831,ssspring,p5,2,,,,,7000,poisson
30,21.06150984764099,0.07438560210121965,0.6249700705925975,ssspring,p5,2,,,,,7000,poisson
31,21.764779090881348,0.061148084516707925,0.3794083733977416,ssspring,p5,2,,,,,7000,poisson
32,22.419777870178223,0.049932875226025755,0.24382720766202598,ssspring,p5,2,,,,,7000,poisson
33,23.125242710113525,0.041499344787631245,0.149264918859013,ssspring,p5,2,,,,,7000,poisson
34,23.78829550743103,0.03497915478710504,0.09555605340068155,ssspring,p5,2,,,,,7000,poisson
35,24.49839973449707,0.029504872923003966,0.05777211133600123,ssspring,p5,2,,,,,7000,poisson
36,25.16779136657715,0.02534925854386449,0.035900243142221205,ssspring,p5,2,,,,,7000,poisson
37,25.87482976913452,0.021831458357221733,0.02359543361772867,ssspring,p5,2,,,,,7000,poisson
38,26.546334743499756,0.018867512277670636,0.015411670837720298,ssspring,p5,2,,,,,7000,poisson
39,27.233821630477905,0.015775829625407342,0.009942055320324782,ssspring,p5,2,,,,,7000,poisson
40,27.941215753555298,0.013256892074248074,0.006083252040578914,ssspring,p5,2,,,,,7000,poisson
42,29.29717516899109,0.00895658392371448,0.0024708230719915447,ssspring,p5,2,,,,,7000,poisson
46,32.04459095001221,0.005209468505738522,0.00046927489169752836,ssspring,p5,2,,,,,7000,poisson
50,34.79500603675842,0.0029314467245820973,9.985093724865355e-05,ssspring,p5,2,,,,,7000,poisson
55,38.23307681083679,0.0016552504040094858,1.921789962043412e-05,ssspring,p5,2,,,,,7000,poisson
61,42.39279508590698,0.0013621051980028081,4.212593233685931e-06,ssspring,p5,2,,,,,7000,poisson
67,46.534087896347046,0.0011451058143499687,2.4128726700530564e-06,ssspring,p5,2,,,,,7000,poisson
73,50.64559745788574,0.0011042247008071142,2.4649341050406993e-06,ssspring,p5,2,,,,,7000,poisson
81,56.17062520980835,0.0013672162680325396,3.296699958980975e-06,ssspring,p5,2,,,,,7000,poisson
89,61.68409562110901,0.0015613136511733378,4.9647214028975724e-06,ssspring,p5,2,,,,,7000,poisson
98,67.8620502948761,0.0018593026163318813,8.769803166026505e-06,ssspring,p5,2,,,,,7000,poisson
107,74.06405138969421,0.001489677506583069,6.324465368069862e-06,ssspring,p5,2,,,,,7000,poisson
118,81.60044717788696,0.0011406599189048654,3.2281246325426458e-06,ssspring,p5,2,,,,,7000,poisson
130,89.81713962554932,0.0009561222054115414,1.8181337876392099e-06,ssspring,p5,2,,,,,7000,poisson
143,98.73510122299194,0.0008389859399143066,1.2513126134067352e-06,ssspring,p5,2,,,,,7000,poisson
157,108.34116244316101,0.0008918993040449258,1.0846015372296545e-06,ssspring,p5,2,,,,,7000,poisson
172,118.66334295272827,0.0006985108730969709,5.207586981464493e-07,ssspring,p5,2,,,,,7000,poisson
190,130.99877071380615,0.00047896693192269054,2.2883490335455641e-07,ssspring,p5,2,,,,,7000,poisson
208,143.29251742362976,0.0003434102518936302,8.665796203769517e-08,ssspring,p5,2,,,,,7000,poisson
229,157.70133137702942,0.00011304655161393217,1.6252107413637757e-08,ssspring,p5,2,,,,,7000,poisson
252,173.39498901367188,0.00012033859055434193,1.5448854196958528e-08,ssspring,p5,2,,,,,7000,poisson
277,190.57298350334167,1.605995724040898e-05,1.0810393949753216e-09,ssspring,p5,2,,,,,7000,poisson
305,209.64172267913818,1.8036684694819903e-05,1.1173742146033054e-09,ssspring,p5,2,,,,,7000,poisson
335,230.30648946762085,4.1885463711035935e-05,2.3579816161568973e-09,ssspring,p5,2,,,,,7000,poisson
369,253.67630553245544,4.416447184069658e-05,2.332800593005864e-09,ssspring,p5,2,,,,,7000,poisson
406,279.1814777851105,8.628028097499566e-05,6.863186485566259e-09,ssspring,p5,2,,,,,7000,poisson
446,306.7056953907013,9.855696582515154e-05,1.0965963320371265e-08,ssspring,p5,2,,,,,7000,poisson
491,337.74027490615845,9.860437264155784e-05,1.0581061863924885e-08,ssspring,p5,2,,,,,7000,poisson
540,371.36122131347656,7.146562413910274e-05,7.585113557673035e-09,ssspring,p5,2,,,,,7000,poisson
594,408.51387786865234,8.234094262732406e-05,7.618774174658888e-09,ssspring,p5,2,,,,,7000,poisson
653,449.02825379371643,6.152699184925462e-05,4.520539363875658e-09,ssspring,p5,2,,,,,7000,poisson
718,493.6736559867859,4.236567639244374e-05,2.3493335165599702e-09,ssspring,p5,2,,,,,7000,poisson
790,543.0734734535217,2.165663675681849e-05,6.0170476268203e-10,ssspring,p5,2,,,,,7000,poisson
869,597.1867470741272,7.659718928196969e-06,2.1634698589279733e-10,ssspring,p5,2,,,,,7000,poisson
956,656.8523654937744,9.392932162438322e-06,2.088346889649092e-10,ssspring,p5,2,,,,,7000,poisson
1052,722.5628280639648,9.570650327238121e-06,2.0475340744674727e-10,ssspring,p5,2,,,,,7000,poisson
1157,794.3778886795044,7.602707083528528e-06,1.8493669661196744e-10,ssspring,p5,2,,,,,7000,poisson
1272,873.3884365558624,5.429165564052549e-06,1.3271350153545689e-10,ssspring,p5,2,,,,,7000,poisson
1400,961.0493860244751,7.467145732704689e-06,1.2915923767776968e-10,ssspring,p5,2,,,,,7000,poisson
1539,1056.27982711792,8.834634414982801e-06,1.4348728658974673e-10,ssspring,p5,2,,,,,7000,poisson
1693,1161.6644802093506,6.987356389917823e-06,1.1781909525068173e-10,ssspring,p5,2,,,,,7000,poisson
1863,1278.0507361888885,4.539283833696296e-06,8.359733760967718e-11,ssspring,p5,2,,,,,7000,poisson
2049,1405.2565615177155,3.912671598690861e-06,7.70279837640499e-11,ssspring,p5,2,,,,,7000,poisson
2254,1545.2763707637787,4.412298628391318e-06,8.195135861857301e-11,ssspring,p5,2,,,,,7000,poisson
2479,1699.0804328918457,5.861682637913554e-06,9.244879838479785e-11,ssspring,p5,2,,,,,7000,poisson
2727,1869.133723974228,3.0333550870870126e-06,5.0394369433670376e-11,ssspring,p5,2,,,,,7000,poisson
3000,2056.9369933605194,3.0761324066394117e-06,5.078556099855232e-11,ssspring,p5,2,,,,,7000,poisson
3299,2262.517968893051,2.865951325531996e-06,5.171387390631823e-11,ssspring,p5,2,,,,,7000,poisson
3629,2489.2409422397614,2.6950600828211655e-06,4.3495624037799814e-11,ssspring,p5,2,,,,,7000,poisson
3992,2737.1443490982056,2.5994003681598822e-06,4.197451123395312e-11,ssspring,p5,2,,,,,7000,poisson
4391,3008.908209323883,2.900065398447533e-06,4.062408150152869e-11,ssspring,p5,2,,,,,7000,poisson
4831,3308.670709133148,2.4817870808473906e-06,3.678958683071067e-11,ssspring,p5,2,,,,,7000,poisson
5314,3640.4306144714355,2.4482011440529163e-06,3.2174453348717305e-11,ssspring,p5,2,,,,,7000,poisson
5845,4005.8473057746887,2.248225697409353e-06,2.6964603355714183e-11,ssspring,p5,2,,,,,7000,poisson
6429,4404.652500629425,2.2890348220526028e-06,2.732339621509017e-11,ssspring,p5,2,,,,,7000,poisson
7072,4847.37020778656,2.186684831565242e-06,2.6049232257117047e-11,ssspring,p5,2,,,,,7000,poisson
7779,5335.59975194931,2.016499319800923e-06,2.3528306354348005e-11,ssspring,p5,2,,,,,7000,poisson
8557,5867.553102493286,1.9434324356206807e-06,2.2137984587269523e-11,ssspring,p5,2,,,,,7000,poisson
9413,6455.066730737686,1.8568597116702024e-06,2.061272043539075e-11,ssspring,p5,2,,,,,7000,poisson
10212,7000.264997959137,1.7852345520653798e-06,1.959787830882848e-11,ssspring,p5,2,,,,,7000,poisson
0,0.8296012878417969,1.5546277285858507,122.1390913161856,ssspring,p5,3,,,,,7000,poisson
1,1.7959156036376953,1.5556423549585359,118.43549453072531,ssspring,p5,3,,,,,7000,poisson
2,2.3867785930633545,1.5534022697759582,122.39475178803758,ssspring,p5,3,,,,,7000,poisson
3,2.9823546409606934,1.541326367596367,118.02715602712993,ssspring,p5,3,,,,,7000,poisson
4,3.5801525115966797,1.5304247833655995,121.60073257539699,ssspring,p5,3,,,,,7000,poisson
5,4.176011323928833,1.521565045982349,118.12963649365703,ssspring,p5,3,,,,,7000,poisson
6,4.766807317733765,1.510944321264727,117.32714738950017,ssspring,p5,3,,,,,7000,poisson
7,5.3596484661102295,1.4985496993646055,112.32174219544488,ssspring,p5,3,,,,,7000,poisson
8,5.952419757843018,1.4815723763710038,113.61949280491423,ssspring,p5,3,,,,,7000,poisson
9,6.5451555252075195,1.458081078942654,112.4844442658858,ssspring,p5,3,,,,,7000,poisson
10,7.134686708450317,1.4290496718960293,105.17998945076981,ssspring,p5,3,,,,,7000,poisson
11,7.724904298782349,1.3945281677475507,107.43608427886367,ssspring,p5,3,,,,,7000,poisson
12,8.315354585647583,1.3536606992245142,99.0623620124862,ssspring,p5,3,,,,,7000,poisson
13,8.908731460571289,1.3053405111591523,89.21939620507476,ssspring,p5,3,,,,,7000,poisson
14,9.50023603439331,1.2498404341653084,85.71294927564394,ssspring,p5,3,,,,,7000,poisson
15,10.090201616287231,1.1847734728157453,79.81012258113857,ssspring,p5,3,,,,,7000,poisson
16,10.679944038391113,1.1082984464546743,71.07935381510569,ssspring,p5,3,,,,,7000,poisson
17,11.27340817451477,1.0207143615660461,62.367178064676125,ssspring,p5,3,,,,,7000,poisson
18,11.869765520095825,0.9222962607922005,53.83660683230839,ssspring,p5,3,,,,,7000,poisson
19,12.46181035041809,0.8140990049623356,44.3534639139215,ssspring,p5,3,,,,,7000,poisson
20,13.052412509918213,0.6986627263964401,34.721494061934905,ssspring,p5,3,,,,,7000,poisson
21,13.642372369766235,0.5810168398616412,25.267777103018627,ssspring,p5,3,,,,,7000,poisson
22,14.233463764190674,0.4672703285283675,18.069132953538038,ssspring,p5,3,,,,,7000,poisson
23,14.82550597190857,0.37177850720908145,12.241267688841827,ssspring,p5,3,,,,,7000,poisson
24,15.41628098487854,0.29982482728150656,7.773789829516857,ssspring,p5,3,,,,,7000,poisson
25,16.004688501358032,0.24036384144097633,5.02396993392642,ssspring,p5,3,,,,,7000,poisson
26,16.594362020492554,0.1894727020883442,3.235649729005118,ssspring,p5,3,,,,,7000,poisson
27,17.184267044067383,0.14902243781073254,1.9667164325255129,ssspring,p5,3,,,,,7000,poisson
28,17.77572250366211,0.11822919930279567,1.2081914132309315,ssspring,p5,3,,,,,7000,poisson
29,18.367287635803223,0.09500655231716798,0.7612153874591646,ssspring,p5,3,,,,,7000,poisson
30,18.957868814468384,0.07527889700542786,0.4893294511405824,ssspring,p5,3,,,,,7000,poisson
31,19.546948671340942,0.060413198617496236,0.30180883014613946,ssspring,p5,3,,,,,7000,poisson
32,20.136026620864868,0.048110858692690786,0.1803121367354703,ssspring,p5,3,,,,,7000,poisson
33,20.724625825881958,0.03812940191392555,0.11634417416898742,ssspring,p5,3,,,,,7000,poisson
34,21.314713954925537,0.030757153774154614,0.07166977483826592,ssspring,p5,3,,,,,7000,poisson
35,21.904443740844727,0.025129097624818242,0.04524461159102565,ssspring,p5,3,,,,,7000,poisson
36,22.493534326553345,0.020744371932000245,0.027758130628000952,ssspring,p5,3,,,,,7000,poisson
37,23.08282709121704,0.017124133374872976,0.01802439164297634,ssspring,p5,3,,,,,7000,poisson
38,23.673054695129395,0.014103910317115014,0.011267999996276245,ssspring,p5,3,,,,,7000,poisson
39,24.262643814086914,0.01132347084116152,0.007068416449843231,ssspring,p5,3,,,,,7000,poisson
40,24.85165762901306,0.009040050759284152,0.0045778081642245845,ssspring,p5,3,,,,,7000,poisson
42,26.02646780014038,0.006098627225496562,0.0017411410565091041,ssspring,p5,3,,,,,7000,poisson
46,28.370490074157715,0.002760889722438382,0.0002921623883101068,ssspring,p5,3,,,,,7000,poisson
50,30.720178365707397,0.0015385151610395156,4.898483088451258e-05,ssspring,p5,3,,,,,7000,poisson
55,33.65863108634949,0.0007103615963800684,8.16285870806783e-06,ssspring,p5,3,,,,,7000,poisson
61,37.212793827056885,0.0005258806312777065,1.228083218409703e-06,ssspring,p5,3,,,,,7000,poisson
67,40.73206949234009,0.0004033630697417941,7.329091177952544e-07,ssspring,p5,3,,,,,7000,poisson
73,44.25035095214844,0.0003815170722461306,7.576463335908131e-07,ssspring,p5,3,,,,,7000,poisson
81,48.939274072647095,0.0005342151011630653,1.387911572554182e-06,ssspring,p5,3,,,,,7000,poisson
89,53.63165640830994,0.0006603459391987231,1.82022269683799e-06,ssspring,p5,3,,,,,7000,poisson
98,58.90809988975525,0.0009776821213558675,3.425453668912501e-06,ssspring,p5,3,,,,,7000,poisson
107,64.1890275478363,0.0007665807111877271,2.3805223466603806e-06,ssspring,p5,3,,,,,7000,poisson
118,70.64474558830261,0.0006040572948755922,1.3400069483714143e-06,ssspring,p5,3,,,,,7000,poisson
130,77.67143535614014,0.000444826809381549,6.096999125403405e-07,ssspring,p5,3,,,,,7000,poisson
143,85.34989500045776,0.00045587660656565076,3.7871290679651457e-07,ssspring,p5,3,,,,,7000,poisson
157,93.56508731842041,0.0006225752335292632,6.041912760117471e-07,ssspring,p5,3,,,,,7000,poisson
172,102.45992255210876,0.0006307429048890114,6.034199938111571e-07,ssspring,p5,3,,,,,7000,poisson
190,113.11940097808838,0.0004725668544349365,3.0742517461693916e-07,ssspring,p5,3,,,,,7000,poisson
208,123.67584037780762,0.00041464934142599626,2.4833744808551694e-07,ssspring,p5,3,,,,,7000,poisson
229,136.00675630569458,0.0005145979678160752,3.137063044769443e-07,ssspring,p5,3,,,,,7000,poisson
252,149.52459621429443,0.000635117925281624,3.977449677308896e-07,ssspring,p5,3,,,,,7000,poisson
277,164.17835330963135,0.0005235764516317821,3.0968584221481557e-07,ssspring,p5,3,,,,,7000,poisson
305,180.58451533317566,0.0005341332618802099,2.6556314388829655e-07,ssspring,p5,3,,,,,7000,poisson
335,198.15835118293762,0.00041667275839427727,1.6625676805941307e-07,ssspring,p5,3,,,,,7000,poisson
369,218.0639464855194,0.00023660748411587326,6.444905330996513e-08,ssspring,p5,3,,,,,7000,poisson
406,239.72649145126343,0.0001542910754492859,3.2335288370362645e-08,ssspring,p5,3,,,,,7000,poisson
446,263.1253640651703,0.00010157635646721925,1.4912295407059245e-08,ssspring,p5,3,,,,,7000,poisson
491,289.4640302658081,7.618486918438357e-05,7.55909944796436e-09,ssspring,p5,3,,,,,7000,poisson
540,318.1595320701599,5.617495292151328e-05,3.4254925744697792e-09,ssspring,p5,3,,,,,7000,poisson
594,349.7617781162262,3.5134779858014476e-05,1.7061882904486457e-09,ssspring,p5,3,,,,,7000,poisson
653,384.28587794303894,3.882210236048506e-05,1.4997286024153762e-09,ssspring,p5,3,,,,,7000,poisson
718,422.3771216869354,1.1654457132091794e-05,3.56755794602426e-10,ssspring,p5,3,,,,,7000,poisson
790,464.7878465652466,1.2392544295270135e-05,2.951727272925125e-10,ssspring,p5,3,,,,,7000,poisson
869,511.0373024940491,7.867410305254063e-06,1.686711396234488e-10,ssspring,p5,3,,,,,7000,poisson
956,561.9559934139252,7.291738198389748e-06,1.315908919166815e-10,ssspring,p5,3,,,,,7000,poisson
1052,618.1424355506897,5.287499775816438e-06,1.2356758461678574e-10,ssspring,p5,3,,,,,7000,poisson
1157,679.9392189979553,5.496749949916116e-06,1.0063157151285508e-10,ssspring,p5,3,,,,,7000,poisson
1272,746.8127610683441,7.642399762647387e-06,1.2083985402283491e-10,ssspring,p5,3,,,,,7000,poisson
1400,821.4816782474518,7.562715365034658e-06,1.2217814909731074e-10,ssspring,p5,3,,,,,7000,poisson
1539,903.2193105220795,4.709306870289267e-06,8.679468257719648e-11,ssspring,p5,3,,,,,7000,poisson
1693,993.4300222396851,3.097403741723898e-06,7.326314668596449e-11,ssspring,p5,3,,,,,7000,poisson
1863,1093.0915813446045,3.3481319586434302e-06,5.453325371044418e-11,ssspring,p5,3,,,,,7000,poisson
2049,1202.7875814437866,4.092095641965685e-06,5.861084052759908e-11,ssspring,p5,3,,,,,7000,poisson
2254,1323.9996209144592,2.7069414410003165e-06,4.446316455669316e-11,ssspring,p5,3,,,,,7000,poisson
2479,1456.9558823108673,2.345394660880825e-06,3.901203791551755e-11,ssspring,p5,3,,,,,7000,poisson
2727,1604.2225108146667,2.2487948215957303e-06,3.853573344663052e-11,ssspring,p5,3,,,,,7000,poisson
3000,1765.0611612796783,2.360606054810342e-06,3.7537627851377514e-11,ssspring,p5,3,,,,,7000,poisson
3299,1939.8936977386475,2.1240078097304615e-06,3.1576590569114173e-11,ssspring,p5,3,,,,,7000,poisson
3629,2133.1365497112274,2.0025108753194014e-06,3.1747823539609014e-11,ssspring,p5,3,,,,,7000,poisson
3992,2346.7209582328796,1.9393839365208433e-06,3.4380237596291055e-11,ssspring,p5,3,,,,,7000,poisson
4391,2581.7470915317535,2.046983537002615e-06,2.6450721587828877e-11,ssspring,p5,3,,,,,7000,poisson
4831,2841.359619140625,1.8232092235985085e-06,2.4260656847298003e-11,ssspring,p5,3,,,,,7000,poisson
5314,3126.0672273635864,1.7882168245714427e-06,2.4165652792969356e-11,ssspring,p5,3,,,,,7000,poisson
5845,3439.497486591339,1.9394322996451507e-06,2.2765058583262394e-11,ssspring,p5,3,,,,,7000,poisson
6429,3783.7304875850677,1.6257043036678567e-06,1.8895789554543084e-11,ssspring,p5,3,,,,,7000,poisson
7072,4163.041914224625,1.6296763341612695e-06,1.8634731151244057e-11,ssspring,p5,3,,,,,7000,poisson
7779,4576.568044900894,1.8319434874463051e-06,2.947240771371968e-11,ssspring,p5,3,,,,,7000,poisson
8557,5031.129058122635,1.5851424088622048e-06,1.5046307864729045e-11,ssspring,p5,3,,,,,7000,poisson
9413,5535.414251327515,1.39979241622553e-06,1.4127751726284341e-11,ssspring,p5,3,,,,,7000,poisson
10354,6090.9016234874725,1.3071044285971027e-06,1.630011657460193e-11,ssspring,p5,3,,,,,7000,poisson
11389,6696.361713171005,1.347849087748244e-06,1.1081523510031468e-11,ssspring,p5,3,,,,,7000,poisson
11908,7000.191101074219,1.258170169470518e-06,1.3129510021975561e-11,ssspring,p5,3,,,,,7000,poisson
